# Blender 5.1.1
# www.blender.org
mtllib helicopteroCuerpo.mtl
o cuerpo
v 0.048318 -0.017724 0.117349
v 0.042232 0.070044 0.125108
v 0.048318 -0.017724 -0.037314
v 0.045376 0.070414 -0.031849
v -0.000000 -0.027070 -0.037314
v -0.000000 0.079495 -0.037314
v -0.000000 -0.027070 0.117349
v -0.000000 0.078501 0.120011
v 0.035268 0.051941 0.172341
v 0.043162 -0.006784 0.160189
v -0.000000 -0.020321 0.165468
v -0.000000 0.060482 0.167175
v 0.026931 0.026235 0.213987
v 0.031040 -0.000145 0.212311
v -0.000000 -0.009491 0.212311
v -0.000000 0.028069 0.220475
v 0.024034 0.021186 0.232402
v 0.024034 0.002000 0.232402
v -0.000000 0.002000 0.232402
v -0.000000 0.021186 0.232402
v -0.000000 0.044462 -0.098791
v 0.036503 0.044462 -0.098791
v 0.039474 0.000355 -0.093512
v -0.000000 -0.003358 -0.098791
v -0.000000 0.035520 -0.170938
v 0.020370 0.035520 -0.170938
v 0.020370 0.005584 -0.170938
v -0.000000 0.005584 -0.170938
v -0.000000 0.029586 -0.355206
v 0.003724 0.029586 -0.359014
v 0.015919 0.012125 -0.354447
v -0.000000 0.012125 -0.354447
v -0.000000 0.026475 -0.445099
v 0.002289 0.026475 -0.424422
v 0.006365 0.015619 -0.437686
v -0.000000 0.015619 -0.447195
v -0.000000 0.028979 -0.354447
v 0.015919 0.028979 -0.354447
v -0.000000 0.025485 -0.447195
v 0.006365 0.025485 -0.437686
v -0.000000 0.131035 -0.459811
v -0.000000 0.132297 -0.413959
v 0.002311 0.132297 -0.417767
v 0.001729 0.131035 -0.439134
v 0.003456 0.049101 -0.370177
v -0.000000 0.046342 -0.447894
v 0.002182 0.046342 -0.427217
v -0.000000 0.049101 -0.366369
v -0.000000 0.054811 -0.449086
v 0.003341 0.057420 -0.374936
v 0.002137 0.054811 -0.428409
v -0.000000 0.057420 -0.371128
v 0.010894 0.013963 -0.398231
v 0.010894 0.027141 -0.398231
v -0.000000 0.013963 -0.398231
v 0.002969 0.027950 -0.397993
v -0.000000 0.131633 -0.433581
v 0.002005 0.131633 -0.433581
v 0.002786 0.047649 -0.404755
v 0.002708 0.056048 -0.407638
v 0.021478 0.052019 -0.459972
v 0.021496 0.048618 -0.459494
v -0.000000 0.048618 -0.450459
v -0.000000 0.052019 -0.450938
v 0.073288 0.053286 -0.437185
v 0.073315 0.048323 -0.436486
v 0.073669 0.049089 -0.418227
v 0.073623 0.054010 -0.419916
v 0.072950 0.051718 -0.452319
v 0.072962 0.049465 -0.452002
v 0.059282 0.012932 -0.037314
v 0.059282 0.012932 0.117349
v 0.050295 0.003854 0.160342
v 0.036018 0.009864 0.212311
v 0.024034 0.010806 0.237368
v -0.000000 0.010806 0.237368
v 0.044053 0.005279 -0.093811
v 0.020370 0.019325 -0.170938
v 0.015919 0.019861 -0.354447
v 0.006365 0.020148 -0.437686
v -0.000000 0.020148 -0.447195
v 0.010894 0.020012 -0.398231
v 0.035175 0.053979 0.167927
v -0.000000 0.062521 0.162788
v 0.028595 0.025125 0.215294
v -0.000000 0.027047 0.222156
v 0.045376 0.070414 0.122815
v -0.000000 0.079495 0.117349
v 0.037461 0.052439 0.170933
v -0.000000 0.061520 0.165468
v 0.057983 0.015405 0.120404
v 0.045776 0.066589 0.125304
v 0.038599 0.050639 0.167848
v 0.051153 0.011379 0.163015
v 0.049397 0.011172 0.168563
v 0.038028 0.048016 0.173200
v 0.030063 0.023927 0.212182
v 0.035973 0.012576 0.210062
v -0.000000 0.075469 0.118835
v -0.000000 0.059490 0.161612
v -0.000000 0.057726 0.165446
v -0.000000 0.025312 0.218745
v 0.034786 0.049185 0.170611
v 0.026449 0.023479 0.212257
v 0.041733 0.067012 0.123932
v 0.034676 0.050948 0.166751
v 0.042657 0.065810 0.124608
v 0.054864 0.014626 0.119708
v 0.048034 0.010600 0.162319
v 0.035479 0.049860 0.167152
v 0.035050 0.047096 0.172149
v 0.046419 0.010252 0.167512
v 0.032995 0.011655 0.209011
v 0.027085 0.023007 0.211131
v 0.050090 -0.012768 0.036718
v 0.045376 0.070414 0.042184
v -0.000000 0.079495 0.036718
v -0.000000 -0.027070 0.036718
v 0.057509 0.007975 0.036718
v 0.048318 -0.017724 0.036718
v 0.050338 -0.012856 -0.036976
v 0.051367 0.008333 0.165468
v 0.040403 -0.010975 0.165468
v 0.050288 -0.012838 0.117190
v 0.044847 0.009973 -0.098791
v 0.036503 -0.003358 -0.098791
v 0.057412 0.008010 -0.036967
v 0.057396 0.008016 0.116954
v 0.059282 0.012932 0.036718
v 0.065520 0.008315 -0.029474
v 0.059181 -0.018194 -0.029483
v 0.065505 0.008320 0.108439
v 0.059137 -0.018178 0.108651
v 0.065607 0.008283 0.036548
v 0.058960 -0.018115 0.036548
v 0.059143 0.004591 0.147315
v 0.052752 -0.012753 0.147178
v 0.053550 0.005868 -0.080406
v 0.049448 -0.006357 -0.080139
v 0.076448 -0.004813 -0.002008
v 0.072406 -0.016584 -0.002012
v 0.076433 -0.004808 0.081611
v 0.072390 -0.016578 0.081710
v 0.077316 -0.002497 0.036309
v 0.071460 -0.018871 0.036309
v 0.071621 -0.005750 0.133895
v 0.065991 -0.014148 0.133775
v 0.066694 -0.004626 -0.066727
v 0.063080 -0.008513 -0.066492
v 0.077239 -0.002470 -0.021856
v 0.071655 -0.018941 -0.021863
v 0.077227 -0.002465 0.099646
v 0.071616 -0.018927 0.099832
v 0.072274 -0.016537 0.036309
v 0.076502 -0.004832 0.036309
v 0.128675 -0.035269 0.037442
v 0.126464 -0.041390 0.037442
v 0.128647 -0.035258 0.017402
v 0.126533 -0.041415 0.017401
v 0.128639 -0.035256 0.061135
v 0.126525 -0.041412 0.061187
v 0.050973 0.047277 -0.034049
v 0.050973 0.047277 0.039984
v 0.056580 0.068048 -0.029939
v 0.056966 0.067750 0.039474
v 0.060215 0.053022 -0.031368
v 0.060455 0.053329 0.038103
v 0.077298 0.068351 -0.029939
v 0.077058 0.068044 0.039474
v 0.080933 0.053324 -0.031368
v 0.080547 0.053622 0.038103
v 0.087947 0.067645 -0.021132
v 0.087947 0.067645 0.030811
v 0.091874 0.051412 -0.022676
v 0.091874 0.051412 0.029267
v 0.052324 0.071336 0.039821
v 0.057574 0.049634 0.037757
v 0.079939 0.071739 0.039821
v 0.085189 0.050037 0.037757
v 0.056966 0.067750 0.022900
v 0.060455 0.053329 0.021529
v 0.077058 0.068044 0.022900
v 0.080547 0.053622 0.021529
v 0.052324 0.071336 -0.029622
v 0.057574 0.049634 -0.031685
v 0.079939 0.071739 -0.029622
v 0.085189 0.050037 -0.031685
v 0.056616 0.065574 -0.003822
v 0.060251 0.050547 -0.005251
v 0.077334 0.065876 -0.003822
v 0.080969 0.050850 -0.005251
v 0.079650 -0.023611 0.015581
v 0.079672 -0.023430 0.075903
v 0.083194 -0.025247 0.015581
v 0.083318 -0.025114 0.075903
v 0.085099 -0.028655 0.015581
v 0.085278 -0.028619 0.075903
v 0.084638 -0.032531 0.015581
v 0.084804 -0.032607 0.075903
v 0.081987 -0.035396 0.015581
v 0.082076 -0.035555 0.075903
v 0.078158 -0.036155 0.015581
v 0.078136 -0.036336 0.075903
v 0.074614 -0.034518 0.015581
v 0.074490 -0.034652 0.075903
v 0.072708 -0.031111 0.015581
v 0.072529 -0.031147 0.075903
v 0.073170 -0.027235 0.015581
v 0.073004 -0.027158 0.075903
v 0.075821 -0.024370 0.015581
v 0.075732 -0.024211 0.075903
v 0.080067 -0.020110 0.015581
v 0.085589 -0.022660 0.015581
v 0.088558 -0.027969 0.015581
v 0.087840 -0.034009 0.015581
v 0.083708 -0.038473 0.015581
v 0.077741 -0.039656 0.015581
v 0.072218 -0.037106 0.015581
v 0.069250 -0.031797 0.015581
v 0.069968 -0.025757 0.015581
v 0.074100 -0.021292 0.015581
v 0.079650 -0.023611 0.021220
v 0.083194 -0.025247 0.021220
v 0.085099 -0.028655 0.021220
v 0.084638 -0.032531 0.021220
v 0.081987 -0.035396 0.021220
v 0.078158 -0.036155 0.021220
v 0.074614 -0.034518 0.021220
v 0.072708 -0.031111 0.021220
v 0.073170 -0.027235 0.021220
v 0.075821 -0.024370 0.021220
v 0.085589 -0.022660 0.075903
v 0.080067 -0.020110 0.075903
v 0.088558 -0.027969 0.075903
v 0.087840 -0.034009 0.075903
v 0.083708 -0.038473 0.075903
v 0.077741 -0.039656 0.075903
v 0.072218 -0.037106 0.075903
v 0.069250 -0.031797 0.075903
v 0.069968 -0.025757 0.075903
v 0.074100 -0.021292 0.075903
v 0.083318 -0.025114 0.066855
v 0.079672 -0.023430 0.066855
v 0.085278 -0.028619 0.066855
v 0.084804 -0.032607 0.066855
v 0.082076 -0.035555 0.066855
v 0.078136 -0.036336 0.066855
v 0.074490 -0.034652 0.066855
v 0.072529 -0.031147 0.066855
v 0.073004 -0.027158 0.066855
v 0.075732 -0.024211 0.066855
v 0.102252 -0.034137 0.015581
v 0.102274 -0.033955 0.075903
v 0.105796 -0.035773 0.015581
v 0.105920 -0.035639 0.075903
v 0.107701 -0.039180 0.015581
v 0.107880 -0.039145 0.075903
v 0.107240 -0.043057 0.015581
v 0.107406 -0.043133 0.075903
v 0.104588 -0.045921 0.015581
v 0.104678 -0.046081 0.075903
v 0.100759 -0.046680 0.015581
v 0.100738 -0.046862 0.075903
v 0.097215 -0.045044 0.015581
v 0.097091 -0.045178 0.075903
v 0.095310 -0.041637 0.015581
v 0.095131 -0.041672 0.075903
v 0.095771 -0.037761 0.015581
v 0.095606 -0.037684 0.075903
v 0.098423 -0.034896 0.015581
v 0.098334 -0.034737 0.075903
v 0.102669 -0.030635 0.015581
v 0.108191 -0.033185 0.015581
v 0.111160 -0.038494 0.015581
v 0.110441 -0.044535 0.015581
v 0.106310 -0.048999 0.015581
v 0.100343 -0.050182 0.015581
v 0.094820 -0.047632 0.015581
v 0.091851 -0.042323 0.015581
v 0.092570 -0.036282 0.015581
v 0.096702 -0.031818 0.015581
v 0.102252 -0.034137 0.021220
v 0.105796 -0.035773 0.021220
v 0.107701 -0.039180 0.021220
v 0.107240 -0.043057 0.021220
v 0.104588 -0.045921 0.021220
v 0.100759 -0.046680 0.021220
v 0.097215 -0.045044 0.021220
v 0.095310 -0.041637 0.021220
v 0.095771 -0.037761 0.021220
v 0.098423 -0.034896 0.021220
v 0.108191 -0.033185 0.075903
v 0.102669 -0.030635 0.075903
v 0.111160 -0.038494 0.075903
v 0.110441 -0.044535 0.075903
v 0.106310 -0.048999 0.075903
v 0.100343 -0.050182 0.075903
v 0.094820 -0.047632 0.075903
v 0.091851 -0.042323 0.075903
v 0.092570 -0.036282 0.075903
v 0.096702 -0.031818 0.075903
v 0.105920 -0.035639 0.066855
v 0.102274 -0.033955 0.066855
v 0.107880 -0.039145 0.066855
v 0.107406 -0.043133 0.066855
v 0.104678 -0.046081 0.066855
v 0.100738 -0.046862 0.066855
v 0.097091 -0.045178 0.066855
v 0.095131 -0.041672 0.066855
v 0.095606 -0.037684 0.066855
v 0.098334 -0.034737 0.066855
v -0.048318 -0.017724 0.117349
v -0.042232 0.070044 0.125108
v -0.048318 -0.017724 -0.037314
v -0.045376 0.070414 -0.031849
v -0.035268 0.051941 0.172341
v -0.043162 -0.006784 0.160189
v -0.026931 0.026235 0.213987
v -0.031040 -0.000145 0.212311
v -0.024034 0.021186 0.232402
v -0.024034 0.002000 0.232402
v -0.036503 0.044462 -0.098791
v -0.039474 0.000355 -0.093512
v -0.020370 0.035520 -0.170938
v -0.020370 0.005584 -0.170938
v -0.003724 0.029586 -0.359014
v -0.015919 0.012125 -0.354447
v -0.002289 0.026475 -0.424422
v -0.006365 0.015619 -0.437686
v -0.015919 0.028979 -0.354447
v -0.006365 0.025485 -0.437686
v -0.002311 0.132297 -0.417767
v -0.001729 0.131035 -0.439134
v -0.003456 0.049101 -0.370177
v -0.002182 0.046342 -0.427217
v -0.003341 0.057420 -0.374936
v -0.002137 0.054811 -0.428409
v -0.010894 0.013963 -0.398231
v -0.010894 0.027141 -0.398231
v -0.002969 0.027950 -0.397993
v -0.002005 0.131633 -0.433581
v -0.002786 0.047649 -0.404755
v -0.002708 0.056048 -0.407638
v -0.021478 0.052019 -0.459972
v -0.021496 0.048618 -0.459494
v -0.073288 0.053286 -0.437185
v -0.073315 0.048323 -0.436486
v -0.073669 0.049089 -0.418227
v -0.073623 0.054010 -0.419916
v -0.072950 0.051718 -0.452319
v -0.072962 0.049465 -0.452002
v -0.059282 0.012932 -0.037314
v -0.059282 0.012932 0.117349
v -0.050295 0.003854 0.160342
v -0.036018 0.009864 0.212311
v -0.024034 0.010806 0.237368
v -0.044053 0.005279 -0.093811
v -0.020370 0.019325 -0.170938
v -0.015919 0.019861 -0.354447
v -0.006365 0.020148 -0.437686
v -0.010894 0.020012 -0.398231
v -0.035175 0.053979 0.167927
v -0.028595 0.025125 0.215294
v -0.045376 0.070414 0.122815
v -0.037461 0.052439 0.170933
v -0.057983 0.015405 0.120404
v -0.045776 0.066589 0.125304
v -0.038599 0.050639 0.167848
v -0.051153 0.011379 0.163015
v -0.049397 0.011172 0.168563
v -0.038028 0.048016 0.173200
v -0.030063 0.023927 0.212182
v -0.035973 0.012576 0.210062
v -0.034786 0.049185 0.170611
v -0.026449 0.023479 0.212257
v -0.041733 0.067012 0.123932
v -0.034676 0.050948 0.166751
v -0.042657 0.065810 0.124608
v -0.054864 0.014626 0.119708
v -0.048034 0.010600 0.162319
v -0.035479 0.049860 0.167152
v -0.035050 0.047096 0.172149
v -0.046419 0.010252 0.167512
v -0.032995 0.011655 0.209011
v -0.027085 0.023007 0.211131
v -0.050090 -0.012768 0.036718
v -0.045376 0.070414 0.042184
v -0.057509 0.007975 0.036718
v -0.048318 -0.017724 0.036718
v -0.050338 -0.012856 -0.036976
v -0.051367 0.008333 0.165468
v -0.040403 -0.010975 0.165468
v -0.050288 -0.012838 0.117190
v -0.044847 0.009973 -0.098791
v -0.036503 -0.003358 -0.098791
v -0.057412 0.008010 -0.036967
v -0.057396 0.008016 0.116954
v -0.059282 0.012932 0.036718
v -0.065520 0.008315 -0.029474
v -0.059181 -0.018194 -0.029483
v -0.065505 0.008320 0.108439
v -0.059137 -0.018178 0.108651
v -0.065607 0.008283 0.036548
v -0.058960 -0.018115 0.036548
v -0.059143 0.004591 0.147315
v -0.052752 -0.012753 0.147178
v -0.053550 0.005868 -0.080406
v -0.049448 -0.006357 -0.080139
v -0.076448 -0.004813 -0.002008
v -0.072406 -0.016584 -0.002012
v -0.076433 -0.004808 0.081611
v -0.072390 -0.016578 0.081710
v -0.077316 -0.002497 0.036309
v -0.071460 -0.018871 0.036309
v -0.071621 -0.005750 0.133895
v -0.065991 -0.014148 0.133775
v -0.066694 -0.004626 -0.066727
v -0.063080 -0.008513 -0.066492
v -0.077239 -0.002470 -0.021856
v -0.071655 -0.018941 -0.021863
v -0.077227 -0.002465 0.099646
v -0.071616 -0.018927 0.099832
v -0.072274 -0.016537 0.036309
v -0.076502 -0.004832 0.036309
v -0.128675 -0.035269 0.037442
v -0.126464 -0.041390 0.037442
v -0.128647 -0.035258 0.017402
v -0.126533 -0.041415 0.017401
v -0.128639 -0.035256 0.061135
v -0.126525 -0.041412 0.061187
v -0.050973 0.047277 -0.034049
v -0.050973 0.047277 0.039984
v -0.056580 0.068048 -0.029939
v -0.056966 0.067750 0.039474
v -0.060215 0.053022 -0.031368
v -0.060455 0.053329 0.038103
v -0.077298 0.068351 -0.029939
v -0.077058 0.068044 0.039474
v -0.080933 0.053324 -0.031368
v -0.080547 0.053622 0.038103
v -0.087947 0.067645 -0.021132
v -0.087947 0.067645 0.030811
v -0.091874 0.051412 -0.022676
v -0.091874 0.051412 0.029267
v -0.052324 0.071336 0.039821
v -0.057574 0.049634 0.037757
v -0.079939 0.071739 0.039821
v -0.085189 0.050037 0.037757
v -0.056966 0.067750 0.022900
v -0.060455 0.053329 0.021529
v -0.077058 0.068044 0.022900
v -0.080547 0.053622 0.021529
v -0.052324 0.071336 -0.029622
v -0.057574 0.049634 -0.031685
v -0.079939 0.071739 -0.029622
v -0.085189 0.050037 -0.031685
v -0.056616 0.065574 -0.003822
v -0.060251 0.050547 -0.005251
v -0.077334 0.065876 -0.003822
v -0.080969 0.050850 -0.005251
v -0.079650 -0.023611 0.015581
v -0.079672 -0.023430 0.075903
v -0.083194 -0.025247 0.015581
v -0.083318 -0.025114 0.075903
v -0.085100 -0.028655 0.015581
v -0.085278 -0.028619 0.075903
v -0.084638 -0.032531 0.015581
v -0.084804 -0.032607 0.075903
v -0.081987 -0.035396 0.015581
v -0.082076 -0.035555 0.075903
v -0.078158 -0.036155 0.015581
v -0.078136 -0.036336 0.075903
v -0.074614 -0.034518 0.015581
v -0.074490 -0.034652 0.075903
v -0.072708 -0.031111 0.015581
v -0.072529 -0.031147 0.075903
v -0.073170 -0.027235 0.015581
v -0.073004 -0.027158 0.075903
v -0.075821 -0.024370 0.015581
v -0.075732 -0.024211 0.075903
v -0.080067 -0.020110 0.015581
v -0.085589 -0.022660 0.015581
v -0.088558 -0.027969 0.015581
v -0.087840 -0.034009 0.015581
v -0.083708 -0.038473 0.015581
v -0.077741 -0.039656 0.015581
v -0.072218 -0.037106 0.015581
v -0.069250 -0.031797 0.015581
v -0.069968 -0.025757 0.015581
v -0.074100 -0.021292 0.015581
v -0.079650 -0.023611 0.021220
v -0.083194 -0.025247 0.021220
v -0.085100 -0.028655 0.021220
v -0.084638 -0.032531 0.021220
v -0.081987 -0.035396 0.021220
v -0.078158 -0.036155 0.021220
v -0.074614 -0.034518 0.021220
v -0.072708 -0.031111 0.021220
v -0.073170 -0.027235 0.021220
v -0.075821 -0.024370 0.021220
v -0.085589 -0.022660 0.075903
v -0.080067 -0.020110 0.075903
v -0.088558 -0.027969 0.075903
v -0.087840 -0.034009 0.075903
v -0.083708 -0.038473 0.075903
v -0.077741 -0.039656 0.075903
v -0.072218 -0.037106 0.075903
v -0.069250 -0.031797 0.075903
v -0.069968 -0.025757 0.075903
v -0.074100 -0.021292 0.075903
v -0.083318 -0.025114 0.066855
v -0.079672 -0.023430 0.066855
v -0.085278 -0.028619 0.066855
v -0.084804 -0.032607 0.066855
v -0.082076 -0.035555 0.066855
v -0.078136 -0.036336 0.066855
v -0.074490 -0.034652 0.066855
v -0.072529 -0.031147 0.066855
v -0.073004 -0.027158 0.066855
v -0.075732 -0.024211 0.066855
v -0.102252 -0.034137 0.015581
v -0.102274 -0.033955 0.075903
v -0.105796 -0.035773 0.015581
v -0.105920 -0.035639 0.075903
v -0.107701 -0.039180 0.015581
v -0.107880 -0.039145 0.075903
v -0.107240 -0.043057 0.015581
v -0.107406 -0.043133 0.075903
v -0.104588 -0.045921 0.015581
v -0.104678 -0.046081 0.075903
v -0.100759 -0.046680 0.015581
v -0.100738 -0.046862 0.075903
v -0.097215 -0.045044 0.015581
v -0.097091 -0.045178 0.075903
v -0.095310 -0.041637 0.015581
v -0.095131 -0.041672 0.075903
v -0.095771 -0.037761 0.015581
v -0.095606 -0.037684 0.075903
v -0.098423 -0.034896 0.015581
v -0.098334 -0.034737 0.075903
v -0.102669 -0.030635 0.015581
v -0.108191 -0.033185 0.015581
v -0.111160 -0.038494 0.015581
v -0.110441 -0.044535 0.015581
v -0.106310 -0.048999 0.015581
v -0.100343 -0.050182 0.015581
v -0.094820 -0.047632 0.015581
v -0.091851 -0.042323 0.015581
v -0.092570 -0.036282 0.015581
v -0.096702 -0.031818 0.015581
v -0.102252 -0.034137 0.021220
v -0.105796 -0.035773 0.021220
v -0.107701 -0.039180 0.021220
v -0.107240 -0.043057 0.021220
v -0.104588 -0.045921 0.021220
v -0.100759 -0.046680 0.021220
v -0.097215 -0.045044 0.021220
v -0.095310 -0.041637 0.021220
v -0.095771 -0.037761 0.021220
v -0.098423 -0.034896 0.021220
v -0.108191 -0.033185 0.075903
v -0.102669 -0.030635 0.075903
v -0.111160 -0.038494 0.075903
v -0.110441 -0.044535 0.075903
v -0.106310 -0.048999 0.075903
v -0.100343 -0.050182 0.075903
v -0.094820 -0.047632 0.075903
v -0.091851 -0.042323 0.075903
v -0.092570 -0.036282 0.075903
v -0.096702 -0.031818 0.075903
v -0.105920 -0.035639 0.066855
v -0.102274 -0.033955 0.066855
v -0.107880 -0.039145 0.066855
v -0.107406 -0.043133 0.066855
v -0.104678 -0.046081 0.066855
v -0.100738 -0.046862 0.066855
v -0.097091 -0.045178 0.066855
v -0.095131 -0.041672 0.066855
v -0.095606 -0.037684 0.066855
v -0.098334 -0.034737 0.066855
v -0.048318 -0.017724 0.117349
v -0.042232 0.070044 0.125108
v -0.048318 -0.017724 -0.037314
v -0.045376 0.070414 -0.031849
v -0.035268 0.051941 0.172341
v -0.043162 -0.006784 0.160189
v -0.026931 0.026235 0.213987
v -0.031040 -0.000145 0.212311
v -0.024034 0.021186 0.232402
v -0.024034 0.002000 0.232402
v -0.036503 0.044462 -0.098791
v -0.039474 0.000355 -0.093512
v -0.020370 0.035520 -0.170938
v -0.020370 0.005584 -0.170938
v -0.003724 0.029586 -0.359014
v -0.015919 0.012125 -0.354447
v -0.002289 0.026475 -0.424422
v -0.006365 0.015619 -0.437686
v -0.015919 0.028979 -0.354447
v -0.006365 0.025485 -0.437686
v -0.002311 0.132297 -0.417767
v -0.001729 0.131035 -0.439134
v -0.003456 0.049101 -0.370177
v -0.002182 0.046342 -0.427217
v -0.003341 0.057420 -0.374936
v -0.002137 0.054811 -0.428409
v -0.010894 0.013963 -0.398231
v -0.010894 0.027141 -0.398231
v -0.002969 0.027950 -0.397993
v -0.002005 0.131633 -0.433581
v -0.002786 0.047649 -0.404755
v -0.002708 0.056048 -0.407638
v -0.021478 0.052019 -0.459972
v -0.021496 0.048618 -0.459494
v -0.073288 0.053286 -0.437185
v -0.073315 0.048323 -0.436486
v -0.073669 0.049089 -0.418227
v -0.073623 0.054010 -0.419916
v -0.072950 0.051718 -0.452319
v -0.072962 0.049465 -0.452002
v -0.059282 0.012932 -0.037314
v -0.059282 0.012932 0.117349
v -0.050295 0.003854 0.160342
v -0.036018 0.009864 0.212311
v -0.024034 0.010806 0.237368
v -0.044053 0.005279 -0.093811
v -0.020370 0.019325 -0.170938
v -0.015919 0.019861 -0.354447
v -0.006365 0.020148 -0.437686
v -0.010894 0.020012 -0.398231
v -0.035175 0.053979 0.167927
v -0.028595 0.025125 0.215294
v -0.045376 0.070414 0.122815
v -0.037461 0.052439 0.170933
v -0.057983 0.015405 0.120404
v -0.045776 0.066589 0.125304
v -0.038599 0.050639 0.167848
v -0.051153 0.011379 0.163015
v -0.049397 0.011172 0.168563
v -0.038028 0.048016 0.173200
v -0.030063 0.023927 0.212182
v -0.035973 0.012576 0.210062
v -0.034786 0.049185 0.170611
v -0.026449 0.023479 0.212257
v -0.041733 0.067012 0.123932
v -0.034676 0.050948 0.166751
v -0.042657 0.065810 0.124608
v -0.054864 0.014626 0.119708
v -0.048034 0.010600 0.162319
v -0.035479 0.049860 0.167152
v -0.035050 0.047096 0.172149
v -0.046419 0.010252 0.167512
v -0.032995 0.011655 0.209011
v -0.027085 0.023007 0.211131
v -0.050090 -0.012768 0.036718
v -0.045376 0.070414 0.042184
v -0.057509 0.007975 0.036718
v -0.048318 -0.017724 0.036718
v -0.050338 -0.012856 -0.036976
v -0.051367 0.008333 0.165468
v -0.040403 -0.010975 0.165468
v -0.050288 -0.012838 0.117190
v -0.044847 0.009973 -0.098791
v -0.036503 -0.003358 -0.098791
v -0.057412 0.008010 -0.036967
v -0.057396 0.008016 0.116954
v -0.059282 0.012932 0.036718
v -0.065520 0.008315 -0.029474
v -0.059181 -0.018194 -0.029483
v -0.065505 0.008320 0.108439
v -0.059137 -0.018178 0.108651
v -0.065607 0.008283 0.036548
v -0.058960 -0.018115 0.036548
v -0.059143 0.004591 0.147315
v -0.052752 -0.012753 0.147178
v -0.053550 0.005868 -0.080406
v -0.049448 -0.006357 -0.080139
v -0.076448 -0.004813 -0.002008
v -0.072406 -0.016584 -0.002012
v -0.076433 -0.004808 0.081611
v -0.072390 -0.016578 0.081710
v -0.077316 -0.002497 0.036309
v -0.071460 -0.018871 0.036309
v -0.071621 -0.005750 0.133895
v -0.065991 -0.014148 0.133775
v -0.066694 -0.004626 -0.066727
v -0.063080 -0.008513 -0.066492
v -0.077239 -0.002470 -0.021856
v -0.071655 -0.018941 -0.021863
v -0.077227 -0.002465 0.099646
v -0.071616 -0.018927 0.099832
v -0.072274 -0.016537 0.036309
v -0.076502 -0.004832 0.036309
v -0.128675 -0.035269 0.037442
v -0.126464 -0.041390 0.037442
v -0.128647 -0.035258 0.017402
v -0.126533 -0.041415 0.017401
v -0.128639 -0.035256 0.061135
v -0.126525 -0.041412 0.061187
v -0.050973 0.047277 -0.034049
v -0.050973 0.047277 0.039984
v -0.056580 0.068048 -0.029939
v -0.056966 0.067750 0.039474
v -0.060215 0.053022 -0.031368
v -0.060455 0.053329 0.038103
v -0.077298 0.068351 -0.029939
v -0.077058 0.068044 0.039474
v -0.080933 0.053324 -0.031368
v -0.080547 0.053622 0.038103
v -0.087947 0.067645 -0.021132
v -0.087947 0.067645 0.030811
v -0.091874 0.051412 -0.022676
v -0.091874 0.051412 0.029267
v -0.052324 0.071336 0.039821
v -0.057574 0.049634 0.037757
v -0.079939 0.071739 0.039821
v -0.085189 0.050037 0.037757
v -0.056966 0.067750 0.022900
v -0.060455 0.053329 0.021529
v -0.077058 0.068044 0.022900
v -0.080547 0.053622 0.021529
v -0.052324 0.071336 -0.029622
v -0.057574 0.049634 -0.031685
v -0.079939 0.071739 -0.029622
v -0.085189 0.050037 -0.031685
v -0.056616 0.065574 -0.003822
v -0.060251 0.050547 -0.005251
v -0.077334 0.065876 -0.003822
v -0.080969 0.050850 -0.005251
v -0.079650 -0.023611 0.015581
v -0.079672 -0.023430 0.075903
v -0.083194 -0.025247 0.015581
v -0.083318 -0.025114 0.075903
v -0.085100 -0.028655 0.015581
v -0.085278 -0.028619 0.075903
v -0.084638 -0.032531 0.015581
v -0.084804 -0.032607 0.075903
v -0.081987 -0.035396 0.015581
v -0.082076 -0.035555 0.075903
v -0.078158 -0.036155 0.015581
v -0.078136 -0.036336 0.075903
v -0.074614 -0.034518 0.015581
v -0.074490 -0.034652 0.075903
v -0.072708 -0.031111 0.015581
v -0.072529 -0.031147 0.075903
v -0.073170 -0.027235 0.015581
v -0.073004 -0.027158 0.075903
v -0.075821 -0.024370 0.015581
v -0.075732 -0.024211 0.075903
v -0.080067 -0.020110 0.015581
v -0.085589 -0.022660 0.015581
v -0.088558 -0.027969 0.015581
v -0.087840 -0.034009 0.015581
v -0.083708 -0.038473 0.015581
v -0.077741 -0.039656 0.015581
v -0.072218 -0.037106 0.015581
v -0.069250 -0.031797 0.015581
v -0.069968 -0.025757 0.015581
v -0.074100 -0.021292 0.015581
v -0.079650 -0.023611 0.021220
v -0.083194 -0.025247 0.021220
v -0.085100 -0.028655 0.021220
v -0.084638 -0.032531 0.021220
v -0.081987 -0.035396 0.021220
v -0.078158 -0.036155 0.021220
v -0.074614 -0.034518 0.021220
v -0.072708 -0.031111 0.021220
v -0.073170 -0.027235 0.021220
v -0.075821 -0.024370 0.021220
v -0.085589 -0.022660 0.075903
v -0.080067 -0.020110 0.075903
v -0.088558 -0.027969 0.075903
v -0.087840 -0.034009 0.075903
v -0.083708 -0.038473 0.075903
v -0.077741 -0.039656 0.075903
v -0.072218 -0.037106 0.075903
v -0.069250 -0.031797 0.075903
v -0.069968 -0.025757 0.075903
v -0.074100 -0.021292 0.075903
v -0.083318 -0.025114 0.066855
v -0.079672 -0.023430 0.066855
v -0.085278 -0.028619 0.066855
v -0.084804 -0.032607 0.066855
v -0.082076 -0.035555 0.066855
v -0.078136 -0.036336 0.066855
v -0.074490 -0.034652 0.066855
v -0.072529 -0.031147 0.066855
v -0.073004 -0.027158 0.066855
v -0.075732 -0.024211 0.066855
v -0.102252 -0.034137 0.015581
v -0.102274 -0.033955 0.075903
v -0.105796 -0.035773 0.015581
v -0.105920 -0.035639 0.075903
v -0.107701 -0.039180 0.015581
v -0.107880 -0.039145 0.075903
v -0.107240 -0.043057 0.015581
v -0.107406 -0.043133 0.075903
v -0.104588 -0.045921 0.015581
v -0.104678 -0.046081 0.075903
v -0.100759 -0.046680 0.015581
v -0.100738 -0.046862 0.075903
v -0.097215 -0.045044 0.015581
v -0.097091 -0.045178 0.075903
v -0.095310 -0.041637 0.015581
v -0.095131 -0.041672 0.075903
v -0.095771 -0.037761 0.015581
v -0.095606 -0.037684 0.075903
v -0.098423 -0.034896 0.015581
v -0.098334 -0.034737 0.075903
v -0.102669 -0.030635 0.015581
v -0.108191 -0.033185 0.015581
v -0.111160 -0.038494 0.015581
v -0.110441 -0.044535 0.015581
v -0.106310 -0.048999 0.015581
v -0.100343 -0.050182 0.015581
v -0.094820 -0.047632 0.015581
v -0.091851 -0.042323 0.015581
v -0.092570 -0.036282 0.015581
v -0.096702 -0.031818 0.015581
v -0.102252 -0.034137 0.021220
v -0.105796 -0.035773 0.021220
v -0.107701 -0.039180 0.021220
v -0.107240 -0.043057 0.021220
v -0.104588 -0.045921 0.021220
v -0.100759 -0.046680 0.021220
v -0.097215 -0.045044 0.021220
v -0.095310 -0.041637 0.021220
v -0.095771 -0.037761 0.021220
v -0.098423 -0.034896 0.021220
v -0.108191 -0.033185 0.075903
v -0.102669 -0.030635 0.075903
v -0.111160 -0.038494 0.075903
v -0.110441 -0.044535 0.075903
v -0.106310 -0.048999 0.075903
v -0.100343 -0.050182 0.075903
v -0.094820 -0.047632 0.075903
v -0.091851 -0.042323 0.075903
v -0.092570 -0.036282 0.075903
v -0.096702 -0.031818 0.075903
v -0.105920 -0.035639 0.066855
v -0.102274 -0.033955 0.066855
v -0.107880 -0.039145 0.066855
v -0.107406 -0.043133 0.066855
v -0.104678 -0.046081 0.066855
v -0.100738 -0.046862 0.066855
v -0.097091 -0.045178 0.066855
v -0.095131 -0.041672 0.066855
v -0.095606 -0.037684 0.066855
v -0.098334 -0.034737 0.066855
v 0.048318 -0.017724 0.117349
v 0.042232 0.070044 0.125108
v 0.048318 -0.017724 -0.037314
v 0.045376 0.070414 -0.031849
v 0.035268 0.051941 0.172341
v 0.043162 -0.006784 0.160189
v 0.026931 0.026235 0.213987
v 0.031040 -0.000145 0.212311
v 0.024034 0.021186 0.232402
v 0.024034 0.002000 0.232402
v 0.036503 0.044462 -0.098791
v 0.039474 0.000355 -0.093512
v 0.020370 0.035520 -0.170938
v 0.020370 0.005584 -0.170938
v 0.003724 0.029586 -0.359014
v 0.015919 0.012125 -0.354447
v 0.002289 0.026475 -0.424422
v 0.006365 0.015619 -0.437686
v 0.015919 0.028979 -0.354447
v 0.006365 0.025485 -0.437686
v 0.002311 0.132297 -0.417767
v 0.001729 0.131035 -0.439134
v 0.003456 0.049101 -0.370177
v 0.002182 0.046342 -0.427217
v 0.003341 0.057420 -0.374936
v 0.002137 0.054811 -0.428409
v 0.010894 0.013963 -0.398231
v 0.010894 0.027141 -0.398231
v 0.002969 0.027950 -0.397993
v 0.002005 0.131633 -0.433581
v 0.002786 0.047649 -0.404755
v 0.002708 0.056048 -0.407638
v 0.021478 0.052019 -0.459972
v 0.021496 0.048618 -0.459494
v 0.073288 0.053286 -0.437185
v 0.073315 0.048323 -0.436486
v 0.073669 0.049089 -0.418227
v 0.073623 0.054010 -0.419916
v 0.072950 0.051718 -0.452319
v 0.072962 0.049465 -0.452002
v 0.059282 0.012932 -0.037314
v 0.059282 0.012932 0.117349
v 0.050295 0.003854 0.160342
v 0.036018 0.009864 0.212311
v 0.024034 0.010806 0.237368
v 0.044053 0.005279 -0.093811
v 0.020370 0.019325 -0.170938
v 0.015919 0.019861 -0.354447
v 0.006365 0.020148 -0.437686
v 0.010894 0.020012 -0.398231
v 0.035175 0.053979 0.167927
v 0.028595 0.025125 0.215294
v 0.045376 0.070414 0.122815
v 0.037461 0.052439 0.170933
v 0.057983 0.015405 0.120404
v 0.045776 0.066589 0.125304
v 0.038599 0.050639 0.167848
v 0.051153 0.011379 0.163015
v 0.049397 0.011172 0.168563
v 0.038028 0.048016 0.173200
v 0.030063 0.023927 0.212182
v 0.035973 0.012576 0.210062
v 0.034786 0.049185 0.170611
v 0.026449 0.023479 0.212257
v 0.041733 0.067012 0.123932
v 0.034676 0.050948 0.166751
v 0.042657 0.065810 0.124608
v 0.054864 0.014626 0.119708
v 0.048034 0.010600 0.162319
v 0.035479 0.049860 0.167152
v 0.035050 0.047096 0.172149
v 0.046419 0.010252 0.167512
v 0.032995 0.011655 0.209011
v 0.027085 0.023007 0.211131
v 0.050090 -0.012768 0.036718
v 0.045376 0.070414 0.042184
v 0.057509 0.007975 0.036718
v 0.048318 -0.017724 0.036718
v 0.050338 -0.012856 -0.036976
v 0.051367 0.008333 0.165468
v 0.040403 -0.010975 0.165468
v 0.050288 -0.012838 0.117190
v 0.044847 0.009973 -0.098791
v 0.036503 -0.003358 -0.098791
v 0.057412 0.008010 -0.036967
v 0.057396 0.008016 0.116954
v 0.059282 0.012932 0.036718
v 0.065520 0.008315 -0.029474
v 0.059181 -0.018194 -0.029483
v 0.065505 0.008320 0.108439
v 0.059137 -0.018178 0.108651
v 0.065607 0.008283 0.036548
v 0.058960 -0.018115 0.036548
v 0.059143 0.004591 0.147315
v 0.052752 -0.012753 0.147178
v 0.053550 0.005868 -0.080406
v 0.049448 -0.006357 -0.080139
v 0.076448 -0.004813 -0.002008
v 0.072406 -0.016584 -0.002012
v 0.076433 -0.004808 0.081611
v 0.072390 -0.016578 0.081710
v 0.077316 -0.002497 0.036309
v 0.071460 -0.018871 0.036309
v 0.071621 -0.005750 0.133895
v 0.065991 -0.014148 0.133775
v 0.066694 -0.004626 -0.066727
v 0.063080 -0.008513 -0.066492
v 0.077239 -0.002470 -0.021856
v 0.071655 -0.018941 -0.021863
v 0.077227 -0.002465 0.099646
v 0.071616 -0.018927 0.099832
v 0.072274 -0.016537 0.036309
v 0.076502 -0.004832 0.036309
v 0.128675 -0.035269 0.037442
v 0.126464 -0.041390 0.037442
v 0.128647 -0.035258 0.017402
v 0.126533 -0.041415 0.017401
v 0.128639 -0.035256 0.061135
v 0.126525 -0.041412 0.061187
v 0.050973 0.047277 -0.034049
v 0.050973 0.047277 0.039984
v 0.056580 0.068048 -0.029939
v 0.056966 0.067750 0.039474
v 0.060215 0.053022 -0.031368
v 0.060455 0.053329 0.038103
v 0.077298 0.068351 -0.029939
v 0.077058 0.068044 0.039474
v 0.080933 0.053324 -0.031368
v 0.080547 0.053622 0.038103
v 0.087947 0.067645 -0.021132
v 0.087947 0.067645 0.030811
v 0.091874 0.051412 -0.022676
v 0.091874 0.051412 0.029267
v 0.052324 0.071336 0.039821
v 0.057574 0.049634 0.037757
v 0.079939 0.071739 0.039821
v 0.085189 0.050037 0.037757
v 0.056966 0.067750 0.022900
v 0.060455 0.053329 0.021529
v 0.077058 0.068044 0.022900
v 0.080547 0.053622 0.021529
v 0.052324 0.071336 -0.029622
v 0.057574 0.049634 -0.031685
v 0.079939 0.071739 -0.029622
v 0.085189 0.050037 -0.031685
v 0.056616 0.065574 -0.003822
v 0.060251 0.050547 -0.005251
v 0.077334 0.065876 -0.003822
v 0.080969 0.050850 -0.005251
v 0.079650 -0.023611 0.015581
v 0.079672 -0.023430 0.075903
v 0.083194 -0.025247 0.015581
v 0.083318 -0.025114 0.075903
v 0.085099 -0.028655 0.015581
v 0.085278 -0.028619 0.075903
v 0.084638 -0.032531 0.015581
v 0.084804 -0.032607 0.075903
v 0.081987 -0.035396 0.015581
v 0.082076 -0.035555 0.075903
v 0.078158 -0.036155 0.015581
v 0.078136 -0.036336 0.075903
v 0.074614 -0.034518 0.015581
v 0.074490 -0.034652 0.075903
v 0.072708 -0.031111 0.015581
v 0.072529 -0.031147 0.075903
v 0.073170 -0.027235 0.015581
v 0.073004 -0.027158 0.075903
v 0.075821 -0.024370 0.015581
v 0.075732 -0.024211 0.075903
v 0.080067 -0.020110 0.015581
v 0.085589 -0.022660 0.015581
v 0.088558 -0.027969 0.015581
v 0.087840 -0.034009 0.015581
v 0.083708 -0.038473 0.015581
v 0.077741 -0.039656 0.015581
v 0.072218 -0.037106 0.015581
v 0.069250 -0.031797 0.015581
v 0.069968 -0.025757 0.015581
v 0.074100 -0.021292 0.015581
v 0.079650 -0.023611 0.021220
v 0.083194 -0.025247 0.021220
v 0.085099 -0.028655 0.021220
v 0.084638 -0.032531 0.021220
v 0.081987 -0.035396 0.021220
v 0.078158 -0.036155 0.021220
v 0.074614 -0.034518 0.021220
v 0.072708 -0.031111 0.021220
v 0.073170 -0.027235 0.021220
v 0.075821 -0.024370 0.021220
v 0.085589 -0.022660 0.075903
v 0.080067 -0.020110 0.075903
v 0.088558 -0.027969 0.075903
v 0.087840 -0.034009 0.075903
v 0.083708 -0.038473 0.075903
v 0.077741 -0.039656 0.075903
v 0.072218 -0.037106 0.075903
v 0.069250 -0.031797 0.075903
v 0.069968 -0.025757 0.075903
v 0.074100 -0.021292 0.075903
v 0.083318 -0.025114 0.066855
v 0.079672 -0.023430 0.066855
v 0.085278 -0.028619 0.066855
v 0.084804 -0.032607 0.066855
v 0.082076 -0.035555 0.066855
v 0.078136 -0.036336 0.066855
v 0.074490 -0.034652 0.066855
v 0.072529 -0.031147 0.066855
v 0.073004 -0.027158 0.066855
v 0.075732 -0.024211 0.066855
v 0.102252 -0.034137 0.015581
v 0.102274 -0.033955 0.075903
v 0.105796 -0.035773 0.015581
v 0.105920 -0.035639 0.075903
v 0.107701 -0.039180 0.015581
v 0.107880 -0.039145 0.075903
v 0.107240 -0.043057 0.015581
v 0.107406 -0.043133 0.075903
v 0.104588 -0.045921 0.015581
v 0.104678 -0.046081 0.075903
v 0.100759 -0.046680 0.015581
v 0.100738 -0.046862 0.075903
v 0.097215 -0.045044 0.015581
v 0.097091 -0.045178 0.075903
v 0.095310 -0.041637 0.015581
v 0.095131 -0.041672 0.075903
v 0.095771 -0.037761 0.015581
v 0.095606 -0.037684 0.075903
v 0.098423 -0.034896 0.015581
v 0.098334 -0.034737 0.075903
v 0.102669 -0.030635 0.015581
v 0.108191 -0.033185 0.015581
v 0.111160 -0.038494 0.015581
v 0.110441 -0.044535 0.015581
v 0.106310 -0.048999 0.015581
v 0.100343 -0.050182 0.015581
v 0.094820 -0.047632 0.015581
v 0.091851 -0.042323 0.015581
v 0.092570 -0.036282 0.015581
v 0.096702 -0.031818 0.015581
v 0.102252 -0.034137 0.021220
v 0.105796 -0.035773 0.021220
v 0.107701 -0.039180 0.021220
v 0.107240 -0.043057 0.021220
v 0.104588 -0.045921 0.021220
v 0.100759 -0.046680 0.021220
v 0.097215 -0.045044 0.021220
v 0.095310 -0.041637 0.021220
v 0.095771 -0.037761 0.021220
v 0.098423 -0.034896 0.021220
v 0.108191 -0.033185 0.075903
v 0.102669 -0.030635 0.075903
v 0.111160 -0.038494 0.075903
v 0.110441 -0.044535 0.075903
v 0.106310 -0.048999 0.075903
v 0.100343 -0.050182 0.075903
v 0.094820 -0.047632 0.075903
v 0.091851 -0.042323 0.075903
v 0.092570 -0.036282 0.075903
v 0.096702 -0.031818 0.075903
v 0.105920 -0.035639 0.066855
v 0.102274 -0.033955 0.066855
v 0.107880 -0.039145 0.066855
v 0.107406 -0.043133 0.066855
v 0.104678 -0.046081 0.066855
v 0.100738 -0.046862 0.066855
v 0.097091 -0.045178 0.066855
v 0.095131 -0.041672 0.066855
v 0.095606 -0.037684 0.066855
v 0.098334 -0.034737 0.066855
v -0.048318 -0.017724 0.117349
v -0.042232 0.070044 0.125108
v -0.048318 -0.017724 -0.037314
v -0.045376 0.070414 -0.031849
v -0.035268 0.051941 0.172341
v -0.043162 -0.006784 0.160189
v -0.026931 0.026235 0.213987
v -0.031040 -0.000145 0.212311
v -0.024034 0.021186 0.232402
v -0.024034 0.002000 0.232402
v -0.036503 0.044462 -0.098791
v -0.039474 0.000355 -0.093512
v -0.020370 0.035520 -0.170938
v -0.020370 0.005584 -0.170938
v -0.003724 0.029586 -0.359014
v -0.015919 0.012125 -0.354447
v -0.002289 0.026475 -0.424422
v -0.006365 0.015619 -0.437686
v -0.015919 0.028979 -0.354447
v -0.006365 0.025485 -0.437686
v -0.002311 0.132297 -0.417767
v -0.001729 0.131035 -0.439134
v -0.003456 0.049101 -0.370177
v -0.002182 0.046342 -0.427217
v -0.003341 0.057420 -0.374936
v -0.002137 0.054811 -0.428409
v -0.010894 0.013963 -0.398231
v -0.010894 0.027141 -0.398231
v -0.002969 0.027950 -0.397993
v -0.002005 0.131633 -0.433581
v -0.002786 0.047649 -0.404755
v -0.002708 0.056048 -0.407638
v -0.021478 0.052019 -0.459972
v -0.021496 0.048618 -0.459494
v -0.073288 0.053286 -0.437185
v -0.073315 0.048323 -0.436486
v -0.073669 0.049089 -0.418227
v -0.073623 0.054010 -0.419916
v -0.072950 0.051718 -0.452319
v -0.072962 0.049465 -0.452002
v -0.059282 0.012932 -0.037314
v -0.059282 0.012932 0.117349
v -0.050295 0.003854 0.160342
v -0.036018 0.009864 0.212311
v -0.024034 0.010806 0.237368
v -0.044053 0.005279 -0.093811
v -0.020370 0.019325 -0.170938
v -0.015919 0.019861 -0.354447
v -0.006365 0.020148 -0.437686
v -0.010894 0.020012 -0.398231
v -0.035175 0.053979 0.167927
v -0.028595 0.025125 0.215294
v -0.045376 0.070414 0.122815
v -0.037461 0.052439 0.170933
v -0.057983 0.015405 0.120404
v -0.045776 0.066589 0.125304
v -0.038599 0.050639 0.167848
v -0.051153 0.011379 0.163015
v -0.049397 0.011172 0.168563
v -0.038028 0.048016 0.173200
v -0.030063 0.023927 0.212182
v -0.035973 0.012576 0.210062
v -0.034786 0.049185 0.170611
v -0.026449 0.023479 0.212257
v -0.041733 0.067012 0.123932
v -0.034676 0.050948 0.166751
v -0.042657 0.065810 0.124608
v -0.054864 0.014626 0.119708
v -0.048034 0.010600 0.162319
v -0.035479 0.049860 0.167152
v -0.035050 0.047096 0.172149
v -0.046419 0.010252 0.167512
v -0.032995 0.011655 0.209011
v -0.027085 0.023007 0.211131
v -0.050090 -0.012768 0.036718
v -0.045376 0.070414 0.042184
v -0.057509 0.007975 0.036718
v -0.048318 -0.017724 0.036718
v -0.050338 -0.012856 -0.036976
v -0.051367 0.008333 0.165468
v -0.040403 -0.010975 0.165468
v -0.050288 -0.012838 0.117190
v -0.044847 0.009973 -0.098791
v -0.036503 -0.003358 -0.098791
v -0.057412 0.008010 -0.036967
v -0.057396 0.008016 0.116954
v -0.059282 0.012932 0.036718
v -0.065520 0.008315 -0.029474
v -0.059181 -0.018194 -0.029483
v -0.065505 0.008320 0.108439
v -0.059137 -0.018178 0.108651
v -0.065607 0.008283 0.036548
v -0.058960 -0.018115 0.036548
v -0.059143 0.004591 0.147315
v -0.052752 -0.012753 0.147178
v -0.053550 0.005868 -0.080406
v -0.049448 -0.006357 -0.080139
v -0.076448 -0.004813 -0.002008
v -0.072406 -0.016584 -0.002012
v -0.076433 -0.004808 0.081611
v -0.072390 -0.016578 0.081710
v -0.077316 -0.002497 0.036309
v -0.071460 -0.018871 0.036309
v -0.071621 -0.005750 0.133895
v -0.065991 -0.014148 0.133775
v -0.066694 -0.004626 -0.066727
v -0.063080 -0.008513 -0.066492
v -0.077239 -0.002470 -0.021856
v -0.071655 -0.018941 -0.021863
v -0.077227 -0.002465 0.099646
v -0.071616 -0.018927 0.099832
v -0.072274 -0.016537 0.036309
v -0.076502 -0.004832 0.036309
v -0.128675 -0.035269 0.037442
v -0.126464 -0.041390 0.037442
v -0.128647 -0.035258 0.017402
v -0.126533 -0.041415 0.017401
v -0.128639 -0.035256 0.061135
v -0.126525 -0.041412 0.061187
v -0.050973 0.047277 -0.034049
v -0.050973 0.047277 0.039984
v -0.056580 0.068048 -0.029939
v -0.056966 0.067750 0.039474
v -0.060215 0.053022 -0.031368
v -0.060455 0.053329 0.038103
v -0.077298 0.068351 -0.029939
v -0.077058 0.068044 0.039474
v -0.080933 0.053324 -0.031368
v -0.080547 0.053622 0.038103
v -0.087947 0.067645 -0.021132
v -0.087947 0.067645 0.030811
v -0.091874 0.051412 -0.022676
v -0.091874 0.051412 0.029267
v -0.052324 0.071336 0.039821
v -0.057574 0.049634 0.037757
v -0.079939 0.071739 0.039821
v -0.085189 0.050037 0.037757
v -0.056966 0.067750 0.022900
v -0.060455 0.053329 0.021529
v -0.077058 0.068044 0.022900
v -0.080547 0.053622 0.021529
v -0.052324 0.071336 -0.029622
v -0.057574 0.049634 -0.031685
v -0.079939 0.071739 -0.029622
v -0.085189 0.050037 -0.031685
v -0.056616 0.065574 -0.003822
v -0.060251 0.050547 -0.005251
v -0.077334 0.065876 -0.003822
v -0.080969 0.050850 -0.005251
v -0.079650 -0.023611 0.015581
v -0.079672 -0.023430 0.075903
v -0.083194 -0.025247 0.015581
v -0.083318 -0.025114 0.075903
v -0.085100 -0.028655 0.015581
v -0.085278 -0.028619 0.075903
v -0.084638 -0.032531 0.015581
v -0.084804 -0.032607 0.075903
v -0.081987 -0.035396 0.015581
v -0.082076 -0.035555 0.075903
v -0.078158 -0.036155 0.015581
v -0.078136 -0.036336 0.075903
v -0.074614 -0.034518 0.015581
v -0.074490 -0.034652 0.075903
v -0.072708 -0.031111 0.015581
v -0.072529 -0.031147 0.075903
v -0.073170 -0.027235 0.015581
v -0.073004 -0.027158 0.075903
v -0.075821 -0.024370 0.015581
v -0.075732 -0.024211 0.075903
v -0.080067 -0.020110 0.015581
v -0.085589 -0.022660 0.015581
v -0.088558 -0.027969 0.015581
v -0.087840 -0.034009 0.015581
v -0.083708 -0.038473 0.015581
v -0.077741 -0.039656 0.015581
v -0.072218 -0.037106 0.015581
v -0.069250 -0.031797 0.015581
v -0.069968 -0.025757 0.015581
v -0.074100 -0.021292 0.015581
v -0.079650 -0.023611 0.021220
v -0.083194 -0.025247 0.021220
v -0.085100 -0.028655 0.021220
v -0.084638 -0.032531 0.021220
v -0.081987 -0.035396 0.021220
v -0.078158 -0.036155 0.021220
v -0.074614 -0.034518 0.021220
v -0.072708 -0.031111 0.021220
v -0.073170 -0.027235 0.021220
v -0.075821 -0.024370 0.021220
v -0.085589 -0.022660 0.075903
v -0.080067 -0.020110 0.075903
v -0.088558 -0.027969 0.075903
v -0.087840 -0.034009 0.075903
v -0.083708 -0.038473 0.075903
v -0.077741 -0.039656 0.075903
v -0.072218 -0.037106 0.075903
v -0.069250 -0.031797 0.075903
v -0.069968 -0.025757 0.075903
v -0.074100 -0.021292 0.075903
v -0.083318 -0.025114 0.066855
v -0.079672 -0.023430 0.066855
v -0.085278 -0.028619 0.066855
v -0.084804 -0.032607 0.066855
v -0.082076 -0.035555 0.066855
v -0.078136 -0.036336 0.066855
v -0.074490 -0.034652 0.066855
v -0.072529 -0.031147 0.066855
v -0.073004 -0.027158 0.066855
v -0.075732 -0.024211 0.066855
v -0.102252 -0.034137 0.015581
v -0.102274 -0.033955 0.075903
v -0.105796 -0.035773 0.015581
v -0.105920 -0.035639 0.075903
v -0.107701 -0.039180 0.015581
v -0.107880 -0.039145 0.075903
v -0.107240 -0.043057 0.015581
v -0.107406 -0.043133 0.075903
v -0.104588 -0.045921 0.015581
v -0.104678 -0.046081 0.075903
v -0.100759 -0.046680 0.015581
v -0.100738 -0.046862 0.075903
v -0.097215 -0.045044 0.015581
v -0.097091 -0.045178 0.075903
v -0.095310 -0.041637 0.015581
v -0.095131 -0.041672 0.075903
v -0.095771 -0.037761 0.015581
v -0.095606 -0.037684 0.075903
v -0.098423 -0.034896 0.015581
v -0.098334 -0.034737 0.075903
v -0.102669 -0.030635 0.015581
v -0.108191 -0.033185 0.015581
v -0.111160 -0.038494 0.015581
v -0.110441 -0.044535 0.015581
v -0.106310 -0.048999 0.015581
v -0.100343 -0.050182 0.015581
v -0.094820 -0.047632 0.015581
v -0.091851 -0.042323 0.015581
v -0.092570 -0.036282 0.015581
v -0.096702 -0.031818 0.015581
v -0.102252 -0.034137 0.021220
v -0.105796 -0.035773 0.021220
v -0.107701 -0.039180 0.021220
v -0.107240 -0.043057 0.021220
v -0.104588 -0.045921 0.021220
v -0.100759 -0.046680 0.021220
v -0.097215 -0.045044 0.021220
v -0.095310 -0.041637 0.021220
v -0.095771 -0.037761 0.021220
v -0.098423 -0.034896 0.021220
v -0.108191 -0.033185 0.075903
v -0.102669 -0.030635 0.075903
v -0.111160 -0.038494 0.075903
v -0.110441 -0.044535 0.075903
v -0.106310 -0.048999 0.075903
v -0.100343 -0.050182 0.075903
v -0.094820 -0.047632 0.075903
v -0.091851 -0.042323 0.075903
v -0.092570 -0.036282 0.075903
v -0.096702 -0.031818 0.075903
v -0.105920 -0.035639 0.066855
v -0.102274 -0.033955 0.066855
v -0.107880 -0.039145 0.066855
v -0.107406 -0.043133 0.066855
v -0.104678 -0.046081 0.066855
v -0.100738 -0.046862 0.066855
v -0.097091 -0.045178 0.066855
v -0.095131 -0.041672 0.066855
v -0.095606 -0.037684 0.066855
v -0.098334 -0.034737 0.066855
v 0.048318 -0.017724 0.117349
v 0.042232 0.070044 0.125108
v 0.048318 -0.017724 -0.037314
v 0.045376 0.070414 -0.031849
v 0.035268 0.051941 0.172341
v 0.043162 -0.006784 0.160189
v 0.026931 0.026235 0.213987
v 0.031040 -0.000145 0.212311
v 0.024034 0.021186 0.232402
v 0.024034 0.002000 0.232402
v 0.036503 0.044462 -0.098791
v 0.039474 0.000355 -0.093512
v 0.020370 0.035520 -0.170938
v 0.020370 0.005584 -0.170938
v 0.003724 0.029586 -0.359014
v 0.015919 0.012125 -0.354447
v 0.002289 0.026475 -0.424422
v 0.006365 0.015619 -0.437686
v 0.015919 0.028979 -0.354447
v 0.006365 0.025485 -0.437686
v 0.002311 0.132297 -0.417767
v 0.001729 0.131035 -0.439134
v 0.003456 0.049101 -0.370177
v 0.002182 0.046342 -0.427217
v 0.003341 0.057420 -0.374936
v 0.002137 0.054811 -0.428409
v 0.010894 0.013963 -0.398231
v 0.010894 0.027141 -0.398231
v 0.002969 0.027950 -0.397993
v 0.002005 0.131633 -0.433581
v 0.002786 0.047649 -0.404755
v 0.002708 0.056048 -0.407638
v 0.021478 0.052019 -0.459972
v 0.021496 0.048618 -0.459494
v 0.073288 0.053286 -0.437185
v 0.073315 0.048323 -0.436486
v 0.073669 0.049089 -0.418227
v 0.073623 0.054010 -0.419916
v 0.072950 0.051718 -0.452319
v 0.072962 0.049465 -0.452002
v 0.059282 0.012932 -0.037314
v 0.059282 0.012932 0.117349
v 0.050295 0.003854 0.160342
v 0.036018 0.009864 0.212311
v 0.024034 0.010806 0.237368
v 0.044053 0.005279 -0.093811
v 0.020370 0.019325 -0.170938
v 0.015919 0.019861 -0.354447
v 0.006365 0.020148 -0.437686
v 0.010894 0.020012 -0.398231
v 0.035175 0.053979 0.167927
v 0.028595 0.025125 0.215294
v 0.045376 0.070414 0.122815
v 0.037461 0.052439 0.170933
v 0.057983 0.015405 0.120404
v 0.045776 0.066589 0.125304
v 0.038599 0.050639 0.167848
v 0.051153 0.011379 0.163015
v 0.049397 0.011172 0.168563
v 0.038028 0.048016 0.173200
v 0.030063 0.023927 0.212182
v 0.035973 0.012576 0.210062
v 0.034786 0.049185 0.170611
v 0.026449 0.023479 0.212257
v 0.041733 0.067012 0.123932
v 0.034676 0.050948 0.166751
v 0.042657 0.065810 0.124608
v 0.054864 0.014626 0.119708
v 0.048034 0.010600 0.162319
v 0.035479 0.049860 0.167152
v 0.035050 0.047096 0.172149
v 0.046419 0.010252 0.167512
v 0.032995 0.011655 0.209011
v 0.027085 0.023007 0.211131
v 0.050090 -0.012768 0.036718
v 0.045376 0.070414 0.042184
v 0.057509 0.007975 0.036718
v 0.048318 -0.017724 0.036718
v 0.050338 -0.012856 -0.036976
v 0.051367 0.008333 0.165468
v 0.040403 -0.010975 0.165468
v 0.050288 -0.012838 0.117190
v 0.044847 0.009973 -0.098791
v 0.036503 -0.003358 -0.098791
v 0.057412 0.008010 -0.036967
v 0.057396 0.008016 0.116954
v 0.059282 0.012932 0.036718
v 0.065520 0.008315 -0.029474
v 0.059181 -0.018194 -0.029483
v 0.065505 0.008320 0.108439
v 0.059137 -0.018178 0.108651
v 0.065607 0.008283 0.036548
v 0.058960 -0.018115 0.036548
v 0.059143 0.004591 0.147315
v 0.052752 -0.012753 0.147178
v 0.053550 0.005868 -0.080406
v 0.049448 -0.006357 -0.080139
v 0.076448 -0.004813 -0.002008
v 0.072406 -0.016584 -0.002012
v 0.076433 -0.004808 0.081611
v 0.072390 -0.016578 0.081710
v 0.077316 -0.002497 0.036309
v 0.071460 -0.018871 0.036309
v 0.071621 -0.005750 0.133895
v 0.065991 -0.014148 0.133775
v 0.066694 -0.004626 -0.066727
v 0.063080 -0.008513 -0.066492
v 0.077239 -0.002470 -0.021856
v 0.071655 -0.018941 -0.021863
v 0.077227 -0.002465 0.099646
v 0.071616 -0.018927 0.099832
v 0.072274 -0.016537 0.036309
v 0.076502 -0.004832 0.036309
v 0.128675 -0.035269 0.037442
v 0.126464 -0.041390 0.037442
v 0.128647 -0.035258 0.017402
v 0.126533 -0.041415 0.017401
v 0.128639 -0.035256 0.061135
v 0.126525 -0.041412 0.061187
v 0.050973 0.047277 -0.034049
v 0.050973 0.047277 0.039984
v 0.056580 0.068048 -0.029939
v 0.056966 0.067750 0.039474
v 0.060215 0.053022 -0.031368
v 0.060455 0.053329 0.038103
v 0.077298 0.068351 -0.029939
v 0.077058 0.068044 0.039474
v 0.080933 0.053324 -0.031368
v 0.080547 0.053622 0.038103
v 0.087947 0.067645 -0.021132
v 0.087947 0.067645 0.030811
v 0.091874 0.051412 -0.022676
v 0.091874 0.051412 0.029267
v 0.052324 0.071336 0.039821
v 0.057574 0.049634 0.037757
v 0.079939 0.071739 0.039821
v 0.085189 0.050037 0.037757
v 0.056966 0.067750 0.022900
v 0.060455 0.053329 0.021529
v 0.077058 0.068044 0.022900
v 0.080547 0.053622 0.021529
v 0.052324 0.071336 -0.029622
v 0.057574 0.049634 -0.031685
v 0.079939 0.071739 -0.029622
v 0.085189 0.050037 -0.031685
v 0.056616 0.065574 -0.003822
v 0.060251 0.050547 -0.005251
v 0.077334 0.065876 -0.003822
v 0.080969 0.050850 -0.005251
v 0.079650 -0.023611 0.015581
v 0.079672 -0.023430 0.075903
v 0.083194 -0.025247 0.015581
v 0.083318 -0.025114 0.075903
v 0.085099 -0.028655 0.015581
v 0.085278 -0.028619 0.075903
v 0.084638 -0.032531 0.015581
v 0.084804 -0.032607 0.075903
v 0.081987 -0.035396 0.015581
v 0.082076 -0.035555 0.075903
v 0.078158 -0.036155 0.015581
v 0.078136 -0.036336 0.075903
v 0.074614 -0.034518 0.015581
v 0.074490 -0.034652 0.075903
v 0.072708 -0.031111 0.015581
v 0.072529 -0.031147 0.075903
v 0.073170 -0.027235 0.015581
v 0.073004 -0.027158 0.075903
v 0.075821 -0.024370 0.015581
v 0.075732 -0.024211 0.075903
v 0.080067 -0.020110 0.015581
v 0.085589 -0.022660 0.015581
v 0.088558 -0.027969 0.015581
v 0.087840 -0.034009 0.015581
v 0.083708 -0.038473 0.015581
v 0.077741 -0.039656 0.015581
v 0.072218 -0.037106 0.015581
v 0.069250 -0.031797 0.015581
v 0.069968 -0.025757 0.015581
v 0.074100 -0.021292 0.015581
v 0.079650 -0.023611 0.021220
v 0.083194 -0.025247 0.021220
v 0.085099 -0.028655 0.021220
v 0.084638 -0.032531 0.021220
v 0.081987 -0.035396 0.021220
v 0.078158 -0.036155 0.021220
v 0.074614 -0.034518 0.021220
v 0.072708 -0.031111 0.021220
v 0.073170 -0.027235 0.021220
v 0.075821 -0.024370 0.021220
v 0.085589 -0.022660 0.075903
v 0.080067 -0.020110 0.075903
v 0.088558 -0.027969 0.075903
v 0.087840 -0.034009 0.075903
v 0.083708 -0.038473 0.075903
v 0.077741 -0.039656 0.075903
v 0.072218 -0.037106 0.075903
v 0.069250 -0.031797 0.075903
v 0.069968 -0.025757 0.075903
v 0.074100 -0.021292 0.075903
v 0.083318 -0.025114 0.066855
v 0.079672 -0.023430 0.066855
v 0.085278 -0.028619 0.066855
v 0.084804 -0.032607 0.066855
v 0.082076 -0.035555 0.066855
v 0.078136 -0.036336 0.066855
v 0.074490 -0.034652 0.066855
v 0.072529 -0.031147 0.066855
v 0.073004 -0.027158 0.066855
v 0.075732 -0.024211 0.066855
v 0.102252 -0.034137 0.015581
v 0.102274 -0.033955 0.075903
v 0.105796 -0.035773 0.015581
v 0.105920 -0.035639 0.075903
v 0.107701 -0.039180 0.015581
v 0.107880 -0.039145 0.075903
v 0.107240 -0.043057 0.015581
v 0.107406 -0.043133 0.075903
v 0.104588 -0.045921 0.015581
v 0.104678 -0.046081 0.075903
v 0.100759 -0.046680 0.015581
v 0.100738 -0.046862 0.075903
v 0.097215 -0.045044 0.015581
v 0.097091 -0.045178 0.075903
v 0.095310 -0.041637 0.015581
v 0.095131 -0.041672 0.075903
v 0.095771 -0.037761 0.015581
v 0.095606 -0.037684 0.075903
v 0.098423 -0.034896 0.015581
v 0.098334 -0.034737 0.075903
v 0.102669 -0.030635 0.015581
v 0.108191 -0.033185 0.015581
v 0.111160 -0.038494 0.015581
v 0.110441 -0.044535 0.015581
v 0.106310 -0.048999 0.015581
v 0.100343 -0.050182 0.015581
v 0.094820 -0.047632 0.015581
v 0.091851 -0.042323 0.015581
v 0.092570 -0.036282 0.015581
v 0.096702 -0.031818 0.015581
v 0.102252 -0.034137 0.021220
v 0.105796 -0.035773 0.021220
v 0.107701 -0.039180 0.021220
v 0.107240 -0.043057 0.021220
v 0.104588 -0.045921 0.021220
v 0.100759 -0.046680 0.021220
v 0.097215 -0.045044 0.021220
v 0.095310 -0.041637 0.021220
v 0.095771 -0.037761 0.021220
v 0.098423 -0.034896 0.021220
v 0.108191 -0.033185 0.075903
v 0.102669 -0.030635 0.075903
v 0.111160 -0.038494 0.075903
v 0.110441 -0.044535 0.075903
v 0.106310 -0.048999 0.075903
v 0.100343 -0.050182 0.075903
v 0.094820 -0.047632 0.075903
v 0.091851 -0.042323 0.075903
v 0.092570 -0.036282 0.075903
v 0.096702 -0.031818 0.075903
v 0.105920 -0.035639 0.066855
v 0.102274 -0.033955 0.066855
v 0.107880 -0.039145 0.066855
v 0.107406 -0.043133 0.066855
v 0.104678 -0.046081 0.066855
v 0.100738 -0.046862 0.066855
v 0.097091 -0.045178 0.066855
v 0.095131 -0.041672 0.066855
v 0.095606 -0.037684 0.066855
v 0.098334 -0.034737 0.066855
v 0.048318 -0.017724 0.117349
v 0.042232 0.070044 0.125108
v 0.048318 -0.017724 -0.037314
v 0.045376 0.070414 -0.031849
v 0.035268 0.051941 0.172341
v 0.043162 -0.006784 0.160189
v 0.026931 0.026235 0.213987
v 0.031040 -0.000145 0.212311
v 0.024034 0.021186 0.232402
v 0.024034 0.002000 0.232402
v 0.036503 0.044462 -0.098791
v 0.039474 0.000355 -0.093512
v 0.020370 0.035520 -0.170938
v 0.020370 0.005584 -0.170938
v 0.003724 0.029586 -0.359014
v 0.015919 0.012125 -0.354447
v 0.002289 0.026475 -0.424422
v 0.006365 0.015619 -0.437686
v 0.015919 0.028979 -0.354447
v 0.006365 0.025485 -0.437686
v 0.002311 0.132297 -0.417767
v 0.001729 0.131035 -0.439134
v 0.003456 0.049101 -0.370177
v 0.002182 0.046342 -0.427217
v 0.003341 0.057420 -0.374936
v 0.002137 0.054811 -0.428409
v 0.010894 0.013963 -0.398231
v 0.010894 0.027141 -0.398231
v 0.002969 0.027950 -0.397993
v 0.002005 0.131633 -0.433581
v 0.002786 0.047649 -0.404755
v 0.002708 0.056048 -0.407638
v 0.021478 0.052019 -0.459972
v 0.021496 0.048618 -0.459494
v 0.073288 0.053286 -0.437185
v 0.073315 0.048323 -0.436486
v 0.073669 0.049089 -0.418227
v 0.073623 0.054010 -0.419916
v 0.072950 0.051718 -0.452319
v 0.072962 0.049465 -0.452002
v 0.059282 0.012932 -0.037314
v 0.059282 0.012932 0.117349
v 0.050295 0.003854 0.160342
v 0.036018 0.009864 0.212311
v 0.024034 0.010806 0.237368
v 0.044053 0.005279 -0.093811
v 0.020370 0.019325 -0.170938
v 0.015919 0.019861 -0.354447
v 0.006365 0.020148 -0.437686
v 0.010894 0.020012 -0.398231
v 0.035175 0.053979 0.167927
v 0.028595 0.025125 0.215294
v 0.045376 0.070414 0.122815
v 0.037461 0.052439 0.170933
v 0.057983 0.015405 0.120404
v 0.045776 0.066589 0.125304
v 0.038599 0.050639 0.167848
v 0.051153 0.011379 0.163015
v 0.049397 0.011172 0.168563
v 0.038028 0.048016 0.173200
v 0.030063 0.023927 0.212182
v 0.035973 0.012576 0.210062
v 0.034786 0.049185 0.170611
v 0.026449 0.023479 0.212257
v 0.041733 0.067012 0.123932
v 0.034676 0.050948 0.166751
v 0.042657 0.065810 0.124608
v 0.054864 0.014626 0.119708
v 0.048034 0.010600 0.162319
v 0.035479 0.049860 0.167152
v 0.035050 0.047096 0.172149
v 0.046419 0.010252 0.167512
v 0.032995 0.011655 0.209011
v 0.027085 0.023007 0.211131
v 0.050090 -0.012768 0.036718
v 0.045376 0.070414 0.042184
v 0.057509 0.007975 0.036718
v 0.048318 -0.017724 0.036718
v 0.050338 -0.012856 -0.036976
v 0.051367 0.008333 0.165468
v 0.040403 -0.010975 0.165468
v 0.050288 -0.012838 0.117190
v 0.044847 0.009973 -0.098791
v 0.036503 -0.003358 -0.098791
v 0.057412 0.008010 -0.036967
v 0.057396 0.008016 0.116954
v 0.059282 0.012932 0.036718
v 0.065520 0.008315 -0.029474
v 0.059181 -0.018194 -0.029483
v 0.065505 0.008320 0.108439
v 0.059137 -0.018178 0.108651
v 0.065607 0.008283 0.036548
v 0.058960 -0.018115 0.036548
v 0.059143 0.004591 0.147315
v 0.052752 -0.012753 0.147178
v 0.053550 0.005868 -0.080406
v 0.049448 -0.006357 -0.080139
v 0.076448 -0.004813 -0.002008
v 0.072406 -0.016584 -0.002012
v 0.076433 -0.004808 0.081611
v 0.072390 -0.016578 0.081710
v 0.077316 -0.002497 0.036309
v 0.071460 -0.018871 0.036309
v 0.071621 -0.005750 0.133895
v 0.065991 -0.014148 0.133775
v 0.066694 -0.004626 -0.066727
v 0.063080 -0.008513 -0.066492
v 0.077239 -0.002470 -0.021856
v 0.071655 -0.018941 -0.021863
v 0.077227 -0.002465 0.099646
v 0.071616 -0.018927 0.099832
v 0.072274 -0.016537 0.036309
v 0.076502 -0.004832 0.036309
v 0.128675 -0.035269 0.037442
v 0.126464 -0.041390 0.037442
v 0.128647 -0.035258 0.017402
v 0.126533 -0.041415 0.017401
v 0.128639 -0.035256 0.061135
v 0.126525 -0.041412 0.061187
v 0.050973 0.047277 -0.034049
v 0.050973 0.047277 0.039984
v 0.056580 0.068048 -0.029939
v 0.056966 0.067750 0.039474
v 0.060215 0.053022 -0.031368
v 0.060455 0.053329 0.038103
v 0.077298 0.068351 -0.029939
v 0.077058 0.068044 0.039474
v 0.080933 0.053324 -0.031368
v 0.080547 0.053622 0.038103
v 0.087947 0.067645 -0.021132
v 0.087947 0.067645 0.030811
v 0.091874 0.051412 -0.022676
v 0.091874 0.051412 0.029267
v 0.052324 0.071336 0.039821
v 0.057574 0.049634 0.037757
v 0.079939 0.071739 0.039821
v 0.085189 0.050037 0.037757
v 0.056966 0.067750 0.022900
v 0.060455 0.053329 0.021529
v 0.077058 0.068044 0.022900
v 0.080547 0.053622 0.021529
v 0.052324 0.071336 -0.029622
v 0.057574 0.049634 -0.031685
v 0.079939 0.071739 -0.029622
v 0.085189 0.050037 -0.031685
v 0.056616 0.065574 -0.003822
v 0.060251 0.050547 -0.005251
v 0.077334 0.065876 -0.003822
v 0.080969 0.050850 -0.005251
v 0.079650 -0.023611 0.015581
v 0.079672 -0.023430 0.075903
v 0.083194 -0.025247 0.015581
v 0.083318 -0.025114 0.075903
v 0.085099 -0.028655 0.015581
v 0.085278 -0.028619 0.075903
v 0.084638 -0.032531 0.015581
v 0.084804 -0.032607 0.075903
v 0.081987 -0.035396 0.015581
v 0.082076 -0.035555 0.075903
v 0.078158 -0.036155 0.015581
v 0.078136 -0.036336 0.075903
v 0.074614 -0.034518 0.015581
v 0.074490 -0.034652 0.075903
v 0.072708 -0.031111 0.015581
v 0.072529 -0.031147 0.075903
v 0.073170 -0.027235 0.015581
v 0.073004 -0.027158 0.075903
v 0.075821 -0.024370 0.015581
v 0.075732 -0.024211 0.075903
v 0.080067 -0.020110 0.015581
v 0.085589 -0.022660 0.015581
v 0.088558 -0.027969 0.015581
v 0.087840 -0.034009 0.015581
v 0.083708 -0.038473 0.015581
v 0.077741 -0.039656 0.015581
v 0.072218 -0.037106 0.015581
v 0.069250 -0.031797 0.015581
v 0.069968 -0.025757 0.015581
v 0.074100 -0.021292 0.015581
v 0.079650 -0.023611 0.021220
v 0.083194 -0.025247 0.021220
v 0.085099 -0.028655 0.021220
v 0.084638 -0.032531 0.021220
v 0.081987 -0.035396 0.021220
v 0.078158 -0.036155 0.021220
v 0.074614 -0.034518 0.021220
v 0.072708 -0.031111 0.021220
v 0.073170 -0.027235 0.021220
v 0.075821 -0.024370 0.021220
v 0.085589 -0.022660 0.075903
v 0.080067 -0.020110 0.075903
v 0.088558 -0.027969 0.075903
v 0.087840 -0.034009 0.075903
v 0.083708 -0.038473 0.075903
v 0.077741 -0.039656 0.075903
v 0.072218 -0.037106 0.075903
v 0.069250 -0.031797 0.075903
v 0.069968 -0.025757 0.075903
v 0.074100 -0.021292 0.075903
v 0.083318 -0.025114 0.066855
v 0.079672 -0.023430 0.066855
v 0.085278 -0.028619 0.066855
v 0.084804 -0.032607 0.066855
v 0.082076 -0.035555 0.066855
v 0.078136 -0.036336 0.066855
v 0.074490 -0.034652 0.066855
v 0.072529 -0.031147 0.066855
v 0.073004 -0.027158 0.066855
v 0.075732 -0.024211 0.066855
v 0.102252 -0.034137 0.015581
v 0.102274 -0.033955 0.075903
v 0.105796 -0.035773 0.015581
v 0.105920 -0.035639 0.075903
v 0.107701 -0.039180 0.015581
v 0.107880 -0.039145 0.075903
v 0.107240 -0.043057 0.015581
v 0.107406 -0.043133 0.075903
v 0.104588 -0.045921 0.015581
v 0.104678 -0.046081 0.075903
v 0.100759 -0.046680 0.015581
v 0.100738 -0.046862 0.075903
v 0.097215 -0.045044 0.015581
v 0.097091 -0.045178 0.075903
v 0.095310 -0.041637 0.015581
v 0.095131 -0.041672 0.075903
v 0.095771 -0.037761 0.015581
v 0.095606 -0.037684 0.075903
v 0.098423 -0.034896 0.015581
v 0.098334 -0.034737 0.075903
v 0.102669 -0.030635 0.015581
v 0.108191 -0.033185 0.015581
v 0.111160 -0.038494 0.015581
v 0.110441 -0.044535 0.015581
v 0.106310 -0.048999 0.015581
v 0.100343 -0.050182 0.015581
v 0.094820 -0.047632 0.015581
v 0.091851 -0.042323 0.015581
v 0.092570 -0.036282 0.015581
v 0.096702 -0.031818 0.015581
v 0.102252 -0.034137 0.021220
v 0.105796 -0.035773 0.021220
v 0.107701 -0.039180 0.021220
v 0.107240 -0.043057 0.021220
v 0.104588 -0.045921 0.021220
v 0.100759 -0.046680 0.021220
v 0.097215 -0.045044 0.021220
v 0.095310 -0.041637 0.021220
v 0.095771 -0.037761 0.021220
v 0.098423 -0.034896 0.021220
v 0.108191 -0.033185 0.075903
v 0.102669 -0.030635 0.075903
v 0.111160 -0.038494 0.075903
v 0.110441 -0.044535 0.075903
v 0.106310 -0.048999 0.075903
v 0.100343 -0.050182 0.075903
v 0.094820 -0.047632 0.075903
v 0.091851 -0.042323 0.075903
v 0.092570 -0.036282 0.075903
v 0.096702 -0.031818 0.075903
v 0.105920 -0.035639 0.066855
v 0.102274 -0.033955 0.066855
v 0.107880 -0.039145 0.066855
v 0.107406 -0.043133 0.066855
v 0.104678 -0.046081 0.066855
v 0.100738 -0.046862 0.066855
v 0.097091 -0.045178 0.066855
v 0.095131 -0.041672 0.066855
v 0.095606 -0.037684 0.066855
v 0.098334 -0.034737 0.066855
v -0.048318 -0.017724 0.117349
v -0.042232 0.070044 0.125108
v -0.048318 -0.017724 -0.037314
v -0.045376 0.070414 -0.031849
v -0.035268 0.051941 0.172341
v -0.043162 -0.006784 0.160189
v -0.026931 0.026235 0.213987
v -0.031040 -0.000145 0.212311
v -0.024034 0.021186 0.232402
v -0.024034 0.002000 0.232402
v -0.036503 0.044462 -0.098791
v -0.039474 0.000355 -0.093512
v -0.020370 0.035520 -0.170938
v -0.020370 0.005584 -0.170938
v -0.003724 0.029586 -0.359014
v -0.015919 0.012125 -0.354447
v -0.002289 0.026475 -0.424422
v -0.006365 0.015619 -0.437686
v -0.015919 0.028979 -0.354447
v -0.006365 0.025485 -0.437686
v -0.002311 0.132297 -0.417767
v -0.001729 0.131035 -0.439134
v -0.003456 0.049101 -0.370177
v -0.002182 0.046342 -0.427217
v -0.003341 0.057420 -0.374936
v -0.002137 0.054811 -0.428409
v -0.010894 0.013963 -0.398231
v -0.010894 0.027141 -0.398231
v -0.002969 0.027950 -0.397993
v -0.002005 0.131633 -0.433581
v -0.002786 0.047649 -0.404755
v -0.002708 0.056048 -0.407638
v -0.021478 0.052019 -0.459972
v -0.021496 0.048618 -0.459494
v -0.073288 0.053286 -0.437185
v -0.073315 0.048323 -0.436486
v -0.073669 0.049089 -0.418227
v -0.073623 0.054010 -0.419916
v -0.072950 0.051718 -0.452319
v -0.072962 0.049465 -0.452002
v -0.059282 0.012932 -0.037314
v -0.059282 0.012932 0.117349
v -0.050295 0.003854 0.160342
v -0.036018 0.009864 0.212311
v -0.024034 0.010806 0.237368
v -0.044053 0.005279 -0.093811
v -0.020370 0.019325 -0.170938
v -0.015919 0.019861 -0.354447
v -0.006365 0.020148 -0.437686
v -0.010894 0.020012 -0.398231
v -0.035175 0.053979 0.167927
v -0.028595 0.025125 0.215294
v -0.045376 0.070414 0.122815
v -0.037461 0.052439 0.170933
v -0.057983 0.015405 0.120404
v -0.045776 0.066589 0.125304
v -0.038599 0.050639 0.167848
v -0.051153 0.011379 0.163015
v -0.049397 0.011172 0.168563
v -0.038028 0.048016 0.173200
v -0.030063 0.023927 0.212182
v -0.035973 0.012576 0.210062
v -0.034786 0.049185 0.170611
v -0.026449 0.023479 0.212257
v -0.041733 0.067012 0.123932
v -0.034676 0.050948 0.166751
v -0.042657 0.065810 0.124608
v -0.054864 0.014626 0.119708
v -0.048034 0.010600 0.162319
v -0.035479 0.049860 0.167152
v -0.035050 0.047096 0.172149
v -0.046419 0.010252 0.167512
v -0.032995 0.011655 0.209011
v -0.027085 0.023007 0.211131
v -0.050090 -0.012768 0.036718
v -0.045376 0.070414 0.042184
v -0.057509 0.007975 0.036718
v -0.048318 -0.017724 0.036718
v -0.050338 -0.012856 -0.036976
v -0.051367 0.008333 0.165468
v -0.040403 -0.010975 0.165468
v -0.050288 -0.012838 0.117190
v -0.044847 0.009973 -0.098791
v -0.036503 -0.003358 -0.098791
v -0.057412 0.008010 -0.036967
v -0.057396 0.008016 0.116954
v -0.059282 0.012932 0.036718
v -0.065520 0.008315 -0.029474
v -0.059181 -0.018194 -0.029483
v -0.065505 0.008320 0.108439
v -0.059137 -0.018178 0.108651
v -0.065607 0.008283 0.036548
v -0.058960 -0.018115 0.036548
v -0.059143 0.004591 0.147315
v -0.052752 -0.012753 0.147178
v -0.053550 0.005868 -0.080406
v -0.049448 -0.006357 -0.080139
v -0.076448 -0.004813 -0.002008
v -0.072406 -0.016584 -0.002012
v -0.076433 -0.004808 0.081611
v -0.072390 -0.016578 0.081710
v -0.077316 -0.002497 0.036309
v -0.071460 -0.018871 0.036309
v -0.071621 -0.005750 0.133895
v -0.065991 -0.014148 0.133775
v -0.066694 -0.004626 -0.066727
v -0.063080 -0.008513 -0.066492
v -0.077239 -0.002470 -0.021856
v -0.071655 -0.018941 -0.021863
v -0.077227 -0.002465 0.099646
v -0.071616 -0.018927 0.099832
v -0.072274 -0.016537 0.036309
v -0.076502 -0.004832 0.036309
v -0.128675 -0.035269 0.037442
v -0.126464 -0.041390 0.037442
v -0.128647 -0.035258 0.017402
v -0.126533 -0.041415 0.017401
v -0.128639 -0.035256 0.061135
v -0.126525 -0.041412 0.061187
v -0.050973 0.047277 -0.034049
v -0.050973 0.047277 0.039984
v -0.056580 0.068048 -0.029939
v -0.056966 0.067750 0.039474
v -0.060215 0.053022 -0.031368
v -0.060455 0.053329 0.038103
v -0.077298 0.068351 -0.029939
v -0.077058 0.068044 0.039474
v -0.080933 0.053324 -0.031368
v -0.080547 0.053622 0.038103
v -0.087947 0.067645 -0.021132
v -0.087947 0.067645 0.030811
v -0.091874 0.051412 -0.022676
v -0.091874 0.051412 0.029267
v -0.052324 0.071336 0.039821
v -0.057574 0.049634 0.037757
v -0.079939 0.071739 0.039821
v -0.085189 0.050037 0.037757
v -0.056966 0.067750 0.022900
v -0.060455 0.053329 0.021529
v -0.077058 0.068044 0.022900
v -0.080547 0.053622 0.021529
v -0.052324 0.071336 -0.029622
v -0.057574 0.049634 -0.031685
v -0.079939 0.071739 -0.029622
v -0.085189 0.050037 -0.031685
v -0.056616 0.065574 -0.003822
v -0.060251 0.050547 -0.005251
v -0.077334 0.065876 -0.003822
v -0.080969 0.050850 -0.005251
v -0.079650 -0.023611 0.015581
v -0.079672 -0.023430 0.075903
v -0.083194 -0.025247 0.015581
v -0.083318 -0.025114 0.075903
v -0.085100 -0.028655 0.015581
v -0.085278 -0.028619 0.075903
v -0.084638 -0.032531 0.015581
v -0.084804 -0.032607 0.075903
v -0.081987 -0.035396 0.015581
v -0.082076 -0.035555 0.075903
v -0.078158 -0.036155 0.015581
v -0.078136 -0.036336 0.075903
v -0.074614 -0.034518 0.015581
v -0.074490 -0.034652 0.075903
v -0.072708 -0.031111 0.015581
v -0.072529 -0.031147 0.075903
v -0.073170 -0.027235 0.015581
v -0.073004 -0.027158 0.075903
v -0.075821 -0.024370 0.015581
v -0.075732 -0.024211 0.075903
v -0.080067 -0.020110 0.015581
v -0.085589 -0.022660 0.015581
v -0.088558 -0.027969 0.015581
v -0.087840 -0.034009 0.015581
v -0.083708 -0.038473 0.015581
v -0.077741 -0.039656 0.015581
v -0.072218 -0.037106 0.015581
v -0.069250 -0.031797 0.015581
v -0.069968 -0.025757 0.015581
v -0.074100 -0.021292 0.015581
v -0.079650 -0.023611 0.021220
v -0.083194 -0.025247 0.021220
v -0.085100 -0.028655 0.021220
v -0.084638 -0.032531 0.021220
v -0.081987 -0.035396 0.021220
v -0.078158 -0.036155 0.021220
v -0.074614 -0.034518 0.021220
v -0.072708 -0.031111 0.021220
v -0.073170 -0.027235 0.021220
v -0.075821 -0.024370 0.021220
v -0.085589 -0.022660 0.075903
v -0.080067 -0.020110 0.075903
v -0.088558 -0.027969 0.075903
v -0.087840 -0.034009 0.075903
v -0.083708 -0.038473 0.075903
v -0.077741 -0.039656 0.075903
v -0.072218 -0.037106 0.075903
v -0.069250 -0.031797 0.075903
v -0.069968 -0.025757 0.075903
v -0.074100 -0.021292 0.075903
v -0.083318 -0.025114 0.066855
v -0.079672 -0.023430 0.066855
v -0.085278 -0.028619 0.066855
v -0.084804 -0.032607 0.066855
v -0.082076 -0.035555 0.066855
v -0.078136 -0.036336 0.066855
v -0.074490 -0.034652 0.066855
v -0.072529 -0.031147 0.066855
v -0.073004 -0.027158 0.066855
v -0.075732 -0.024211 0.066855
v -0.102252 -0.034137 0.015581
v -0.102274 -0.033955 0.075903
v -0.105796 -0.035773 0.015581
v -0.105920 -0.035639 0.075903
v -0.107701 -0.039180 0.015581
v -0.107880 -0.039145 0.075903
v -0.107240 -0.043057 0.015581
v -0.107406 -0.043133 0.075903
v -0.104588 -0.045921 0.015581
v -0.104678 -0.046081 0.075903
v -0.100759 -0.046680 0.015581
v -0.100738 -0.046862 0.075903
v -0.097215 -0.045044 0.015581
v -0.097091 -0.045178 0.075903
v -0.095310 -0.041637 0.015581
v -0.095131 -0.041672 0.075903
v -0.095771 -0.037761 0.015581
v -0.095606 -0.037684 0.075903
v -0.098423 -0.034896 0.015581
v -0.098334 -0.034737 0.075903
v -0.102669 -0.030635 0.015581
v -0.108191 -0.033185 0.015581
v -0.111160 -0.038494 0.015581
v -0.110441 -0.044535 0.015581
v -0.106310 -0.048999 0.015581
v -0.100343 -0.050182 0.015581
v -0.094820 -0.047632 0.015581
v -0.091851 -0.042323 0.015581
v -0.092570 -0.036282 0.015581
v -0.096702 -0.031818 0.015581
v -0.102252 -0.034137 0.021220
v -0.105796 -0.035773 0.021220
v -0.107701 -0.039180 0.021220
v -0.107240 -0.043057 0.021220
v -0.104588 -0.045921 0.021220
v -0.100759 -0.046680 0.021220
v -0.097215 -0.045044 0.021220
v -0.095310 -0.041637 0.021220
v -0.095771 -0.037761 0.021220
v -0.098423 -0.034896 0.021220
v -0.108191 -0.033185 0.075903
v -0.102669 -0.030635 0.075903
v -0.111160 -0.038494 0.075903
v -0.110441 -0.044535 0.075903
v -0.106310 -0.048999 0.075903
v -0.100343 -0.050182 0.075903
v -0.094820 -0.047632 0.075903
v -0.091851 -0.042323 0.075903
v -0.092570 -0.036282 0.075903
v -0.096702 -0.031818 0.075903
v -0.105920 -0.035639 0.066855
v -0.102274 -0.033955 0.066855
v -0.107880 -0.039145 0.066855
v -0.107406 -0.043133 0.066855
v -0.104678 -0.046081 0.066855
v -0.100738 -0.046862 0.066855
v -0.097091 -0.045178 0.066855
v -0.095131 -0.041672 0.066855
v -0.095606 -0.037684 0.066855
v -0.098334 -0.034737 0.066855
vn 0.6192 -0.7692 -0.1577
vn 0.1500 -0.9772 -0.1502
vn 0.0525 -0.9753 -0.2144
vn 0.5607 -0.7765 -0.2875
vn 0.9983 -0.0583 -0.0000
vn 0.9720 0.2351 -0.0000
vn 0.9672 0.2298 0.1083
vn 0.9953 -0.0546 0.0800
vn 0.1899 -0.9818 -0.0000
vn 0.6427 -0.7662 0.0001
vn 0.6455 -0.7574 0.0987
vn 0.1973 -0.9774 0.0758
vn 0.2173 0.3374 -0.9159
vn 0.1043 0.9945 -0.0000
vn 0.1962 0.9806 -0.0000
vn 0.1753 0.9716 0.1591
vn 0.1731 0.9663 0.1904
vn 0.2244 -0.9546 0.1961
vn 0.5940 -0.7707 0.2307
vn 0.6051 -0.7185 0.3430
vn 0.2049 -0.9352 0.2889
vn 0.2926 -0.9106 -0.2920
vn 0.6090 0.6472 0.4585
vn 0.1242 0.8991 0.4197
vn 0.0429 0.7370 0.6745
vn 0.0461 0.7570 0.6518
vn -0.1648 0.5346 -0.8289
vn -0.2560 0.9598 -0.1153
vn -0.0000 -0.0336 0.9994
vn 0.9336 -0.0465 0.3554
vn 0.8853 0.2847 0.3676
vn 0.9187 -0.0059 0.3950
vn 0.4464 -0.6726 0.5902
vn 0.0840 -0.7572 0.6478
vn -0.0000 -0.9968 -0.0794
vn -0.0000 -0.9966 -0.0826
vn 0.1648 0.9589 -0.2309
vn 0.0818 0.9861 -0.1445
vn 0.0722 0.9513 -0.2997
vn 0.0649 0.9572 -0.2822
vn -0.5163 -0.8564 -0.0001
vn -0.4569 -0.8849 -0.0912
vn -0.2164 -0.9702 -0.1091
vn -0.2974 -0.9548 -0.0000
vn 0.9877 -0.0233 -0.1549
vn 0.9741 -0.1506 -0.1684
vn 0.9977 -0.0000 -0.0681
vn 0.9976 -0.0000 -0.0692
vn -0.0000 0.9966 -0.0826
vn -0.0000 0.9968 -0.0794
vn 0.9597 -0.1081 -0.2595
vn 0.9935 -0.0000 -0.1140
vn 0.9397 -0.0000 -0.3419
vn 0.9386 -0.0000 -0.3449
vn -0.0000 -0.9992 -0.0388
vn -0.0000 -0.9993 -0.0386
vn 0.0326 0.9993 -0.0173
vn 0.0152 0.9981 0.0604
vn 0.8310 -0.0000 -0.5563
vn 0.0098 -0.9991 -0.0404
vn 0.0106 -0.9991 -0.0402
vn 0.0212 -0.9990 -0.0385
vn 0.9982 -0.0051 -0.0604
vn 0.9956 -0.0104 -0.0931
vn 0.9979 -0.0057 -0.0642
vn 0.0553 0.9969 0.0556
vn 0.0302 0.9873 0.1558
vn 0.2269 0.9717 -0.0651
vn 0.1060 0.9928 -0.0557
vn 0.2057 0.9766 -0.0635
vn 0.0841 0.9952 -0.0508
vn 0.0839 0.9952 -0.0506
vn 0.0912 0.9951 -0.0382
vn 0.0885 0.9953 -0.0381
vn 0.2138 0.9761 -0.0386
vn 0.9997 0.0017 -0.0232
vn 0.9996 0.0008 -0.0268
vn 0.7205 0.3481 0.5998
vn 0.9344 0.1845 0.3048
vn 0.9715 0.1262 0.2007
vn 0.7587 0.3274 0.5632
vn 0.6762 0.3693 0.6375
vn 0.8631 0.2573 0.4346
vn 0.9219 0.2000 0.3320
vn 0.6838 0.3658 0.6313
vn 0.9997 0.0019 -0.0223
vn 0.9979 -0.0053 -0.0640
vn 0.9975 -0.0062 -0.0698
vn 0.9998 0.0020 -0.0220
vn 0.9941 -0.0125 -0.1075
vn 0.0321 -0.9982 0.0501
vn 0.0330 -0.9994 -0.0120
vn 0.0268 -0.9996 -0.0102
vn 0.0502 -0.9935 -0.1020
vn 0.0290 -0.9970 -0.0723
vn -0.0328 0.9988 -0.0371
vn -0.1276 -0.1383 -0.9821
vn -0.3843 -0.1296 -0.9141
vn -0.1226 -0.1383 -0.9828
vn 0.1705 0.3213 0.9315
vn 0.0634 0.9897 -0.1287
vn 0.0258 0.9967 -0.0775
vn 0.0260 0.9949 -0.0973
vn 0.9998 0.0026 -0.0195
vn 0.9998 0.0024 -0.0209
vn 0.9998 0.0024 -0.0211
vn 0.9997 0.0022 -0.0226
vn 0.1449 -0.1370 -0.9799
vn 0.0221 -0.9978 -0.0626
vn 0.0173 0.9985 -0.0519
vn 0.0156 0.9974 -0.0708
vn 0.0140 0.9961 -0.0873
vn 0.9479 0.2043 -0.2443
vn 0.9847 0.0829 -0.1532
vn 0.6527 0.2228 -0.7241
vn 0.8947 0.2473 -0.3719
vn 0.9918 -0.0548 -0.1151
vn 0.9647 -0.1118 0.2384
vn 0.8288 -0.4481 -0.3352
vn 0.8287 -0.4475 -0.3363
vn 0.6586 -0.3467 -0.6678
vn 0.1602 -0.8449 -0.5103
vn 0.0496 0.9953 0.0828
vn 0.0757 0.9913 0.1075
vn 0.2432 0.9610 0.1320
vn 0.3979 0.9139 0.0804
vn 0.1311 0.8494 0.5113
vn 0.1384 0.8393 0.5258
vn 0.6123 0.6700 0.4197
vn 0.1564 0.8957 0.4164
vn 0.1620 0.8373 0.5222
vn 0.1783 0.8451 0.5039
vn 0.1438 0.9270 0.3465
vn 0.1466 0.9224 0.3573
vn 0.1617 0.9206 0.3554
vn 0.1740 0.9232 0.3426
vn 0.9490 0.2209 0.2249
vn 0.9550 0.2261 0.1921
vn 0.9401 0.2513 0.2305
vn 0.9461 0.2565 0.1978
vn 0.9071 0.2598 0.3311
vn 0.9155 0.2675 0.3005
vn 0.8829 0.3215 0.3423
vn 0.8913 0.3292 0.3117
vn 0.9482 0.2368 0.2115
vn 0.1569 0.9206 0.3576
vn 0.1531 0.8368 0.5257
vn 0.9053 0.2798 0.3195
vn 0.4002 -0.8139 -0.4212
vn -0.9753 0.2113 -0.0648
vn 0.1727 0.1746 -0.9694
vn 0.2354 0.2955 -0.9259
vn -0.1830 -0.1368 0.9735
vn -0.1810 -0.3427 0.9218
vn -0.2699 -0.2018 0.9415
vn -0.2444 -0.5000 0.8308
vn -0.2527 0.9662 0.0508
vn -0.9769 0.1948 -0.0879
vn -0.0027 0.9993 -0.0377
vn -0.0380 0.9993 -0.0000
vn 0.3461 0.9382 -0.0000
vn 0.3996 0.9130 -0.0827
vn 0.3234 -0.0117 0.9462
vn 0.1576 -0.0556 0.9859
vn 0.1835 -0.0490 0.9818
vn 0.9237 -0.3609 -0.1285
vn 0.9338 -0.3578 0.0002
vn 0.8598 -0.4235 0.2852
vn 0.8623 -0.4243 0.2765
vn 0.9286 -0.3573 0.1004
vn 0.9294 -0.3555 -0.0990
vn 0.9332 -0.3546 0.0591
vn 0.9380 -0.3468 -0.0000
vn 0.5419 -0.7048 -0.4577
vn 0.5548 -0.8250 -0.1076
vn 0.7002 0.7113 0.0610
vn 0.6773 0.7357 -0.0000
vn -0.0604 -0.9982 0.0001
vn 0.7872 -0.3765 -0.4885
vn -0.4326 -0.8928 -0.1255
vn 0.6773 -0.3290 0.6580
vn 0.6774 -0.3290 0.6579
vn -0.4940 -0.8689 0.0314
vn -0.2415 -0.9684 0.0623
vn 0.0087 0.9987 -0.0500
vn 0.1739 0.9808 -0.0880
vn -0.4859 -0.8730 0.0424
vn -0.3951 -0.9165 0.0636
vn 0.9248 -0.3644 -0.1093
vn 0.9274 -0.3661 0.0771
vn 0.9282 -0.3647 0.0744
vn 0.8061 -0.3728 0.4596
vn 0.7905 -0.3666 0.4906
vn 0.5039 0.8638 -0.0000
vn 0.5039 0.8638 0.0003
vn 0.5039 0.8638 -0.0003
vn -0.0327 -0.9987 0.0386
vn 0.6991 0.7118 -0.0679
vn 0.7313 0.6512 -0.2031
vn 0.0442 -0.9882 0.1465
vn 0.7365 0.6512 0.1830
vn 0.9449 -0.3274 -0.0005
vn 0.9449 -0.3274 0.0027
vn 0.9447 -0.3279 -0.0019
vn 0.9447 -0.3279 0.0008
vn 0.9439 -0.3302 0.0005
vn 0.9439 -0.3302 0.0001
vn 0.9432 -0.3323 0.0003
vn 0.9432 -0.3323 -0.0006
vn 0.9432 -0.3323 0.0011
vn 0.3125 -0.0994 0.9447
vn -0.4169 -0.9090 0.0002
vn -0.4169 -0.9090 -0.0000
vn -0.4169 -0.9090 -0.0003
vn 0.2945 -0.1009 -0.9503
vn -0.0146 0.9999 -0.0000
vn 0.3362 -0.9418 -0.0000
vn 0.1930 -0.9812 -0.0000
vn 0.1923 -0.9813 -0.0000
vn 0.1560 0.1309 -0.9790
vn 0.1382 0.1268 -0.9823
vn -0.0787 0.9969 -0.0000
vn -0.0784 0.9969 -0.0000
vn 0.0712 -0.9975 -0.0000
vn 0.0694 -0.9976 -0.0000
vn 0.2015 -0.9795 -0.0000
vn 0.1457 0.9893 -0.0000
vn 0.3136 0.7047 -0.6364
vn 0.0145 -0.9954 -0.0943
vn 0.9091 0.2515 -0.3322
vn 0.7968 0.5596 -0.2278
vn 0.8078 0.5294 0.2592
vn 0.9297 0.1952 0.3125
vn 0.4469 0.1912 -0.8739
vn 0.3088 -0.0157 0.9510
vn 0.4732 0.0308 0.8804
vn 0.0014 -0.0943 0.9955
vn 0.0146 -0.9999 -0.0000
vn -0.9720 -0.2351 -0.0000
vn -0.0014 0.0943 -0.9955
vn 0.9722 0.2332 0.0208
vn -0.0145 0.9954 0.0943
vn -0.9722 -0.2332 -0.0208
vn -0.1182 -0.9930 -0.0000
vn -0.6793 -0.7339 -0.0000
vn -0.9809 -0.1945 -0.0000
vn -0.9079 0.4192 -0.0000
vn -0.4881 0.8728 -0.0000
vn 0.1182 0.9930 -0.0000
vn 0.6793 0.7339 -0.0000
vn 0.9809 0.1945 -0.0000
vn 0.9079 -0.4192 -0.0000
vn 0.4881 -0.8728 -0.0000
vn -0.0000 -0.0000 1.0000
vn -0.0000 -0.0000 -1.0000
vn -0.6192 -0.7692 -0.1577
vn -0.5607 -0.7765 -0.2875
vn -0.0525 -0.9753 -0.2144
vn -0.1500 -0.9772 -0.1502
vn -0.9983 -0.0583 -0.0000
vn -0.9953 -0.0546 0.0800
vn -0.9672 0.2298 0.1083
vn -0.9720 0.2351 -0.0000
vn -0.1899 -0.9818 -0.0000
vn -0.1973 -0.9774 0.0758
vn -0.6455 -0.7574 0.0987
vn -0.6427 -0.7662 0.0001
vn -0.2173 0.3374 -0.9159
vn -0.1043 0.9945 -0.0000
vn -0.1731 0.9663 0.1904
vn -0.1753 0.9716 0.1591
vn -0.1962 0.9806 -0.0000
vn -0.2244 -0.9546 0.1961
vn -0.2049 -0.9352 0.2889
vn -0.6051 -0.7185 0.3430
vn -0.5940 -0.7707 0.2307
vn -0.2926 -0.9106 -0.2920
vn -0.6090 0.6472 0.4585
vn -0.0461 0.7570 0.6518
vn -0.0429 0.7370 0.6745
vn -0.1242 0.8991 0.4197
vn 0.1648 0.5346 -0.8289
vn 0.2560 0.9598 -0.1153
vn -0.9336 -0.0465 0.3554
vn -0.9187 -0.0059 0.3950
vn -0.8853 0.2847 0.3676
vn -0.0840 -0.7572 0.6478
vn -0.4464 -0.6726 0.5902
vn -0.1648 0.9589 -0.2309
vn -0.0649 0.9572 -0.2822
vn -0.0722 0.9513 -0.2997
vn -0.0818 0.9861 -0.1445
vn 0.5163 -0.8564 -0.0001
vn 0.2974 -0.9548 -0.0000
vn 0.2164 -0.9702 -0.1091
vn 0.4569 -0.8849 -0.0912
vn -0.9877 -0.0233 -0.1549
vn -0.9976 -0.0000 -0.0692
vn -0.9977 -0.0000 -0.0681
vn -0.9741 -0.1506 -0.1684
vn -0.9597 -0.1081 -0.2595
vn -0.9935 -0.0000 -0.1140
vn -0.9386 -0.0000 -0.3449
vn -0.9397 -0.0000 -0.3419
vn -0.0152 0.9981 0.0604
vn -0.0326 0.9993 -0.0173
vn -0.8310 -0.0000 -0.5563
vn -0.0098 -0.9991 -0.0404
vn -0.0212 -0.9990 -0.0385
vn -0.0106 -0.9991 -0.0402
vn -0.9982 -0.0051 -0.0604
vn -0.9979 -0.0057 -0.0642
vn -0.9956 -0.0104 -0.0931
vn -0.0553 0.9969 0.0556
vn -0.0302 0.9873 0.1558
vn -0.2269 0.9717 -0.0651
vn -0.2057 0.9766 -0.0635
vn -0.1060 0.9928 -0.0557
vn -0.0841 0.9952 -0.0508
vn -0.0839 0.9952 -0.0506
vn -0.0912 0.9951 -0.0382
vn -0.2138 0.9761 -0.0386
vn -0.0885 0.9953 -0.0381
vn -0.9997 0.0017 -0.0232
vn -0.9996 0.0008 -0.0268
vn -0.7205 0.3481 0.5998
vn -0.7587 0.3274 0.5632
vn -0.9715 0.1262 0.2007
vn -0.9344 0.1845 0.3048
vn -0.6762 0.3693 0.6375
vn -0.6838 0.3658 0.6313
vn -0.9219 0.2000 0.3320
vn -0.8631 0.2573 0.4346
vn -0.9998 0.0019 -0.0223
vn -0.9998 0.0020 -0.0220
vn -0.9975 -0.0062 -0.0698
vn -0.9979 -0.0053 -0.0640
vn -0.9941 -0.0125 -0.1075
vn -0.0321 -0.9982 0.0501
vn -0.0268 -0.9996 -0.0102
vn -0.0330 -0.9994 -0.0120
vn -0.0290 -0.9970 -0.0723
vn -0.0502 -0.9935 -0.1020
vn 0.0328 0.9988 -0.0371
vn 0.1276 -0.1383 -0.9821
vn 0.1226 -0.1383 -0.9828
vn 0.3843 -0.1296 -0.9141
vn -0.1705 0.3213 0.9315
vn -0.0634 0.9897 -0.1287
vn -0.0260 0.9949 -0.0973
vn -0.0258 0.9967 -0.0775
vn -0.9998 0.0026 -0.0195
vn -0.9998 0.0024 -0.0211
vn -0.9998 0.0024 -0.0209
vn -0.9997 0.0022 -0.0226
vn -0.1449 -0.1370 -0.9799
vn -0.0221 -0.9978 -0.0626
vn -0.0156 0.9974 -0.0708
vn -0.0173 0.9985 -0.0519
vn -0.0140 0.9961 -0.0873
vn -0.9479 0.2043 -0.2443
vn -0.9847 0.0829 -0.1532
vn -0.6527 0.2228 -0.7241
vn -0.9918 -0.0548 -0.1151
vn -0.8947 0.2473 -0.3719
vn -0.9647 -0.1118 0.2384
vn -0.8288 -0.4481 -0.3352
vn -0.1602 -0.8449 -0.5103
vn -0.6586 -0.3467 -0.6678
vn -0.8287 -0.4475 -0.3363
vn -0.0496 0.9953 0.0828
vn -0.3979 0.9139 0.0804
vn -0.2432 0.9610 0.1320
vn -0.0757 0.9913 0.1075
vn -0.1311 0.8494 0.5113
vn -0.1564 0.8957 0.4164
vn -0.6123 0.6700 0.4197
vn -0.1384 0.8393 0.5258
vn -0.1620 0.8373 0.5222
vn -0.1783 0.8452 0.5039
vn -0.1438 0.9270 0.3465
vn -0.1466 0.9224 0.3573
vn -0.1617 0.9206 0.3554
vn -0.1740 0.9232 0.3426
vn -0.9550 0.2261 0.1921
vn -0.9490 0.2209 0.2249
vn -0.9401 0.2513 0.2305
vn -0.9461 0.2565 0.1978
vn -0.9155 0.2675 0.3005
vn -0.9071 0.2598 0.3311
vn -0.8829 0.3215 0.3423
vn -0.8913 0.3292 0.3117
vn -0.9482 0.2368 0.2115
vn -0.1569 0.9206 0.3576
vn -0.1531 0.8368 0.5257
vn -0.9053 0.2798 0.3195
vn -0.4002 -0.8139 -0.4212
vn 0.9753 0.2113 -0.0648
vn -0.1727 0.1746 -0.9694
vn -0.2354 0.2955 -0.9259
vn 0.1830 -0.1368 0.9735
vn 0.1810 -0.3427 0.9218
vn 0.2699 -0.2018 0.9415
vn 0.2444 -0.5000 0.8308
vn 0.2527 0.9662 0.0508
vn 0.9769 0.1948 -0.0879
vn 0.0027 0.9993 -0.0377
vn -0.3996 0.9130 -0.0827
vn -0.3461 0.9382 -0.0000
vn 0.0380 0.9993 -0.0000
vn -0.3234 -0.0117 0.9462
vn -0.1835 -0.0490 0.9818
vn -0.1576 -0.0556 0.9859
vn -0.9237 -0.3609 -0.1285
vn -0.9338 -0.3578 0.0002
vn -0.8598 -0.4235 0.2852
vn -0.8623 -0.4243 0.2765
vn -0.9286 -0.3573 0.1004
vn -0.9294 -0.3555 -0.0990
vn -0.9332 -0.3546 0.0591
vn -0.9380 -0.3468 -0.0000
vn -0.5548 -0.8250 -0.1076
vn -0.5419 -0.7048 -0.4577
vn -0.6773 0.7357 -0.0000
vn -0.7002 0.7113 0.0610
vn 0.0604 -0.9982 0.0001
vn -0.7872 -0.3765 -0.4885
vn 0.4326 -0.8928 -0.1255
vn -0.6774 -0.3290 0.6579
vn -0.6773 -0.3290 0.6580
vn 0.4940 -0.8689 0.0314
vn 0.2415 -0.9684 0.0623
vn -0.0087 0.9987 -0.0500
vn -0.1739 0.9808 -0.0880
vn 0.4859 -0.8730 0.0424
vn 0.3951 -0.9165 0.0636
vn -0.9248 -0.3644 -0.1093
vn -0.9274 -0.3661 0.0771
vn -0.7905 -0.3666 0.4906
vn -0.8061 -0.3728 0.4596
vn -0.9282 -0.3647 0.0744
vn -0.5039 0.8638 -0.0000
vn -0.5039 0.8638 0.0003
vn -0.5039 0.8638 -0.0003
vn 0.0327 -0.9987 0.0386
vn -0.7313 0.6512 -0.2031
vn -0.6991 0.7118 -0.0679
vn -0.0442 -0.9882 0.1465
vn -0.7365 0.6512 0.1830
vn -0.9449 -0.3274 -0.0005
vn -0.9449 -0.3274 0.0027
vn -0.9447 -0.3279 -0.0019
vn -0.9447 -0.3279 0.0008
vn -0.9439 -0.3302 0.0005
vn -0.9439 -0.3302 0.0001
vn -0.9432 -0.3323 0.0003
vn -0.9432 -0.3323 -0.0006
vn -0.9432 -0.3323 0.0011
vn -0.3125 -0.0994 0.9447
vn 0.4169 -0.9090 0.0002
vn 0.4169 -0.9090 -0.0000
vn 0.4169 -0.9090 -0.0003
vn -0.2945 -0.1009 -0.9503
vn 0.0146 0.9999 -0.0000
vn -0.3362 -0.9418 -0.0000
vn -0.1923 -0.9813 -0.0000
vn -0.1930 -0.9812 -0.0000
vn -0.1382 0.1268 -0.9823
vn -0.1560 0.1309 -0.9790
vn 0.0784 0.9969 -0.0000
vn 0.0787 0.9969 -0.0000
vn -0.0712 -0.9975 -0.0000
vn -0.2015 -0.9795 -0.0000
vn -0.0694 -0.9976 -0.0000
vn -0.3136 0.7047 -0.6364
vn -0.1457 0.9893 -0.0000
vn -0.0145 -0.9954 -0.0943
vn -0.9091 0.2515 -0.3322
vn -0.9297 0.1952 0.3125
vn -0.8078 0.5294 0.2591
vn -0.7968 0.5596 -0.2278
vn -0.4469 0.1912 -0.8739
vn -0.3088 -0.0157 0.9510
vn -0.4732 0.0308 0.8804
vn -0.0014 -0.0943 0.9955
vn -0.0146 -0.9999 -0.0000
vn 0.9720 -0.2351 -0.0000
vn 0.0014 0.0943 -0.9955
vn -0.9722 0.2332 0.0208
vn 0.0145 0.9954 0.0943
vn 0.9722 -0.2332 -0.0208
vn 0.1182 -0.9930 -0.0000
vn 0.6793 -0.7339 -0.0000
vn 0.9809 -0.1945 -0.0000
vn 0.9079 0.4192 -0.0000
vn 0.4881 0.8728 -0.0000
vn -0.1182 0.9930 -0.0000
vn -0.6793 0.7339 -0.0000
vn -0.9809 0.1945 -0.0000
vn -0.9079 -0.4192 -0.0000
vn -0.4881 -0.8728 -0.0000
vt 0.192721 0.295951
vt 0.246395 0.296020
vt 0.244001 0.363059
vt 0.204164 0.363106
vt 0.425137 0.528802
vt 0.463766 0.532445
vt 0.489788 0.534898
vt 0.489788 0.623245
vt 0.425137 0.617150
vt 0.246395 0.214888
vt 0.192721 0.214819
vt 0.192721 0.126456
vt 0.246395 0.126525
vt 0.391828 0.788238
vt 0.382650 0.826789
vt 0.379288 0.826243
vt 0.388466 0.788238
vt 0.046570 0.533605
vt 0.096045 0.527112
vt 0.096045 0.615391
vt 0.046570 0.621884
vt 0.245713 0.073697
vt 0.200677 0.073618
vt 0.209801 0.022119
vt 0.244620 0.022210
vt 0.990164 0.855183
vt 0.990164 0.902544
vt 0.986597 0.902485
vt 0.986597 0.855123
vt 0.066163 0.725376
vt 0.097442 0.732758
vt 0.097598 0.744269
vt 0.071264 0.744298
vt 0.190428 0.913372
vt 0.188193 0.942888
vt 0.185113 0.942360
vt 0.187348 0.913372
vt 0.510067 0.795430
vt 0.510067 0.747767
vt 0.513537 0.747724
vt 0.513537 0.795387
vt 0.902524 0.516809
vt 0.891311 0.516809
vt 0.891311 0.490468
vt 0.902524 0.490468
vt 0.426026 0.721789
vt 0.443864 0.725179
vt 0.440431 0.744053
vt 0.429211 0.749538
vt 0.217231 0.000062
vt 0.243460 0.000031
vt 0.243098 0.442000
vt 0.220868 0.442026
vt 0.096045 0.446058
vt 0.046570 0.452551
vt 0.056983 0.380545
vt 0.096978 0.380501
vt 0.794772 0.385935
vt 0.793551 0.466689
vt 0.784536 0.458455
vt 0.785630 0.386099
vt 0.439081 0.302213
vt 0.424228 0.302270
vt 0.432103 0.101283
vt 0.440465 0.101251
vt 0.074898 0.301982
vt 0.097216 0.301957
vt 0.424548 0.380696
vt 0.411646 0.380959
vt 0.441537 0.053402
vt 0.434998 0.053427
vt 0.437607 0.010301
vt 0.442502 0.010282
vt 0.242437 0.643015
vt 0.225065 0.643035
vt 0.079948 0.101389
vt 0.097390 0.101370
vt 0.443652 0.000022
vt 0.449422 -0.000000
vt 0.448272 0.010260
vt 0.230363 0.690986
vt 0.242252 0.690971
vt 0.242085 0.744607
vt 0.235138 0.734195
vt 0.512096 0.212331
vt 0.489788 0.208673
vt 0.489788 0.125398
vt 0.512117 0.128984
vt 0.093294 0.096344
vt 0.097374 0.100508
vt 0.097457 0.002245
vt 0.094949 0.024886
vt 0.090509 0.010418
vt 0.097483 0.000000
vt 0.094164 0.053748
vt 0.085503 0.053538
vt 0.588956 0.916358
vt 0.586760 0.916406
vt 0.586955 0.910350
vt 0.588386 0.887676
vt 0.534775 0.214405
vt 0.518214 0.129274
vt 0.574703 0.218259
vt 0.570405 0.218240
vt 0.535444 0.131128
vt 0.539690 0.131328
vt 0.587718 0.250575
vt 0.583401 0.250623
vt 0.574289 0.227919
vt 0.578593 0.227918
vt 0.540931 0.246052
vt 0.512088 0.243314
vt 0.512094 0.221592
vt 0.536615 0.223864
vt 0.489788 0.239630
vt 0.489788 0.217926
vt 0.647797 0.077519
vt 0.623162 0.078281
vt 0.613032 0.000440
vt 0.633054 0.000000
vt 0.600502 0.080635
vt 0.597724 0.080402
vt 0.587823 0.056931
vt 0.589377 0.937804
vt 0.586760 0.933690
vt 0.537945 0.793455
vt 0.538260 0.769896
vt 0.541969 0.769896
vt 0.541654 0.793435
vt 0.974656 0.698487
vt 0.965547 0.698487
vt 0.965964 0.620793
vt 0.971302 0.620793
vt 0.535106 0.609279
vt 0.512468 0.606912
vt 0.546885 0.585834
vt 0.536993 0.609355
vt 0.074311 0.932571
vt 0.074311 0.952581
vt 0.068915 0.953160
vt 0.068915 0.934236
vt 0.072364 0.969515
vt 0.069914 0.969778
vt 0.541591 0.849848
vt 0.539134 0.849862
vt 0.596044 0.000689
vt 0.489788 0.606229
vt 0.503129 0.528599
vt 0.521999 0.529005
vt 0.538491 0.529436
vt 0.450322 0.101213
vt 0.449243 0.053372
vt 0.438757 0.000041
vt 0.463338 0.380760
vt 0.456588 0.302146
vt 0.489788 0.453781
vt 0.463766 0.451327
vt 0.425137 0.447685
vt 0.416106 0.721954
vt 0.419691 0.744133
vt 0.912330 0.516809
vt 0.912330 0.490468
vt 0.402707 0.670441
vt 0.421596 0.670089
vt 0.415122 0.386653
vt 0.419618 0.386192
vt 0.418537 0.400642
vt 0.406064 0.401087
vt 0.758998 0.759954
vt 0.768052 0.807449
vt 0.757992 0.793402
vt 0.749880 0.750846
vt 0.096551 0.670892
vt 0.058136 0.677017
vt 0.055721 0.675454
vt 0.096523 0.668971
vt 0.067956 0.723887
vt 0.097414 0.730866
vt 0.096071 0.618355
vt 0.050025 0.624409
vt 0.058185 0.672083
vt 0.096497 0.665987
vt 0.485581 0.625978
vt 0.428046 0.620518
vt 0.471788 0.676240
vt 0.469637 0.672838
vt 0.424928 0.667393
vt 0.466904 0.678727
vt 0.425022 0.673517
vt 0.442304 0.721738
vt 0.428965 0.719315
vt 0.489788 0.747724
vt 0.489788 0.689930
vt 0.537945 0.701377
vt 0.536748 0.746400
vt 0.872898 0.803893
vt 0.878901 0.849400
vt 0.831269 0.849773
vt 0.825215 0.812000
vt 0.634882 0.175337
vt 0.646827 0.211809
vt 0.587718 0.221994
vt 0.590111 0.192331
vt 0.490843 0.841088
vt 0.533048 0.841088
vt 0.513945 0.886806
vt 0.500409 0.886049
vt 0.996612 0.443720
vt 0.996612 0.487549
vt 0.993084 0.487275
vt 0.993084 0.443446
vt 0.292983 0.959907
vt 0.292983 0.906996
vt 0.296498 0.906871
vt 0.296498 0.959781
vt 0.990121 0.950167
vt 0.990121 0.995482
vt 0.986598 0.995280
vt 0.986598 0.949965
vt 0.541324 0.850435
vt 0.541324 0.864521
vt 0.537945 0.863948
vt 0.537945 0.849862
vt 0.628814 0.586398
vt 0.628814 0.528599
vt 0.632343 0.528659
vt 0.632343 0.586459
vt 0.619712 0.793297
vt 0.628814 0.839582
vt 0.625455 0.839582
vt 0.616353 0.793843
vt 0.510067 0.837814
vt 0.510067 0.795430
vt 0.513494 0.795466
vt 0.513494 0.837850
vt 0.734714 0.856079
vt 0.743906 0.894732
vt 0.740831 0.894732
vt 0.731639 0.856608
vt 0.988981 0.069546
vt 0.988981 0.022090
vt 0.992491 0.021923
vt 0.992491 0.069379
vt 0.986072 0.447726
vt 0.986072 0.398060
vt 0.989573 0.397929
vt 0.989573 0.447595
vt 0.754864 0.591484
vt 0.756729 0.672139
vt 0.747847 0.672164
vt 0.746175 0.599898
vt 0.244694 0.932680
vt 0.218874 0.928559
vt 0.220809 0.921149
vt 0.245028 0.925014
vt 0.398878 0.448385
vt 0.399018 0.529137
vt 0.393980 0.529202
vt 0.393980 0.448085
vt 0.406739 0.664572
vt 0.416949 0.664517
vt 0.398906 0.617306
vt 0.393980 0.617549
vt 0.420155 0.448132
vt 0.420164 0.616784
vt 0.420100 0.528867
vt 0.793305 0.513899
vt 0.778824 0.498818
vt 0.771099 0.449972
vt 0.678316 0.127837
vt 0.678369 0.206610
vt 0.664593 0.196728
vt 0.664546 0.127329
vt 0.772062 0.386226
vt 0.975422 0.206951
vt 0.989539 0.206951
vt 0.983683 0.224115
vt 0.978393 0.221714
vt 0.803338 0.528568
vt 0.398552 0.650102
vt 0.416146 0.650021
vt 0.795612 0.297751
vt 0.786383 0.307086
vt 0.768052 0.529029
vt 0.757992 0.543938
vt 0.803338 0.250623
vt 0.793305 0.264859
vt 0.664593 0.063599
vt 0.647797 0.063797
vt 0.660622 0.015068
vt 0.664171 0.014705
vt 0.647812 0.197139
vt 0.662053 0.234408
vt 0.653993 0.234450
vt 0.881569 0.662746
vt 0.881635 0.712343
vt 0.825249 0.691500
vt 0.825215 0.665560
vt 0.881635 0.620793
vt 0.825249 0.643619
vt 0.883299 0.229631
vt 0.883299 0.249886
vt 0.869008 0.246703
vt 0.866400 0.235933
vt 0.772725 0.316616
vt 0.677891 -0.000000
vt 0.678369 0.055498
vt 0.778824 0.279414
vt 0.675486 0.249379
vt 0.662202 0.085376
vt 0.650208 0.085520
vt 0.650213 0.177255
vt 0.662205 0.176997
vt 0.650281 0.127511
vt 0.647904 0.127541
vt 0.662169 0.127358
vt 0.609174 0.906970
vt 0.615391 0.906890
vt 0.615409 0.932851
vt 0.609137 0.932986
vt 0.609137 0.885009
vt 0.615409 0.884933
vt 0.935571 0.803893
vt 0.948917 0.806670
vt 0.942551 0.871907
vt 0.935571 0.870455
vt 0.354748 0.749687
vt 0.354880 0.799442
vt 0.298250 0.798629
vt 0.298181 0.772608
vt 0.354748 0.841438
vt 0.298181 0.820593
vt 0.377070 0.888375
vt 0.390649 0.887156
vt 0.384172 0.952720
vt 0.377070 0.953357
vt 0.897048 0.984309
vt 0.897048 0.962287
vt 0.915194 0.962295
vt 0.915194 0.984317
vt 0.295817 0.744607
vt 0.295817 0.825739
vt 0.288374 0.823125
vt 0.288374 0.747023
vt 0.825215 0.923479
vt 0.799374 0.927495
vt 0.798919 0.919816
vt 0.823157 0.916049
vt 0.038932 0.530980
vt 0.038932 0.454951
vt 0.258198 0.747053
vt 0.258198 0.823155
vt 0.250763 0.813270
vt 0.250763 0.756346
vt 0.008666 0.530993
vt 0.008666 0.454965
vt 0.539779 0.957038
vt 0.517139 0.957227
vt 0.517139 0.928640
vt 0.539779 0.928450
vt 0.513815 0.757425
vt 0.532072 0.759146
vt 0.532072 0.816060
vt 0.513815 0.814339
vt 0.513537 0.747724
vt 0.537945 0.750026
vt 0.537945 0.826114
vt 0.513537 0.823812
vt -0.000000 0.521343
vt -0.000000 0.464474
vt 0.224608 0.917683
vt 0.240702 0.920252
vt 0.239294 0.898274
vt 0.223200 0.895705
vt 0.218874 0.890943
vt 0.243093 0.894808
vt 0.986237 0.302689
vt 0.970340 0.299097
vt 0.970340 0.277074
vt 0.986237 0.280666
vt 0.988302 0.061868
vt 0.972083 0.060338
vt 0.972083 0.042178
vt 0.988302 0.043707
vt 0.843379 0.965890
vt 0.843379 0.987847
vt 0.825215 0.987829
vt 0.825215 0.965872
vt 0.974656 0.641946
vt 0.990763 0.640483
vt 0.990763 0.658646
vt 0.974656 0.660109
vt 0.802904 0.915466
vt 0.819687 0.912858
vt 0.821230 0.890202
vt 0.804447 0.892810
vt 0.800976 0.889618
vt 0.825215 0.885851
vt 0.629699 0.976591
vt 0.613132 0.980334
vt 0.613132 0.957625
vt 0.629699 0.953882
vt 0.869784 0.494018
vt 0.886759 0.494028
vt 0.886759 0.522779
vt 0.869784 0.522769
vt 0.123443 0.916980
vt 0.146151 0.916990
vt 0.146151 0.945708
vt 0.123443 0.945697
vt 0.940311 0.146514
vt 0.957163 0.146573
vt 0.957163 0.175316
vt 0.940311 0.175256
vt 0.923980 0.870000
vt 0.918211 0.870043
vt 0.918211 0.803936
vt 0.923980 0.803893
vt 0.970340 0.316771
vt 0.964227 0.316725
vt 0.964227 0.250623
vt 0.970340 0.250669
vt 0.957718 0.316750
vt 0.957718 0.250648
vt 0.922443 0.529042
vt 0.927089 0.529260
vt 0.927089 0.595304
vt 0.922443 0.595086
vt 0.933658 0.529312
vt 0.933658 0.595356
vt 0.939641 0.529178
vt 0.939641 0.595221
vt 0.419331 0.895873
vt 0.425607 0.895925
vt 0.425607 0.962020
vt 0.419331 0.961968
vt 0.432006 0.895882
vt 0.432006 0.961977
vt 0.201055 0.983045
vt 0.205091 0.983076
vt 0.205091 0.992991
vt 0.201055 0.992960
vt 0.935571 0.870066
vt 0.930611 0.870008
vt 0.930611 0.803902
vt 0.935571 0.803959
vt 0.948144 0.794925
vt 0.948161 0.799102
vt 0.941981 0.799102
vt 0.941965 0.794925
vt 0.895960 0.782979
vt 0.891892 0.781656
vt 0.891892 0.777792
vt 0.898231 0.779854
vt 0.887824 0.782976
vt 0.885553 0.779849
vt 0.885309 0.786435
vt 0.881635 0.785239
vt 0.885309 0.790712
vt 0.881635 0.791905
vt 0.887824 0.794174
vt 0.885553 0.797299
vt 0.891892 0.795497
vt 0.891892 0.799361
vt 0.895960 0.794177
vt 0.898231 0.797304
vt 0.898474 0.790718
vt 0.902149 0.791913
vt 0.898474 0.786441
vt 0.902149 0.785248
vt 0.532819 0.980113
vt 0.536888 0.978790
vt 0.540956 0.980110
vt 0.543471 0.983569
vt 0.543471 0.987846
vt 0.540956 0.991307
vt 0.536888 0.992630
vt 0.532819 0.991310
vt 0.530305 0.987851
vt 0.530305 0.983574
vt 0.426923 0.991505
vt 0.426923 0.987250
vt 0.433103 0.987241
vt 0.433103 0.991497
vt 0.844943 0.245323
vt 0.844976 0.241295
vt 0.851155 0.241295
vt 0.851121 0.245323
vt 0.742462 0.958604
vt 0.742346 0.961587
vt 0.736172 0.961635
vt 0.736289 0.958653
vt 0.426955 0.995207
vt 0.433135 0.995199
vt 0.844970 0.249429
vt 0.851149 0.249429
vt 0.742462 0.954388
vt 0.736289 0.954437
vt 0.948131 0.803025
vt 0.941951 0.803025
vt 0.426955 0.984067
vt 0.433135 0.984058
vt 0.742346 0.950550
vt 0.736172 0.950599
vt 0.531584 0.962249
vt 0.527398 0.960890
vt 0.527398 0.957227
vt 0.533738 0.959285
vt 0.534172 0.965808
vt 0.537657 0.964675
vt 0.534172 0.970207
vt 0.537657 0.971339
vt 0.531584 0.973767
vt 0.533738 0.976730
vt 0.527398 0.975127
vt 0.527398 0.978790
vt 0.523212 0.973768
vt 0.521057 0.976732
vt 0.520624 0.970209
vt 0.517139 0.971341
vt 0.520624 0.965809
vt 0.517139 0.964678
vt 0.523212 0.962250
vt 0.521057 0.959287
vt 0.527079 0.835439
vt 0.524492 0.838998
vt 0.520308 0.840357
vt 0.516123 0.838995
vt 0.513537 0.835433
vt 0.513537 0.831032
vt 0.516123 0.827472
vt 0.520308 0.826114
vt 0.524492 0.827475
vt 0.527079 0.831037
vt 0.825141 0.980531
vt 0.825104 0.983806
vt 0.815188 0.983806
vt 0.815226 0.980531
vt 0.945163 0.520846
vt 0.945074 0.516895
vt 0.954980 0.516895
vt 0.955069 0.520846
vt 0.209389 0.983060
vt 0.209389 0.992974
vt 0.825098 0.988185
vt 0.815182 0.988185
vt 0.048102 0.951843
vt 0.043958 0.951809
vt 0.043958 0.941895
vt 0.048102 0.941929
vt 0.944984 0.528251
vt 0.945128 0.525183
vt 0.955035 0.525183
vt 0.954891 0.528251
vt 0.825126 0.991994
vt 0.815210 0.991994
vt 0.039733 0.951837
vt 0.039733 0.941923
vt 0.914515 0.464036
vt 0.908745 0.464079
vt 0.908745 0.397972
vt 0.914515 0.397929
vt 0.109211 0.968371
vt 0.103097 0.968325
vt 0.103097 0.902223
vt 0.109211 0.902269
vt 0.096588 0.968350
vt 0.096588 0.902248
vt 0.923113 0.078499
vt 0.927759 0.078717
vt 0.927759 0.144761
vt 0.923113 0.144543
vt 0.934328 0.078769
vt 0.934328 0.144813
vt 0.940311 0.078635
vt 0.940311 0.144678
vt 0.948917 0.803893
vt 0.955193 0.803945
vt 0.955193 0.870039
vt 0.948917 0.869988
vt 0.961592 0.803902
vt 0.961592 0.869996
vt 0.048157 0.982937
vt 0.052194 0.982967
vt 0.052194 0.992882
vt 0.048157 0.992852
vt 0.926106 0.464102
vt 0.921146 0.464045
vt 0.921146 0.397938
vt 0.926106 0.397995
vt 0.929517 0.794925
vt 0.929533 0.799102
vt 0.923354 0.799102
vt 0.923337 0.794925
vt 0.606264 0.956434
vt 0.602196 0.955110
vt 0.602196 0.951246
vt 0.608535 0.953309
vt 0.598127 0.956430
vt 0.595856 0.953303
vt 0.595613 0.959890
vt 0.591939 0.958694
vt 0.595613 0.964167
vt 0.591939 0.965359
vt 0.598127 0.967628
vt 0.595856 0.970753
vt 0.602196 0.968952
vt 0.602196 0.972816
vt 0.606264 0.967632
vt 0.608535 0.970759
vt 0.608778 0.964172
vt 0.612453 0.965368
vt 0.608778 0.959895
vt 0.612453 0.958703
vt 0.341732 0.980463
vt 0.345800 0.979140
vt 0.349869 0.980460
vt 0.352383 0.983920
vt 0.352383 0.988197
vt 0.349869 0.991658
vt 0.345800 0.992981
vt 0.341732 0.991660
vt 0.339217 0.988201
vt 0.339217 0.983924
vt 0.019864 0.991319
vt 0.019864 0.987064
vt 0.026043 0.987055
vt 0.026043 0.991311
vt 0.820096 0.245323
vt 0.820129 0.241295
vt 0.826308 0.241295
vt 0.826275 0.245323
vt 0.965319 0.774251
vt 0.965202 0.777234
vt 0.959029 0.777282
vt 0.959145 0.774300
vt 0.019896 0.995021
vt 0.026076 0.995013
vt 0.820123 0.249429
vt 0.826302 0.249429
vt 0.965319 0.770036
vt 0.959145 0.770084
vt 0.929503 0.803025
vt 0.923324 0.803025
vt 0.019896 0.983881
vt 0.026076 0.983872
vt 0.965202 0.766197
vt 0.959029 0.766246
vt 0.561330 0.963190
vt 0.557144 0.961830
vt 0.557144 0.958168
vt 0.563484 0.960226
vt 0.563917 0.966749
vt 0.567403 0.965616
vt 0.563917 0.971148
vt 0.567403 0.972280
vt 0.561330 0.974708
vt 0.563484 0.977671
vt 0.557144 0.976068
vt 0.557144 0.979731
vt 0.552957 0.974709
vt 0.550803 0.977673
vt 0.550370 0.971150
vt 0.546885 0.972282
vt 0.550370 0.966750
vt 0.546885 0.965619
vt 0.552957 0.963191
vt 0.550803 0.960227
vt 0.950624 0.318730
vt 0.953212 0.322289
vt 0.953212 0.326688
vt 0.950624 0.330248
vt 0.946438 0.331608
vt 0.942251 0.330249
vt 0.939664 0.326690
vt 0.939664 0.322290
vt 0.942251 0.318731
vt 0.946438 0.317371
vt 0.570010 0.979731
vt 0.569972 0.983006
vt 0.560056 0.983006
vt 0.560094 0.979731
vt 0.973455 0.613388
vt 0.973366 0.609438
vt 0.983272 0.609438
vt 0.983361 0.613388
vt 0.056491 0.982951
vt 0.056491 0.992866
vt 0.569966 0.987384
vt 0.560051 0.987384
vt 0.546314 0.880320
vt 0.542171 0.880286
vt 0.542171 0.870372
vt 0.546314 0.870406
vt 0.973277 0.620793
vt 0.973421 0.617725
vt 0.983327 0.617725
vt 0.983183 0.620793
vt 0.569995 0.991194
vt 0.560079 0.991194
vt 0.537945 0.880314
vt 0.537945 0.870400
vt 0.298181 0.295826
vt 0.283837 0.363012
vt 0.332809 0.220546
vt 0.332809 0.132189
vt 0.393980 0.125824
vt 0.393980 0.214180
vt 0.369359 0.216742
vt 0.298181 0.126331
vt 0.298181 0.214694
vt 0.379288 0.750234
vt 0.382650 0.749687
vt 0.146003 0.533495
vt 0.146003 0.621773
vt 0.277551 0.022038
vt 0.288862 0.073514
vt 0.996606 0.323882
vt 0.993207 0.324210
vt 0.993207 0.277403
vt 0.996606 0.277074
vt 0.128823 0.725307
vt 0.123931 0.744239
vt 0.185113 0.884385
vt 0.188193 0.883856
vt 0.546855 0.928450
vt 0.543435 0.928404
vt 0.543435 0.880687
vt 0.546855 0.880733
vt 0.902524 0.464127
vt 0.891311 0.464127
vt 0.326928 0.027689
vt 0.326649 0.000000
vt 0.337969 0.005422
vt 0.342761 0.024249
vt 0.269689 0.000000
vt 0.265328 0.441973
vt 0.136973 0.380456
vt 0.146003 0.452441
vt 0.500263 0.385850
vt 0.510485 0.385926
vt 0.511970 0.458274
vt 0.501920 0.466596
vt 0.335540 0.447343
vt 0.335640 0.648349
vt 0.327203 0.648364
vt 0.320555 0.447369
vt 0.119534 0.301932
vt 0.328009 0.368768
vt 0.312561 0.368634
vt 0.335256 0.696232
vt 0.334911 0.739381
vt 0.329972 0.739390
vt 0.328660 0.696244
vt 0.259810 0.642994
vt 0.114832 0.101350
vt 0.334217 0.749679
vt 0.340732 0.739371
vt 0.340038 0.749668
vt 0.254140 0.690957
vt 0.249031 0.734179
vt 0.565390 0.086830
vt 0.565389 0.002942
vt 0.587823 -0.000000
vt 0.587823 0.083933
vt 0.101454 0.096335
vt 0.104457 0.010402
vt 0.099964 0.024880
vt 0.100670 0.053741
vt 0.109375 0.053512
vt 0.590742 0.910269
vt 0.591152 0.916311
vt 0.542661 0.088579
vt 0.559272 0.003107
vt 0.502818 0.092929
vt 0.537868 0.005586
vt 0.542009 0.004753
vt 0.506963 0.091982
vt 0.489788 0.125398
vt 0.498923 0.102633
vt 0.503069 0.101674
vt 0.493935 0.124409
vt 0.536486 0.120352
vt 0.540815 0.098076
vt 0.565391 0.096151
vt 0.565391 0.118014
vt 0.587823 0.093259
vt 0.587823 0.115134
vt 0.647797 0.083600
vt 0.633054 0.160793
vt 0.613032 0.160461
vt 0.623162 0.083044
vt 0.587823 0.103850
vt 0.591824 0.933581
vt 0.537945 0.746337
vt 0.541654 0.746357
vt 0.181485 0.821992
vt 0.184839 0.744298
vt 0.190177 0.744298
vt 0.190594 0.821992
vt 0.546885 0.632898
vt 0.512468 0.611595
vt 0.245028 0.890943
vt 0.250465 0.892548
vt 0.250465 0.911484
vt 0.245028 0.910966
vt 0.249444 0.928126
vt 0.246976 0.927891
vt 0.539134 0.689930
vt 0.541591 0.689944
vt 0.596045 0.159940
vt 0.521999 0.689604
vt 0.503129 0.689930
vt 0.489788 0.612162
vt 0.538491 0.689294
vt 0.345583 0.648332
vt 0.343031 0.696218
vt 0.329279 0.749687
vt 0.364712 0.368543
vt 0.353201 0.447312
vt 0.393981 0.295307
vt 0.332809 0.301672
vt 0.369359 0.297868
vt 0.315469 0.027613
vt 0.317045 0.005459
vt 0.912330 0.464127
vt 0.304679 0.079144
vt 0.326930 0.079317
vt 0.316934 0.362900
vt 0.310701 0.348448
vt 0.324480 0.348796
vt 0.322803 0.363305
vt 0.641536 0.481514
vt 0.650642 0.472388
vt 0.642716 0.514962
vt 0.632690 0.529029
vt 0.137810 0.675363
vt 0.135421 0.676932
vt 0.126970 0.723822
vt 0.142568 0.624306
vt 0.135264 0.671998
vt 0.335364 0.128812
vt 0.389853 0.123111
vt 0.371677 0.076383
vt 0.373516 0.072977
vt 0.330229 0.081995
vt 0.329812 0.075882
vt 0.368753 0.070513
vt 0.341615 0.027689
vt 0.329880 0.030147
vt 0.096314 0.890834
vt 0.049217 0.890834
vt 0.048157 0.849022
vt 0.096588 0.836048
vt 0.872898 0.895344
vt 0.825215 0.887987
vt 0.646827 0.250623
vt 0.599193 0.249572
vt 0.714205 0.856079
vt 0.707892 0.901376
vt 0.695931 0.902208
vt 0.674895 0.856079
vt 0.393943 0.929990
vt 0.390649 0.930684
vt 0.390649 0.887851
vt 0.393943 0.887157
vt 0.632419 0.872041
vt 0.628814 0.872106
vt 0.628814 0.817965
vt 0.632419 0.817900
vt 0.990164 0.950567
vt 0.993688 0.950365
vt 0.993688 0.995680
vt 0.990164 0.995882
vt 0.163126 0.917553
vt 0.166505 0.916980
vt 0.166505 0.931066
vt 0.163126 0.931639
vt 0.632343 0.759979
vt 0.628814 0.760039
vt 0.628814 0.702240
vt 0.632343 0.702179
vt 0.619712 0.885868
vt 0.616353 0.885321
vt 0.998126 0.530432
vt 0.994700 0.530468
vt 0.994700 0.488084
vt 0.998126 0.488048
vt 0.734714 0.933386
vt 0.731639 0.932857
vt 0.993566 0.851514
vt 0.990099 0.851332
vt 0.990099 0.803893
vt 0.993566 0.804075
vt 0.369705 0.979184
vt 0.366100 0.979233
vt 0.366100 0.928849
vt 0.369705 0.928801
vt 0.645717 0.313046
vt 0.654388 0.321441
vt 0.652698 0.393707
vt 0.643832 0.393699
vt 0.772805 0.930318
vt 0.772471 0.922652
vt 0.796690 0.918787
vt 0.798625 0.926197
vt 0.303710 0.301180
vt 0.298181 0.301521
vt 0.298181 0.220395
vt 0.303780 0.220419
vt 0.309551 0.084973
vt 0.321930 0.084922
vt 0.303724 0.132240
vt 0.298181 0.132038
vt 0.327237 0.301265
vt 0.327242 0.132595
vt 0.327210 0.220521
vt 0.525514 0.449686
vt 0.515936 0.498630
vt 0.501099 0.513828
vt 0.665804 0.394294
vt 0.663992 0.463612
vt 0.524205 0.385947
vt 0.745756 0.933386
vt 0.742785 0.948149
vt 0.737495 0.950550
vt 0.731639 0.933386
vt 0.489788 0.528599
vt 0.323697 0.099365
vt 0.304086 0.099426
vt 0.498980 0.297671
vt 0.509335 0.306917
vt 0.632690 0.250623
vt 0.642716 0.265510
vt 0.489788 0.250623
vt 0.501099 0.264762
vt 0.642546 0.593027
vt 0.649660 0.544448
vt 0.654257 0.545110
vt 0.661062 0.594469
vt 0.651183 0.727459
vt 0.643836 0.764328
vt 0.634088 0.763645
vt 0.632690 0.725806
vt 0.123510 0.786250
vt 0.181485 0.788938
vt 0.181451 0.814877
vt 0.123443 0.835848
vt 0.123443 0.744298
vt 0.181451 0.766996
vt 0.883299 0.229631
vt 0.900197 0.235933
vt 0.897589 0.246703
vt 0.883299 0.249886
vt 0.523193 0.316341
vt 0.640766 0.529029
vt 0.632691 0.584170
vt 0.515936 0.279202
vt 0.667293 0.330628
vt 0.657010 0.501120
vt 0.643570 0.614924
vt 0.656807 0.615957
vt 0.650014 0.707450
vt 0.636786 0.706304
vt 0.656290 0.658041
vt 0.653663 0.657835
vt 0.637851 0.656592
vt 0.640478 0.656798
vt 0.384903 0.852808
vt 0.384884 0.826789
vt 0.391828 0.826875
vt 0.391819 0.852838
vt 0.384884 0.874772
vt 0.391828 0.874798
vt 0.952987 0.529042
vt 0.952987 0.595604
vt 0.946007 0.597057
vt 0.939641 0.531820
vt 0.770226 0.000000
vt 0.831808 0.022782
vt 0.831734 0.048803
vt 0.770086 0.049755
vt 0.831808 0.070767
vt 0.770227 0.091751
vt 0.586760 0.888895
vt 0.586760 0.953877
vt 0.579658 0.953239
vt 0.573181 0.887676
vt 0.414499 0.962020
vt 0.432645 0.962052
vt 0.432645 0.984058
vt 0.414499 0.984026
vt 0.847092 0.331754
vt 0.854058 0.334153
vt 0.854058 0.410255
vt 0.847092 0.412886
vt 0.490843 0.924435
vt 0.492900 0.917004
vt 0.517139 0.920771
vt 0.516684 0.928450
vt 0.153592 0.454824
vt 0.153592 0.530853
vt 0.884154 0.334112
vt 0.891311 0.343388
vt 0.891311 0.400312
vt 0.884154 0.410213
vt 0.183837 0.454771
vt 0.183837 0.530799
vt 0.935022 0.516896
vt 0.935022 0.488308
vt 0.957600 0.488048
vt 0.957600 0.516636
vt 0.883863 0.689544
vt 0.883863 0.632624
vt 0.901138 0.630827
vt 0.901138 0.687747
vt 0.881635 0.699292
vt 0.904730 0.696889
vt 0.904730 0.620793
vt 0.881635 0.623196
vt 0.192721 0.464260
vt 0.192721 0.521130
vt 0.792891 0.915321
vt 0.776798 0.917890
vt 0.778205 0.895912
vt 0.774406 0.892446
vt 0.798625 0.888581
vt 0.794299 0.893343
vt 0.970340 0.328305
vt 0.970340 0.306282
vt 0.986237 0.302690
vt 0.986237 0.324713
vt 0.990003 0.718988
vt 0.990003 0.737150
vt 0.974656 0.738747
vt 0.974656 0.720585
vt 0.650854 0.989884
vt 0.632690 0.989859
vt 0.632690 0.967961
vt 0.650854 0.967986
vt 0.974772 0.566963
vt 0.974772 0.548802
vt 0.989731 0.550158
vt 0.989731 0.568319
vt 0.513154 0.916421
vt 0.496371 0.913813
vt 0.494828 0.891157
vt 0.490843 0.886806
vt 0.515082 0.890573
vt 0.511611 0.893765
vt 0.966333 0.101208
vt 0.966333 0.078499
vt 0.982900 0.082242
vt 0.982900 0.104951
vt 0.242502 0.932680
vt 0.242502 0.961420
vt 0.226426 0.961577
vt 0.226426 0.932837
vt 0.869784 0.494061
vt 0.869784 0.522779
vt 0.847092 0.522736
vt 0.847092 0.494018
vt 0.840865 0.937081
vt 0.840865 0.965832
vt 0.825215 0.937121
vt 0.959263 0.686900
vt 0.959263 0.620793
vt 0.965547 0.620822
vt 0.965547 0.686928
vt 0.731639 0.856079
vt 0.731639 0.922174
vt 0.726436 0.922269
vt 0.726436 0.856175
vt 0.719777 0.922276
vt 0.719777 0.856182
vt 0.714205 0.922192
vt 0.714205 0.856098
vt 0.966313 0.181855
vt 0.966313 0.247898
vt 0.959807 0.247964
vt 0.959807 0.181921
vt 0.953688 0.247844
vt 0.953688 0.181800
vt 0.167662 0.902017
vt 0.167662 0.835915
vt 0.173129 0.835848
vt 0.173129 0.901950
vt 0.179794 0.835850
vt 0.179794 0.901952
vt 0.191467 0.833503
vt 0.181553 0.833503
vt 0.181490 0.830068
vt 0.191404 0.830068
vt 0.185113 0.835920
vt 0.185113 0.902022
vt 0.952870 0.686924
vt 0.952870 0.620817
vt 0.527079 0.829690
vt 0.533257 0.829696
vt 0.533257 0.833970
vt 0.527079 0.833963
vt 0.918519 0.471666
vt 0.916248 0.468541
vt 0.922587 0.466479
vt 0.922587 0.470342
vt 0.928926 0.468536
vt 0.926655 0.471662
vt 0.932844 0.473926
vt 0.929170 0.475122
vt 0.932844 0.480592
vt 0.929170 0.479399
vt 0.928926 0.485985
vt 0.926655 0.482861
vt 0.922587 0.488048
vt 0.922587 0.484184
vt 0.916248 0.485991
vt 0.918519 0.482864
vt 0.912330 0.480600
vt 0.916005 0.479405
vt 0.912330 0.473935
vt 0.916005 0.475127
vt 0.223890 0.962805
vt 0.226404 0.966266
vt 0.226404 0.970543
vt 0.223890 0.974002
vt 0.219821 0.975323
vt 0.215753 0.974000
vt 0.213239 0.970539
vt 0.213239 0.966262
vt 0.215753 0.962802
vt 0.219821 0.961482
vt 0.910928 0.798958
vt 0.917108 0.798958
vt 0.917123 0.803060
vt 0.910943 0.803060
vt 0.993130 0.254131
vt 0.986951 0.254133
vt 0.986907 0.250625
vt 0.993086 0.250623
vt 0.527136 0.826114
vt 0.533315 0.826120
vt 0.910946 0.794925
vt 0.917126 0.794925
vt 0.993130 0.258408
vt 0.986951 0.258410
vt 0.801342 0.245470
vt 0.795168 0.245470
vt 0.795126 0.241295
vt 0.801300 0.241295
vt 0.533315 0.837308
vt 0.527136 0.837302
vt 0.993086 0.261821
vt 0.986907 0.261823
vt 0.801265 0.249397
vt 0.795091 0.249397
vt 0.198793 0.966504
vt 0.196639 0.963540
vt 0.202980 0.961482
vt 0.202980 0.965145
vt 0.196206 0.970063
vt 0.192721 0.968931
vt 0.196206 0.974463
vt 0.192721 0.975594
vt 0.198793 0.978022
vt 0.196639 0.980985
vt 0.202980 0.979383
vt 0.202980 0.983045
vt 0.207166 0.978023
vt 0.209320 0.980987
vt 0.209753 0.974464
vt 0.213239 0.975597
vt 0.209753 0.970065
vt 0.213239 0.968933
vt 0.207166 0.966505
vt 0.209320 0.963542
vt 0.587718 0.170419
vt 0.587718 0.166017
vt 0.590305 0.162455
vt 0.594489 0.161094
vt 0.598674 0.162452
vt 0.601260 0.166012
vt 0.601260 0.170414
vt 0.598674 0.173975
vt 0.594489 0.175337
vt 0.590305 0.173979
vt 0.901339 0.524819
vt 0.911254 0.524819
vt 0.911208 0.528331
vt 0.901293 0.528331
vt 0.541953 0.978710
vt 0.541953 0.968804
vt 0.545993 0.968884
vt 0.545993 0.978790
vt 0.181485 0.825671
vt 0.191399 0.825671
vt 0.991423 0.450835
vt 0.991423 0.460751
vt 0.987202 0.460767
vt 0.987202 0.450851
vt 0.901296 0.516809
vt 0.911211 0.516809
vt 0.911256 0.520418
vt 0.901341 0.520418
vt 0.181541 0.821992
vt 0.191455 0.821992
vt 0.983053 0.460748
vt 0.983053 0.450832
vt 0.537657 0.978754
vt 0.537657 0.968848
vt 0.476424 0.961980
vt 0.476424 0.895873
vt 0.482708 0.895902
vt 0.482708 0.962009
vt 0.908745 0.397929
vt 0.908745 0.464024
vt 0.903543 0.464119
vt 0.903543 0.398025
vt 0.896883 0.464127
vt 0.896883 0.398032
vt 0.891311 0.464043
vt 0.891311 0.397948
vt 0.180287 0.902077
vt 0.180287 0.968120
vt 0.173781 0.968186
vt 0.173781 0.902143
vt 0.167662 0.968066
vt 0.167662 0.902022
vt 0.611363 0.594767
vt 0.611363 0.528666
vt 0.616830 0.528599
vt 0.616830 0.594701
vt 0.623495 0.528601
vt 0.623495 0.594703
vt 0.891895 0.619053
vt 0.881981 0.619053
vt 0.881918 0.615618
vt 0.891832 0.615618
vt 0.628814 0.528671
vt 0.628814 0.594773
vt 0.470032 0.962004
vt 0.470032 0.895898
vt 0.872166 0.940657
vt 0.878344 0.940664
vt 0.878344 0.944937
vt 0.872166 0.944930
vt 0.959547 0.471666
vt 0.957276 0.468541
vt 0.963616 0.466479
vt 0.963615 0.470342
vt 0.969955 0.468536
vt 0.967684 0.471662
vt 0.973873 0.473926
vt 0.970198 0.475122
vt 0.973873 0.480591
vt 0.970198 0.479399
vt 0.969955 0.485985
vt 0.967684 0.482861
vt 0.963615 0.488048
vt 0.963615 0.484184
vt 0.957276 0.485991
vt 0.959547 0.482864
vt 0.953358 0.480600
vt 0.957033 0.479405
vt 0.953358 0.473935
vt 0.957033 0.475127
vt 0.809570 0.979116
vt 0.812085 0.982577
vt 0.812085 0.986854
vt 0.809570 0.990313
vt 0.805502 0.991633
vt 0.801433 0.990310
vt 0.798919 0.986849
vt 0.798919 0.982572
vt 0.801433 0.979113
vt 0.805502 0.977793
vt 0.894439 0.148707
vt 0.900619 0.148707
vt 0.900635 0.152809
vt 0.894455 0.152809
vt 0.490813 0.987080
vt 0.484633 0.987082
vt 0.484589 0.983574
vt 0.490769 0.983572
vt 0.872223 0.937081
vt 0.878402 0.937088
vt 0.894458 0.144674
vt 0.900637 0.144674
vt 0.490813 0.991357
vt 0.484633 0.991359
vt 0.776337 0.245470
vt 0.770164 0.245470
vt 0.770121 0.241295
vt 0.776295 0.241295
vt 0.878402 0.948276
vt 0.872223 0.948269
vt 0.490769 0.994771
vt 0.484589 0.994773
vt 0.776260 0.249397
vt 0.770086 0.249397
vt 0.032226 0.965065
vt 0.030072 0.962101
vt 0.036413 0.960043
vt 0.036413 0.963706
vt 0.029639 0.968624
vt 0.026154 0.967492
vt 0.029639 0.973024
vt 0.026154 0.974155
vt 0.032226 0.976583
vt 0.030072 0.979546
vt 0.036413 0.977943
vt 0.036413 0.981606
vt 0.040599 0.976584
vt 0.042753 0.979548
vt 0.043186 0.973025
vt 0.046672 0.974158
vt 0.043186 0.968626
vt 0.046672 0.967494
vt 0.040599 0.965066
vt 0.042753 0.962103
vt 0.955799 0.318730
vt 0.959985 0.317371
vt 0.964172 0.318731
vt 0.966759 0.322290
vt 0.966759 0.326690
vt 0.964172 0.330249
vt 0.959985 0.331608
vt 0.955799 0.330248
vt 0.953211 0.326688
vt 0.953211 0.322289
vt 0.911302 0.524819
vt 0.921217 0.524819
vt 0.921170 0.528331
vt 0.911256 0.528331
vt 0.117782 0.978277
vt 0.117782 0.968371
vt 0.121822 0.968451
vt 0.121822 0.978357
vt 0.881913 0.611221
vt 0.891827 0.611221
vt 0.789177 0.980731
vt 0.789177 0.990647
vt 0.784957 0.990663
vt 0.784957 0.980747
vt 0.911259 0.516809
vt 0.921174 0.516809
vt 0.921218 0.520418
vt 0.911304 0.520418
vt 0.881969 0.607542
vt 0.891883 0.607542
vt 0.780807 0.990644
vt 0.780807 0.980729
vt 0.113486 0.978321
vt 0.113486 0.968415
vt 0.996872 0.765795
vt 0.993472 0.766124
vt 0.993472 0.719316
vt 0.996872 0.718988
vt 0.994700 0.535811
vt 0.991280 0.535765
vt 0.991280 0.488048
vt 0.994700 0.488094
vt 0.535989 0.385850
vt 0.546210 0.385926
vt 0.547696 0.458274
vt 0.537646 0.466596
vt 0.791229 0.885143
vt 0.794583 0.807449
vt 0.799921 0.807449
vt 0.800338 0.885143
vt 0.933611 0.145917
vt 0.939048 0.147522
vt 0.939048 0.166458
vt 0.933611 0.165940
vt 0.938027 0.183100
vt 0.935559 0.182865
vt 0.676138 0.481514
vt 0.685244 0.472388
vt 0.677318 0.514962
vt 0.667292 0.529029
vt 0.240878 0.890943
vt 0.193780 0.890943
vt 0.192720 0.849131
vt 0.241152 0.836157
vt 0.905710 0.183501
vt 0.899397 0.228798
vt 0.887436 0.229631
vt 0.866400 0.183501
vt 0.393943 0.973517
vt 0.390649 0.974212
vt 0.390649 0.931379
vt 0.393943 0.930684
vt 0.537945 0.880255
vt 0.534340 0.880320
vt 0.534340 0.826179
vt 0.537945 0.826114
vt 0.993046 0.131604
vt 0.996570 0.131403
vt 0.996570 0.176718
vt 0.993046 0.176919
vt 0.569463 0.929893
vt 0.572842 0.929320
vt 0.572842 0.943407
vt 0.569463 0.943980
vt 0.545498 0.805590
vt 0.541969 0.805651
vt 0.541969 0.747851
vt 0.545498 0.747791
vt 0.673991 0.998387
vt 0.670565 0.998424
vt 0.670565 0.956040
vt 0.673991 0.956003
vt 0.993631 0.902744
vt 0.990164 0.902562
vt 0.990164 0.855123
vt 0.993631 0.855306
vt 0.772358 0.980608
vt 0.768753 0.980657
vt 0.768753 0.930273
vt 0.772358 0.930225
vt 0.680319 0.313046
vt 0.688990 0.321441
vt 0.687300 0.393707
vt 0.678434 0.393699
vt 0.905064 0.794925
vt 0.904730 0.787260
vt 0.928949 0.783394
vt 0.930884 0.790804
vt 0.561239 0.449686
vt 0.551662 0.498629
vt 0.536825 0.513828
vt 0.700406 0.394294
vt 0.698594 0.463612
vt 0.559931 0.385947
vt 0.971717 0.509617
vt 0.968746 0.524380
vt 0.963455 0.526781
vt 0.957600 0.509617
vt 0.525514 0.528599
vt 0.534706 0.297671
vt 0.545061 0.306917
vt 0.667292 0.250623
vt 0.677318 0.265510
vt 0.525514 0.250623
vt 0.536825 0.264762
vt 0.670917 0.593027
vt 0.678031 0.544448
vt 0.682628 0.545110
vt 0.689433 0.594469
vt 0.679554 0.727459
vt 0.672207 0.764328
vt 0.662459 0.763645
vt 0.661062 0.725806
vt 0.192787 0.786559
vt 0.250763 0.789247
vt 0.250728 0.815186
vt 0.192721 0.836157
vt 0.192721 0.744607
vt 0.250728 0.767306
vt 0.905008 0.595240
vt 0.921907 0.601543
vt 0.919299 0.612312
vt 0.905008 0.615495
vt 0.558918 0.316341
vt 0.669137 0.529029
vt 0.661062 0.584171
vt 0.551662 0.279202
vt 0.701895 0.330628
vt 0.691611 0.501120
vt 0.671941 0.614924
vt 0.685178 0.615957
vt 0.678385 0.707450
vt 0.665157 0.706304
vt 0.684661 0.658041
vt 0.682034 0.657835
vt 0.666223 0.656592
vt 0.668850 0.656798
vt 0.185131 0.861866
vt 0.185113 0.835848
vt 0.192057 0.835933
vt 0.192048 0.861897
vt 0.185113 0.883830
vt 0.192057 0.883856
vt 0.953656 0.078499
vt 0.953656 0.145061
vt 0.946676 0.146514
vt 0.940311 0.081277
vt 0.770226 0.091751
vt 0.831808 0.114532
vt 0.831734 0.140554
vt 0.770086 0.141505
vt 0.831808 0.162518
vt 0.770227 0.183501
vt 0.956883 0.399148
vt 0.956883 0.464130
vt 0.949781 0.463492
vt 0.943304 0.397929
vt 0.432645 0.962020
vt 0.450792 0.962052
vt 0.450792 0.984058
vt 0.432645 0.984026
vt 0.847092 0.412886
vt 0.854058 0.415285
vt 0.854058 0.491387
vt 0.847092 0.494018
vt 0.517139 0.924435
vt 0.519196 0.917004
vt 0.543435 0.920771
vt 0.542980 0.928450
vt 0.884154 0.415244
vt 0.891311 0.424520
vt 0.891311 0.481444
vt 0.884154 0.491345
vt 0.546885 0.958168
vt 0.546885 0.929580
vt 0.569463 0.929320
vt 0.569463 0.957908
vt 0.883863 0.768044
vt 0.883863 0.711124
vt 0.901138 0.709326
vt 0.901138 0.766246
vt 0.881635 0.777792
vt 0.904730 0.775389
vt 0.904730 0.699292
vt 0.881635 0.701696
vt 0.925150 0.779929
vt 0.909056 0.782497
vt 0.910464 0.760519
vt 0.906665 0.757054
vt 0.930884 0.753188
vt 0.926557 0.757951
vt 0.970701 0.829508
vt 0.970701 0.807485
vt 0.986598 0.803893
vt 0.986598 0.825916
vt 0.990003 0.738747
vt 0.990003 0.756910
vt 0.974656 0.758507
vt 0.974656 0.740344
vt 0.669018 0.989884
vt 0.650854 0.989859
vt 0.650854 0.967961
vt 0.669018 0.967986
vt 0.974772 0.586479
vt 0.974772 0.568319
vt 0.989731 0.569675
vt 0.989731 0.587835
vt 0.539450 0.916421
vt 0.522667 0.913813
vt 0.521124 0.891157
vt 0.517139 0.886806
vt 0.541378 0.890573
vt 0.537907 0.893765
vt 0.966333 0.127660
vt 0.966333 0.104951
vt 0.982900 0.108694
vt 0.982900 0.131403
vt 0.016077 0.935579
vt 0.016077 0.964320
vt -0.000000 0.964477
vt 0.000000 0.935737
vt 0.910919 0.154382
vt 0.910919 0.183100
vt 0.888228 0.183057
vt 0.888228 0.154339
vt 0.856515 0.937081
vt 0.856515 0.965832
vt 0.840865 0.965872
vt 0.840865 0.937121
vt 0.959263 0.754914
vt 0.959263 0.688807
vt 0.965547 0.688836
vt 0.965547 0.754942
vt 0.922443 0.529042
vt 0.922443 0.595137
vt 0.917240 0.595233
vt 0.917240 0.529138
vt 0.910581 0.595240
vt 0.910581 0.529145
vt 0.905008 0.595156
vt 0.905008 0.529061
vt 0.645315 0.901852
vt 0.645315 0.967895
vt 0.638809 0.967961
vt 0.638809 0.901918
vt 0.632690 0.967841
vt 0.632690 0.901797
vt 0.096588 0.902217
vt 0.096588 0.836115
vt 0.102055 0.836048
vt 0.102055 0.902150
vt 0.108720 0.836051
vt 0.108720 0.902153
vt 0.364862 0.839588
vt 0.354948 0.839588
vt 0.354885 0.836153
vt 0.364798 0.836153
vt 0.114039 0.836121
vt 0.114039 0.902223
vt 0.952870 0.754938
vt 0.952870 0.688832
vt 0.919230 0.320396
vt 0.925408 0.320403
vt 0.925408 0.324676
vt 0.919230 0.324670
vt 0.928353 0.604411
vt 0.926082 0.601286
vt 0.932421 0.599224
vt 0.932421 0.603088
vt 0.938760 0.601281
vt 0.936489 0.604408
vt 0.942678 0.606672
vt 0.939004 0.607867
vt 0.942678 0.613337
vt 0.939004 0.612144
vt 0.938760 0.618731
vt 0.936489 0.615606
vt 0.932421 0.620793
vt 0.932421 0.616929
vt 0.926082 0.618736
vt 0.928353 0.615609
vt 0.922164 0.613345
vt 0.925839 0.612150
vt 0.922164 0.606680
vt 0.925839 0.607873
vt 0.223890 0.976646
vt 0.226404 0.980107
vt 0.226404 0.984384
vt 0.223890 0.987843
vt 0.219821 0.989163
vt 0.215753 0.987840
vt 0.213239 0.984379
vt 0.213239 0.980102
vt 0.215753 0.976643
vt 0.219821 0.975323
vt 0.911876 0.148730
vt 0.918056 0.148730
vt 0.918072 0.152832
vt 0.911892 0.152832
vt 0.993130 0.265331
vt 0.986951 0.265333
vt 0.986907 0.261825
vt 0.993086 0.261823
vt 0.919287 0.316820
vt 0.925466 0.316827
vt 0.911895 0.144697
vt 0.918074 0.144697
vt 0.993130 0.269609
vt 0.986951 0.269611
vt 0.807593 0.245470
vt 0.801420 0.245470
vt 0.801377 0.241295
vt 0.807551 0.241295
vt 0.925466 0.328015
vt 0.919287 0.328008
vt 0.993086 0.273022
vt 0.986907 0.273024
vt 0.807516 0.249397
vt 0.801342 0.249397
vt 0.232498 0.966599
vt 0.230344 0.963636
vt 0.236685 0.961577
vt 0.236685 0.965240
vt 0.229911 0.970158
vt 0.226426 0.969026
vt 0.229911 0.974558
vt 0.226426 0.975689
vt 0.232498 0.978118
vt 0.230344 0.981081
vt 0.236685 0.979478
vt 0.236685 0.983141
vt 0.240871 0.978119
vt 0.243025 0.981082
vt 0.243458 0.974560
vt 0.246944 0.975692
vt 0.243458 0.970160
vt 0.246944 0.969028
vt 0.240871 0.966600
vt 0.243025 0.963637
vt 0.601260 0.170419
vt 0.601260 0.166017
vt 0.603847 0.162455
vt 0.608031 0.161094
vt 0.612216 0.162452
vt 0.614802 0.166012
vt 0.614802 0.170414
vt 0.612216 0.173976
vt 0.608031 0.175337
vt 0.603846 0.173979
vt 0.911369 0.074183
vt 0.921284 0.074183
vt 0.921238 0.077695
vt 0.911323 0.077695
vt 0.627387 0.990240
vt 0.627387 0.980334
vt 0.631427 0.980413
vt 0.631427 0.990319
vt 0.354880 0.831756
vt 0.364794 0.831756
vt 0.034524 0.981609
vt 0.034524 0.991525
vt 0.030303 0.991541
vt 0.030303 0.981625
vt 0.911326 0.066173
vt 0.921241 0.066173
vt 0.921285 0.069782
vt 0.911371 0.069782
vt 0.354935 0.828076
vt 0.364849 0.828076
vt 0.026154 0.991522
vt 0.026154 0.981606
vt 0.623091 0.990284
vt 0.623091 0.980377
vt 0.885293 0.962258
vt 0.885293 0.896152
vt 0.891578 0.896180
vt 0.891578 0.962287
vt 0.909580 0.250623
vt 0.909580 0.316717
vt 0.904378 0.316813
vt 0.904378 0.250718
vt 0.897718 0.316820
vt 0.897718 0.250726
vt 0.892146 0.316736
vt 0.892146 0.250642
vt 0.687520 0.902262
vt 0.687520 0.968306
vt 0.681014 0.968372
vt 0.681014 0.902329
vt 0.674895 0.968251
vt 0.674895 0.902208
vt 0.611363 0.660942
vt 0.611363 0.594840
vt 0.616830 0.594773
vt 0.616830 0.660875
vt 0.623495 0.594775
vt 0.623495 0.660877
vt 0.392573 0.887157
vt 0.382659 0.887157
vt 0.382596 0.883721
vt 0.392510 0.883721
vt 0.628814 0.594846
vt 0.628814 0.660948
vt 0.878901 0.962282
vt 0.878901 0.896176
vt 0.369705 0.943571
vt 0.375883 0.943578
vt 0.375883 0.947852
vt 0.369705 0.947845
vt 0.376324 0.958544
vt 0.374053 0.955419
vt 0.380392 0.953357
vt 0.380392 0.957221
vt 0.386731 0.955414
vt 0.384460 0.958541
vt 0.390649 0.960805
vt 0.386974 0.962000
vt 0.390649 0.967470
vt 0.386974 0.966277
vt 0.386731 0.972864
vt 0.384460 0.969739
vt 0.380392 0.974926
vt 0.380392 0.971062
vt 0.374053 0.972869
vt 0.376324 0.969742
vt 0.370135 0.967479
vt 0.373810 0.966283
vt 0.370135 0.960813
vt 0.373810 0.962006
vt 0.084962 0.979927
vt 0.087477 0.983388
vt 0.087477 0.987665
vt 0.084962 0.991124
vt 0.080894 0.992444
vt 0.076825 0.991121
vt 0.074311 0.987660
vt 0.074311 0.983383
vt 0.076825 0.979924
vt 0.080894 0.978604
vt 0.114039 0.898038
vt 0.120219 0.898038
vt 0.120234 0.902140
vt 0.114055 0.902140
vt 0.400204 0.987091
vt 0.394025 0.987093
vt 0.393980 0.983585
vt 0.400160 0.983583
vt 0.369763 0.939995
vt 0.375941 0.940002
vt 0.114057 0.894005
vt 0.120237 0.894005
vt 0.400204 0.991368
vt 0.394025 0.991370
vt 0.782589 0.245470
vt 0.776415 0.245470
vt 0.776372 0.241295
vt 0.782546 0.241295
vt 0.375941 0.951190
vt 0.369763 0.951184
vt 0.400160 0.994782
vt 0.393980 0.994784
vt 0.782511 0.249397
vt 0.776337 0.249397
vt 0.967665 0.787352
vt 0.965511 0.784388
vt 0.971851 0.782330
vt 0.971851 0.785993
vt 0.965077 0.790911
vt 0.961592 0.789778
vt 0.965077 0.795310
vt 0.961592 0.796442
vt 0.967665 0.798870
vt 0.965511 0.801833
vt 0.971851 0.800230
vt 0.971851 0.803893
vt 0.976037 0.798871
vt 0.978191 0.801835
vt 0.978625 0.795312
vt 0.982110 0.796444
vt 0.978625 0.790912
vt 0.982110 0.789781
vt 0.976037 0.787353
vt 0.978191 0.784390
vt 0.968920 0.132762
vt 0.973107 0.131403
vt 0.977293 0.132763
vt 0.979881 0.136322
vt 0.979881 0.140722
vt 0.977293 0.144281
vt 0.973107 0.145640
vt 0.968920 0.144280
vt 0.966333 0.140721
vt 0.966333 0.136321
vt 0.921265 0.524819
vt 0.931180 0.524819
vt 0.931133 0.528331
vt 0.921218 0.528331
vt 0.117782 0.988263
vt 0.117782 0.978357
vt 0.121822 0.978437
vt 0.121822 0.988343
vt 0.382591 0.879324
vt 0.392505 0.879324
vt 0.798654 0.980753
vt 0.798654 0.990668
vt 0.794434 0.990684
vt 0.794434 0.980769
vt 0.921222 0.516809
vt 0.931137 0.516809
vt 0.931181 0.520418
vt 0.921266 0.520418
vt 0.382646 0.875645
vt 0.392560 0.875645
vt 0.790284 0.990666
vt 0.790284 0.980750
vt 0.113486 0.988307
vt 0.113486 0.978401
vt 0.990164 0.902604
vt 0.990164 0.949965
vt 0.986597 0.949906
vt 0.986597 0.902544
vt 0.989731 0.596507
vt 0.989731 0.548844
vt 0.993200 0.548802
vt 0.993200 0.596465
vt 0.794772 0.663881
vt 0.793551 0.744635
vt 0.784536 0.736401
vt 0.785630 0.664045
vt 0.974656 0.776181
vt 0.965547 0.776181
vt 0.965964 0.698487
vt 0.971302 0.698487
vt 0.026154 0.935579
vt 0.026154 0.955589
vt 0.020758 0.956168
vt 0.020758 0.937244
vt 0.024207 0.972524
vt 0.021757 0.972787
vt 0.816161 0.481547
vt 0.825215 0.529042
vt 0.815155 0.514995
vt 0.807042 0.472439
vt 0.770086 0.241295
vt 0.770086 0.183501
vt 0.818243 0.194948
vt 0.817046 0.239971
vt 0.298181 0.841438
vt 0.340386 0.841438
vt 0.321284 0.887157
vt 0.307748 0.886399
vt 0.997160 0.902533
vt 0.997160 0.946362
vt 0.993631 0.946088
vt 0.993631 0.902259
vt 0.821626 0.980531
vt 0.821626 0.927621
vt 0.825141 0.927495
vt 0.825141 0.980405
vt 0.996574 0.189989
vt 0.996574 0.235304
vt 0.993050 0.235102
vt 0.993050 0.189787
vt 0.890138 0.494591
vt 0.890138 0.508678
vt 0.886759 0.508105
vt 0.886759 0.494018
vt 0.628814 0.644258
vt 0.628814 0.586459
vt 0.632343 0.586519
vt 0.632343 0.644319
vt 0.995282 0.120883
vt 0.995282 0.078499
vt 0.998709 0.078536
vt 0.998709 0.120920
vt 0.989539 0.237411
vt 0.989539 0.189955
vt 0.993050 0.237243
vt 0.986088 0.381411
vt 0.986088 0.331745
vt 0.989589 0.331614
vt 0.989589 0.381280
vt 0.812026 0.313078
vt 0.813892 0.393733
vt 0.805009 0.393758
vt 0.803338 0.321491
vt 0.025820 0.935579
vt 0.000000 0.931458
vt 0.001935 0.924049
vt 0.026154 0.927914
vt 0.793305 0.791844
vt 0.778824 0.776763
vt 0.771099 0.727917
vt 0.708888 0.127837
vt 0.708942 0.206610
vt 0.695165 0.196728
vt 0.695118 0.127329
vt 0.772062 0.664172
vt 0.975422 0.224115
vt 0.989539 0.224115
vt 0.983683 0.241279
vt 0.978393 0.238878
vt 0.803338 0.806514
vt 0.795612 0.575697
vt 0.786383 0.585032
vt 0.825215 0.250623
vt 0.815155 0.265531
vt 0.803338 0.528568
vt 0.793305 0.542805
vt 0.695165 0.063599
vt 0.678369 0.063797
vt 0.691195 0.015068
vt 0.694744 0.014705
vt 0.678384 0.197139
vt 0.692625 0.234408
vt 0.684565 0.234450
vt 0.881569 0.754296
vt 0.881635 0.803893
vt 0.825249 0.783050
vt 0.825215 0.757110
vt 0.881635 0.712343
vt 0.825249 0.735169
vt 0.878441 0.965872
vt 0.878441 0.986127
vt 0.864150 0.982944
vt 0.861543 0.972175
vt 0.772725 0.594562
vt 0.708463 -0.000000
vt 0.708942 0.055498
vt 0.778824 0.557360
vt 0.706058 0.249379
vt 0.692774 0.085376
vt 0.680781 0.085520
vt 0.680785 0.177255
vt 0.692777 0.176997
vt 0.680853 0.127511
vt 0.678476 0.127541
vt 0.692741 0.127358
vt 0.087927 0.912871
vt 0.094145 0.912791
vt 0.094162 0.938752
vt 0.087890 0.938886
vt 0.087890 0.890909
vt 0.094163 0.890834
vt 0.935571 0.871907
vt 0.948917 0.874684
vt 0.942551 0.939921
vt 0.935571 0.938469
vt 0.689258 0.764328
vt 0.689389 0.814082
vt 0.632759 0.813270
vt 0.632690 0.787248
vt 0.689258 0.856079
vt 0.632690 0.835234
vt 0.943320 0.332833
vt 0.956899 0.331614
vt 0.950422 0.397177
vt 0.943320 0.397815
vt -0.000000 0.986499
vt -0.000000 0.964477
vt 0.018147 0.964485
vt 0.018147 0.986507
vt 0.591939 0.806544
vt 0.591939 0.887676
vt 0.584496 0.885062
vt 0.584496 0.808960
vt 0.324478 0.924785
vt 0.298637 0.928801
vt 0.298181 0.921121
vt 0.322420 0.917355
vt 0.554320 0.808990
vt 0.554320 0.885092
vt 0.546885 0.875208
vt 0.546885 0.818283
vt 0.320821 0.957388
vt 0.298181 0.957577
vt 0.298181 0.928990
vt 0.320821 0.928801
vt 0.355158 0.759388
vt 0.373416 0.761109
vt 0.373416 0.818023
vt 0.355158 0.816301
vt 0.354880 0.749687
vt 0.379288 0.751989
vt 0.379288 0.828077
vt 0.354880 0.825775
vt 0.005734 0.920583
vt 0.021828 0.923152
vt 0.020420 0.901173
vt 0.004326 0.898605
vt 0.000000 0.893842
vt 0.024219 0.897708
vt 0.970701 0.851531
vt 0.970701 0.829508
vt 0.986597 0.833100
vt 0.951791 0.988402
vt 0.935571 0.986873
vt 0.935571 0.968712
vt 0.951791 0.970242
vt 0.861543 0.965890
vt 0.861543 0.987847
vt 0.843379 0.987829
vt 0.843379 0.965872
vt 0.974656 0.661573
vt 0.990763 0.660109
vt 0.990763 0.678272
vt 0.974656 0.679735
vt 0.302166 0.916771
vt 0.318949 0.914163
vt 0.320493 0.891507
vt 0.303710 0.894115
vt 0.300239 0.890923
vt 0.324478 0.887156
vt 0.986072 0.420638
vt 0.969505 0.424381
vt 0.969505 0.401672
vt 0.986072 0.397929
vt 0.276007 0.906871
vt 0.292983 0.906881
vt 0.292983 0.935632
vt 0.276007 0.935622
vt 0.930884 0.766197
vt 0.953591 0.766208
vt 0.953591 0.794925
vt 0.930884 0.794914
vt 0.048157 0.932571
vt 0.065010 0.932631
vt 0.065010 0.961373
vt 0.048157 0.961313
vt 0.923980 0.936172
vt 0.918211 0.936215
vt 0.918211 0.870108
vt 0.923980 0.870066
vt 0.972083 0.066149
vt 0.965969 0.066102
vt 0.965969 -0.000000
vt 0.972083 0.000047
vt 0.959460 0.066127
vt 0.959460 0.000025
vt 0.923144 0.183501
vt 0.927790 0.183719
vt 0.927790 0.249763
vt 0.923144 0.249545
vt 0.934359 0.183771
vt 0.934359 0.249814
vt 0.940342 0.183637
vt 0.940342 0.249680
vt 0.432006 0.895873
vt 0.438282 0.895925
vt 0.438282 0.962020
vt 0.432006 0.961968
vt 0.444681 0.895882
vt 0.444681 0.961977
vt 0.226426 0.983141
vt 0.230462 0.983171
vt 0.230462 0.993086
vt 0.226426 0.993056
vt 0.935571 0.936238
vt 0.930611 0.936181
vt 0.930611 0.870074
vt 0.935571 0.870132
vt 0.951927 0.756821
vt 0.951943 0.760998
vt 0.945764 0.760998
vt 0.945747 0.756821
vt 0.947169 0.471666
vt 0.943101 0.470342
vt 0.943101 0.466479
vt 0.949441 0.468541
vt 0.939033 0.471663
vt 0.936762 0.468536
vt 0.936519 0.475122
vt 0.932844 0.473926
vt 0.936519 0.479399
vt 0.932844 0.480592
vt 0.939033 0.482861
vt 0.936762 0.485986
vt 0.943101 0.484184
vt 0.943101 0.488048
vt 0.947169 0.482864
vt 0.949441 0.485991
vt 0.949684 0.479405
vt 0.953358 0.480600
vt 0.949684 0.475127
vt 0.953358 0.473935
vt 0.300696 0.980464
vt 0.304764 0.979140
vt 0.308833 0.980461
vt 0.311347 0.983920
vt 0.311347 0.988197
vt 0.308833 0.991658
vt 0.304764 0.992981
vt 0.300696 0.991661
vt 0.298181 0.988201
vt 0.298181 0.983925
vt 0.433135 0.991505
vt 0.433135 0.987250
vt 0.439315 0.987241
vt 0.439315 0.991497
vt 0.851155 0.245323
vt 0.851188 0.241295
vt 0.857366 0.241295
vt 0.857333 0.245323
vt 0.366025 0.965631
vt 0.365909 0.968614
vt 0.359735 0.968663
vt 0.359852 0.965680
vt 0.433167 0.995207
vt 0.439347 0.995199
vt 0.851182 0.249429
vt 0.857361 0.249429
vt 0.366025 0.961416
vt 0.359852 0.961464
vt 0.951913 0.764922
vt 0.945734 0.764922
vt 0.433167 0.984067
vt 0.439347 0.984058
vt 0.365909 0.957577
vt 0.359735 0.957626
vt 0.312627 0.962599
vt 0.308440 0.961240
vt 0.308440 0.957577
vt 0.314781 0.959635
vt 0.315214 0.966158
vt 0.318699 0.965026
vt 0.315214 0.970558
vt 0.318699 0.971689
vt 0.312627 0.974117
vt 0.314781 0.977080
vt 0.308440 0.975477
vt 0.308440 0.979140
vt 0.304254 0.974118
vt 0.302100 0.977082
vt 0.301667 0.970559
vt 0.298181 0.971691
vt 0.301667 0.966160
vt 0.298181 0.965028
vt 0.304254 0.962600
vt 0.302100 0.959637
vt 0.905688 0.326145
vt 0.903102 0.329705
vt 0.898917 0.331064
vt 0.894732 0.329702
vt 0.892146 0.326140
vt 0.892146 0.321739
vt 0.894732 0.318179
vt 0.898917 0.316820
vt 0.903102 0.318182
vt 0.905688 0.321744
vt 0.992069 0.782330
vt 0.992032 0.785605
vt 0.982116 0.785605
vt 0.982154 0.782330
vt 0.953179 0.070927
vt 0.953091 0.066977
vt 0.962997 0.066977
vt 0.963086 0.070927
vt 0.234760 0.983155
vt 0.234760 0.993070
vt 0.992026 0.789983
vt 0.982110 0.789983
vt 0.961240 0.764890
vt 0.957096 0.764856
vt 0.957096 0.754942
vt 0.961240 0.754976
vt 0.953001 0.078333
vt 0.953145 0.075265
vt 0.963051 0.075265
vt 0.962907 0.078333
vt 0.992054 0.793793
vt 0.982139 0.793793
vt 0.952870 0.764884
vt 0.952870 0.754971
vt 0.914531 0.397861
vt 0.908762 0.397904
vt 0.908762 0.331797
vt 0.914531 0.331755
vt 0.121833 0.968371
vt 0.115720 0.968325
vt 0.115720 0.902223
vt 0.121833 0.902269
vt 0.109211 0.968350
vt 0.109211 0.902248
vt 0.926106 0.397929
vt 0.930752 0.398147
vt 0.930752 0.464190
vt 0.926106 0.463972
vt 0.937321 0.398199
vt 0.937321 0.464242
vt 0.943304 0.398065
vt 0.943304 0.464108
vt 0.948917 0.871907
vt 0.955193 0.871959
vt 0.955193 0.938053
vt 0.948917 0.938002
vt 0.961592 0.871916
vt 0.961592 0.938010
vt 0.056491 0.982937
vt 0.060528 0.982967
vt 0.060528 0.992882
vt 0.056491 0.992852
vt 0.926122 0.397927
vt 0.921162 0.397870
vt 0.921162 0.331763
vt 0.926122 0.331821
vt 0.935726 0.794925
vt 0.935742 0.799102
vt 0.929563 0.799102
vt 0.929547 0.794925
vt 0.971488 0.151701
vt 0.967420 0.150377
vt 0.967420 0.146514
vt 0.973759 0.148576
vt 0.963352 0.151697
vt 0.961081 0.148571
vt 0.960838 0.155157
vt 0.957163 0.153961
vt 0.960838 0.159434
vt 0.957163 0.160626
vt 0.963352 0.162895
vt 0.961081 0.166020
vt 0.967420 0.164219
vt 0.967420 0.168083
vt 0.971488 0.162899
vt 0.973759 0.166026
vt 0.974002 0.159440
vt 0.977677 0.160635
vt 0.974002 0.155162
vt 0.977677 0.153970
vt 0.354898 0.980463
vt 0.358966 0.979140
vt 0.363035 0.980460
vt 0.365549 0.983920
vt 0.365549 0.988197
vt 0.363035 0.991657
vt 0.358966 0.992981
vt 0.354898 0.991660
vt 0.352383 0.988201
vt 0.352383 0.983924
vt 0.605486 0.991348
vt 0.605486 0.987092
vt 0.611666 0.987084
vt 0.611666 0.991340
vt 0.826308 0.245323
vt 0.826341 0.241295
vt 0.832519 0.241295
vt 0.832486 0.245323
vt 0.186577 0.965155
vt 0.186461 0.968138
vt 0.180287 0.968186
vt 0.180403 0.965204
vt 0.605519 0.995050
vt 0.611698 0.995042
vt 0.826335 0.249429
vt 0.832514 0.249429
vt 0.186577 0.960939
vt 0.180403 0.960988
vt 0.935712 0.803025
vt 0.929533 0.803025
vt 0.605519 0.983909
vt 0.611698 0.983901
vt 0.186461 0.957101
vt 0.180287 0.957149
vt 0.583908 0.963190
vt 0.579722 0.961830
vt 0.579722 0.958168
vt 0.586062 0.960226
vt 0.586495 0.966749
vt 0.589980 0.965616
vt 0.586495 0.971148
vt 0.589980 0.972280
vt 0.583908 0.974708
vt 0.586062 0.977671
vt 0.579721 0.976068
vt 0.579721 0.979731
vt 0.575535 0.974709
vt 0.573381 0.977673
vt 0.572948 0.971150
vt 0.569462 0.972282
vt 0.572948 0.966750
vt 0.569462 0.965619
vt 0.575535 0.963190
vt 0.573381 0.960227
vt 0.980466 0.452191
vt 0.983053 0.455751
vt 0.983053 0.460150
vt 0.980466 0.463710
vt 0.976279 0.465070
vt 0.972093 0.463711
vt 0.969505 0.460152
vt 0.969505 0.455752
vt 0.972093 0.452192
vt 0.976279 0.450832
vt 0.579969 0.979731
vt 0.579931 0.983006
vt 0.570016 0.983006
vt 0.570053 0.979731
vt 0.264488 0.976970
vt 0.264400 0.973019
vt 0.274306 0.973019
vt 0.274394 0.976970
vt 0.064826 0.982951
vt 0.064826 0.992866
vt 0.579925 0.987384
vt 0.570010 0.987384
vt 0.122408 0.894005
vt 0.118264 0.893971
vt 0.118264 0.884057
vt 0.122408 0.884091
vt 0.264310 0.984375
vt 0.264454 0.981307
vt 0.274360 0.981307
vt 0.274216 0.984375
vt 0.579954 0.991194
vt 0.570038 0.991194
vt 0.114039 0.893999
vt 0.114039 0.884085
vt 0.996965 0.850700
vt 0.993566 0.851029
vt 0.993566 0.804222
vt 0.996965 0.803893
vt 0.995282 0.126263
vt 0.991862 0.126216
vt 0.991862 0.078499
vt 0.995282 0.078546
vt 0.571714 0.385850
vt 0.581936 0.385926
vt 0.583421 0.458274
vt 0.573372 0.466596
vt 0.961592 0.881587
vt 0.964946 0.803893
vt 0.970284 0.803893
vt 0.970701 0.881587
vt 0.953591 0.766197
vt 0.959029 0.767802
vt 0.959029 0.786738
vt 0.953591 0.786220
vt 0.958008 0.803380
vt 0.955539 0.803145
vt 0.710740 0.481514
vt 0.719846 0.472388
vt 0.711920 0.514962
vt 0.701895 0.529029
vt 0.442138 0.895873
vt 0.395040 0.895873
vt 0.393981 0.854062
vt 0.442412 0.841088
vt 0.918211 0.803893
vt 0.911898 0.849190
vt 0.899937 0.850022
vt 0.878901 0.803893
vt 0.745756 0.993383
vt 0.742462 0.994078
vt 0.742462 0.951244
vt 0.745756 0.950550
vt 0.674170 0.955938
vt 0.670565 0.956004
vt 0.670565 0.901863
vt 0.674170 0.901797
vt 0.993084 0.398131
vt 0.996608 0.397929
vt 0.996608 0.443244
vt 0.065010 0.933144
vt 0.068389 0.932571
vt 0.068389 0.946658
vt 0.065010 0.947231
vt 0.632343 0.817839
vt 0.628814 0.817900
vt 0.628814 0.760100
vt 0.632343 0.760039
vt 0.999338 0.064306
vt 0.995912 0.064343
vt 0.995912 0.021959
vt 0.999338 0.021923
vt 0.993632 0.950365
vt 0.990164 0.950183
vt 0.990164 0.902744
vt 0.993632 0.902927
vt 0.798654 0.980701
vt 0.795049 0.980750
vt 0.795049 0.930366
vt 0.798654 0.930317
vt 0.714921 0.313046
vt 0.723592 0.321441
vt 0.721902 0.393707
vt 0.713036 0.393699
vt 0.048491 0.932571
vt 0.048157 0.924906
vt 0.072376 0.921040
vt 0.074311 0.928450
vt 0.596965 0.449686
vt 0.587388 0.498629
vt 0.572550 0.513828
vt 0.735008 0.394294
vt 0.733196 0.463612
vt 0.595657 0.385947
vt 0.985835 0.509617
vt 0.982863 0.524380
vt 0.977573 0.526781
vt 0.971717 0.509617
vt 0.561239 0.528599
vt 0.570431 0.297671
vt 0.580787 0.306917
vt 0.701895 0.250623
vt 0.711920 0.265510
vt 0.561239 0.250623
vt 0.572550 0.264762
vt 0.699288 0.593027
vt 0.706403 0.544448
vt 0.711000 0.545110
vt 0.717804 0.594469
vt 0.707926 0.727459
vt 0.700578 0.764328
vt 0.690830 0.763645
vt 0.689433 0.725806
vt 0.394047 0.791490
vt 0.452023 0.794178
vt 0.451988 0.820117
vt 0.393980 0.841088
vt 0.393980 0.749538
vt 0.451988 0.772236
vt 0.096588 0.968371
vt 0.113486 0.974674
vt 0.110879 0.985444
vt 0.096588 0.988626
vt 0.594644 0.316341
vt 0.697508 0.529029
vt 0.689433 0.584171
vt 0.587388 0.279202
vt 0.736497 0.330628
vt 0.726214 0.501120
vt 0.700313 0.614924
vt 0.713550 0.615957
vt 0.706756 0.707450
vt 0.693528 0.706304
vt 0.713032 0.658041
vt 0.710405 0.657835
vt 0.694594 0.656592
vt 0.697221 0.656798
vt 0.114057 0.862067
vt 0.114039 0.836048
vt 0.120983 0.836133
vt 0.120974 0.862097
vt 0.114039 0.884031
vt 0.120983 0.884057
vt 0.953688 0.181800
vt 0.953688 0.248362
vt 0.946708 0.249815
vt 0.940342 0.184578
vt 0.000140 0.744298
vt 0.061722 0.767079
vt 0.061648 0.793101
vt -0.000000 0.794052
vt 0.061722 0.815065
vt 0.000140 0.836048
vt 0.087890 0.892053
vt 0.087890 0.957035
vt 0.080788 0.956397
vt 0.074311 0.890834
vt 0.450792 0.962020
vt 0.468938 0.962052
vt 0.468938 0.984058
vt 0.450792 0.984026
vt 0.250763 0.825739
vt 0.257729 0.828138
vt 0.257729 0.904239
vt 0.250763 0.906871
vt 0.324478 0.924785
vt 0.326535 0.917355
vt 0.350774 0.921121
vt 0.350318 0.928801
vt 0.287825 0.828096
vt 0.294982 0.837372
vt 0.294982 0.894296
vt 0.287825 0.904198
vt 0.746175 0.959072
vt 0.746175 0.930484
vt 0.768753 0.930225
vt 0.768753 0.958813
vt 0.884141 0.597794
vt 0.884141 0.540874
vt 0.901417 0.539076
vt 0.901417 0.595996
vt 0.881913 0.607542
vt 0.905008 0.605139
vt 0.905008 0.529042
vt 0.881913 0.531445
vt 0.068577 0.917575
vt 0.052483 0.920143
vt 0.053891 0.898165
vt 0.050092 0.894700
vt 0.074311 0.890834
vt 0.069985 0.895597
vt 0.970701 0.880739
vt 0.970701 0.858716
vt 0.986598 0.855123
vt 0.986597 0.877146
vt 0.990003 0.758507
vt 0.990003 0.776670
vt 0.974656 0.778267
vt 0.974656 0.760104
vt 0.185826 0.990109
vt 0.167662 0.990084
vt 0.167662 0.968186
vt 0.185826 0.968211
vt 0.974772 0.605996
vt 0.974772 0.587835
vt 0.989731 0.589192
vt 0.989731 0.607352
vt 0.346789 0.916771
vt 0.330006 0.914163
vt 0.328462 0.891507
vt 0.324478 0.887156
vt 0.348716 0.890923
vt 0.345245 0.894115
vt 0.969505 0.447090
vt 0.969505 0.424381
vt 0.986072 0.428124
vt 0.986072 0.450832
vt 0.292084 0.935632
vt 0.292084 0.964372
vt 0.276007 0.964529
vt 0.276007 0.935789
vt 0.933611 0.154382
vt 0.933611 0.183100
vt 0.910919 0.183057
vt 0.910919 0.154339
vt 0.872166 0.937081
vt 0.872166 0.965832
vt 0.856515 0.965872
vt 0.856515 0.937121
vt 0.959379 0.595149
vt 0.959379 0.529042
vt 0.965663 0.529071
vt 0.965663 0.595178
vt 0.923113 0.078499
vt 0.923113 0.144594
vt 0.917910 0.144690
vt 0.917910 0.078595
vt 0.911251 0.144697
vt 0.911251 0.078602
vt 0.905678 0.144613
vt 0.905678 0.078518
vt 0.657940 0.901852
vt 0.657940 0.967895
vt 0.651434 0.967961
vt 0.651434 0.901918
vt 0.645315 0.967841
vt 0.645315 0.901797
vt 0.888228 0.144668
vt 0.888228 0.078566
vt 0.893694 0.078499
vt 0.893694 0.144601
vt 0.900360 0.078502
vt 0.900360 0.144603
vt 0.374843 0.839588
vt 0.364930 0.839588
vt 0.364866 0.836153
vt 0.374780 0.836153
vt 0.905678 0.078572
vt 0.905678 0.144674
vt 0.952986 0.595173
vt 0.952986 0.529067
vt 0.369705 0.932377
vt 0.375883 0.932383
vt 0.375883 0.936657
vt 0.369705 0.936650
vt 0.948867 0.604411
vt 0.946596 0.601286
vt 0.952935 0.599224
vt 0.952935 0.603088
vt 0.959275 0.601281
vt 0.957004 0.604408
vt 0.963193 0.606672
vt 0.959518 0.607867
vt 0.963193 0.613337
vt 0.959518 0.612144
vt 0.959275 0.618731
vt 0.957004 0.615606
vt 0.952935 0.620793
vt 0.952935 0.616929
vt 0.946596 0.618736
vt 0.948867 0.615609
vt 0.942678 0.613345
vt 0.946353 0.612150
vt 0.942678 0.606680
vt 0.946353 0.607873
vt 0.988329 0.147837
vt 0.990843 0.151298
vt 0.990843 0.155575
vt 0.988329 0.159034
vt 0.984260 0.160354
vt 0.980192 0.159031
vt 0.977677 0.155570
vt 0.977677 0.151293
vt 0.980192 0.147834
vt 0.984260 0.146514
vt 0.917126 0.798958
vt 0.923306 0.798958
vt 0.923321 0.803060
vt 0.917141 0.803060
vt 0.249317 0.986649
vt 0.243138 0.986651
vt 0.243094 0.983143
vt 0.249273 0.983141
vt 0.369763 0.928801
vt 0.375941 0.928807
vt 0.917144 0.794925
vt 0.923324 0.794925
vt 0.249317 0.990926
vt 0.243138 0.990928
vt 0.813845 0.245470
vt 0.807671 0.245470
vt 0.807628 0.241295
vt 0.813802 0.241295
vt 0.375941 0.939995
vt 0.369763 0.939989
vt 0.249273 0.994339
vt 0.243094 0.994341
vt 0.813767 0.249397
vt 0.807593 0.249397
vt 0.476104 0.967030
vt 0.473950 0.964067
vt 0.480291 0.962009
vt 0.480291 0.965671
vt 0.473517 0.970590
vt 0.470032 0.969457
vt 0.473517 0.974989
vt 0.470032 0.976121
vt 0.476104 0.978549
vt 0.473950 0.981512
vt 0.480291 0.979909
vt 0.480291 0.983572
vt 0.484477 0.978550
vt 0.486631 0.981513
vt 0.487064 0.974991
vt 0.490550 0.976123
vt 0.487064 0.970591
vt 0.490550 0.969460
vt 0.484477 0.967031
vt 0.486631 0.964068
vt 0.614802 0.170419
vt 0.614802 0.166017
vt 0.617388 0.162455
vt 0.621573 0.161094
vt 0.625758 0.162452
vt 0.628344 0.166012
vt 0.628344 0.170414
vt 0.625758 0.173975
vt 0.621573 0.175337
vt 0.617388 0.173979
vt 0.923159 0.074988
vt 0.933074 0.074988
vt 0.933027 0.078499
vt 0.923113 0.078499
vt 0.986406 0.803699
vt 0.986406 0.793792
vt 0.990446 0.793872
vt 0.990446 0.803778
vt 0.364862 0.831756
vt 0.374775 0.831756
vt 0.042894 0.981609
vt 0.042894 0.991525
vt 0.038673 0.991541
vt 0.038673 0.981625
vt 0.923116 0.066977
vt 0.933031 0.066977
vt 0.933075 0.070586
vt 0.923160 0.070586
vt 0.364917 0.828076
vt 0.374831 0.828076
vt 0.034524 0.991522
vt 0.034524 0.981606
vt 0.982110 0.803742
vt 0.982110 0.793836
vt 0.897970 0.962258
vt 0.897970 0.896152
vt 0.904254 0.896180
vt 0.904254 0.962287
vt 0.922164 0.620793
vt 0.922164 0.686888
vt 0.916962 0.686983
vt 0.916962 0.620889
vt 0.910302 0.686991
vt 0.910302 0.620896
vt 0.904730 0.686907
vt 0.904730 0.620812
vt 0.700145 0.902262
vt 0.700145 0.968306
vt 0.693639 0.968372
vt 0.693639 0.902329
vt 0.687520 0.968251
vt 0.687520 0.902208
vt 0.611363 0.727117
vt 0.611363 0.661015
vt 0.616830 0.660948
vt 0.616830 0.727050
vt 0.623495 0.660950
vt 0.623495 0.727052
vt 0.901293 0.528320
vt 0.891379 0.528320
vt 0.891316 0.524885
vt 0.901230 0.524885
vt 0.628814 0.661020
vt 0.628814 0.727122
vt 0.891578 0.962282
vt 0.891578 0.896176
vt 0.482708 0.947502
vt 0.488887 0.947509
vt 0.488887 0.951782
vt 0.482708 0.951775
vt 0.805108 0.961411
vt 0.802837 0.958286
vt 0.809176 0.956223
vt 0.809176 0.960087
vt 0.815515 0.958280
vt 0.813244 0.961407
vt 0.819433 0.963671
vt 0.815758 0.964867
vt 0.819433 0.970336
vt 0.815758 0.969144
vt 0.815515 0.975730
vt 0.813244 0.972605
vt 0.809176 0.977793
vt 0.809176 0.973929
vt 0.802837 0.975736
vt 0.805108 0.972609
vt 0.798919 0.970345
vt 0.802594 0.969149
vt 0.798919 0.963680
vt 0.802594 0.964872
vt 0.501494 0.980071
vt 0.504009 0.983532
vt 0.504009 0.987809
vt 0.501494 0.991268
vt 0.497426 0.992588
vt 0.493357 0.991265
vt 0.490843 0.987804
vt 0.490843 0.983527
vt 0.493357 0.980068
vt 0.497426 0.978748
vt 0.904730 0.798958
vt 0.910910 0.798958
vt 0.910925 0.803060
vt 0.904746 0.803060
vt 0.406427 0.987091
vt 0.400248 0.987093
vt 0.400204 0.983585
vt 0.406383 0.983583
vt 0.482766 0.943926
vt 0.488945 0.943933
vt 0.904748 0.794925
vt 0.910928 0.794925
vt 0.406427 0.991368
vt 0.400248 0.991370
vt 0.788840 0.245470
vt 0.782666 0.245470
vt 0.782624 0.241295
vt 0.788797 0.241295
vt 0.488945 0.955121
vt 0.482766 0.955114
vt 0.406383 0.994782
vt 0.400204 0.994784
vt 0.788762 0.249397
vt 0.782589 0.249397
vt 0.967665 0.964303
vt 0.965511 0.961339
vt 0.971851 0.959281
vt 0.971851 0.962944
vt 0.965077 0.967862
vt 0.961592 0.966730
vt 0.965077 0.972262
vt 0.961592 0.973393
vt 0.967665 0.975821
vt 0.965511 0.978784
vt 0.971851 0.977181
vt 0.971851 0.980844
vt 0.976038 0.975822
vt 0.978191 0.978786
vt 0.978625 0.972263
vt 0.982110 0.973395
vt 0.978625 0.967864
vt 0.982110 0.966732
vt 0.976038 0.964304
vt 0.978191 0.961341
vt 0.974670 0.063227
vt 0.978857 0.061868
vt 0.983043 0.063228
vt 0.985630 0.066787
vt 0.985630 0.071187
vt 0.983043 0.074746
vt 0.978857 0.076105
vt 0.974670 0.074745
vt 0.972083 0.071185
vt 0.972083 0.066786
vt 0.933122 0.074988
vt 0.943037 0.074988
vt 0.942990 0.078499
vt 0.933075 0.078499
vt 0.091773 0.988510
vt 0.091773 0.978604
vt 0.095813 0.978683
vt 0.095813 0.988590
vt 0.891311 0.520488
vt 0.901225 0.520488
vt 0.969962 0.980847
vt 0.969962 0.990763
vt 0.965742 0.990779
vt 0.965742 0.980863
vt 0.933079 0.066977
vt 0.942994 0.066977
vt 0.943038 0.070586
vt 0.933123 0.070586
vt 0.891366 0.516809
vt 0.901280 0.516809
vt 0.961592 0.990760
vt 0.961592 0.980844
vt 0.087477 0.988554
vt 0.087477 0.978648
vt 0.190428 0.942948
vt 0.190428 0.990309
vt 0.186861 0.990250
vt 0.186861 0.942888
vt 0.989738 0.324780
vt 0.989738 0.277117
vt 0.993207 0.277074
vt 0.993207 0.324737
vt 0.570558 0.663911
vt 0.569337 0.744665
vt 0.560322 0.736431
vt 0.561416 0.664075
vt 0.974772 0.606736
vt 0.965663 0.606736
vt 0.966080 0.529042
vt 0.971418 0.529042
vt 0.961592 0.938053
vt 0.961592 0.958063
vt 0.956196 0.958642
vt 0.956196 0.939719
vt 0.959645 0.974998
vt 0.957196 0.975261
vt 0.816161 0.759967
vt 0.825215 0.807462
vt 0.815155 0.793415
vt 0.807042 0.750859
vt 0.818243 0.241295
vt 0.818243 0.183501
vt 0.866401 0.194948
vt 0.865203 0.239971
vt 0.340386 0.841438
vt 0.382591 0.841438
vt 0.363489 0.887157
vt 0.349952 0.886399
vt 0.997216 0.950640
vt 0.997216 0.994469
vt 0.993688 0.994195
vt 0.993688 0.950366
vt 0.246950 0.981162
vt 0.246950 0.928251
vt 0.250465 0.928126
vt 0.250465 0.981036
vt 0.996624 0.331816
vt 0.996624 0.377131
vt 0.993100 0.376929
vt 0.993100 0.331614
vt 0.890138 0.509251
vt 0.890138 0.523338
vt 0.886759 0.522765
vt 0.886759 0.508678
vt 0.628814 0.702119
vt 0.628814 0.644319
vt 0.632343 0.644380
vt 0.632343 0.702179
vt 0.996570 0.173787
vt 0.996570 0.131403
vt 0.999997 0.131439
vt 0.999997 0.173823
vt 0.989573 0.445553
vt 0.989573 0.398096
vt 0.993084 0.397929
vt 0.993084 0.445385
vt 0.986237 0.326871
vt 0.986237 0.277205
vt 0.989738 0.277074
vt 0.989738 0.326740
vt 0.812026 0.591498
vt 0.813892 0.672152
vt 0.805009 0.672177
vt 0.803338 0.599911
vt 0.851035 0.937081
vt 0.825215 0.932960
vt 0.827150 0.925550
vt 0.851369 0.929416
vt 0.569091 0.791875
vt 0.554610 0.776794
vt 0.546885 0.727948
vt 0.739461 0.127837
vt 0.739514 0.206610
vt 0.725738 0.196728
vt 0.725691 0.127329
vt 0.547849 0.664202
vt 0.714205 0.972606
vt 0.728322 0.972606
vt 0.722466 0.989771
vt 0.717176 0.987369
vt 0.579124 0.806544
vt 0.571398 0.575727
vt 0.562169 0.585062
vt 0.825215 0.529042
vt 0.815155 0.543951
vt 0.579124 0.528599
vt 0.569091 0.542835
vt 0.725738 0.063599
vt 0.708942 0.063797
vt 0.721767 0.015068
vt 0.725316 0.014705
vt 0.708956 0.197139
vt 0.723197 0.234408
vt 0.715137 0.234450
vt 0.888162 0.041953
vt 0.888228 0.091550
vt 0.831842 0.070707
vt 0.831808 0.044767
vt 0.888228 -0.000000
vt 0.831842 0.022826
vt 0.691793 0.968372
vt 0.691793 0.988627
vt 0.677503 0.985444
vt 0.674895 0.974675
vt 0.548512 0.594592
vt 0.739035 -0.000000
vt 0.739514 0.055498
vt 0.554610 0.557390
vt 0.736631 0.249379
vt 0.723347 0.085376
vt 0.711353 0.085520
vt 0.711357 0.177255
vt 0.723350 0.176997
vt 0.711426 0.127511
vt 0.709049 0.127541
vt 0.723314 0.127358
vt 0.039770 0.915879
vt 0.045987 0.915799
vt 0.046005 0.941760
vt 0.039733 0.941895
vt 0.039733 0.893918
vt 0.046006 0.893842
vt 0.939525 0.620793
vt 0.952870 0.623570
vt 0.946505 0.688807
vt 0.939525 0.687355
vt 0.746000 0.764328
vt 0.746131 0.814082
vt 0.689502 0.813270
vt 0.689433 0.787248
vt 0.746000 0.856079
vt 0.689433 0.835234
vt 0.944139 0.251842
vt 0.957718 0.250623
vt 0.951241 0.316186
vt 0.944139 0.316823
vt 0.276007 0.986551
vt 0.276007 0.964529
vt 0.294154 0.964537
vt 0.294154 0.986559
vt 0.791229 0.807449
vt 0.791229 0.888581
vt 0.783787 0.885966
vt 0.783787 0.809865
vt 0.377070 0.924785
vt 0.351229 0.928801
vt 0.350774 0.921121
vt 0.375012 0.917355
vt 0.753610 0.809895
vt 0.753610 0.885997
vt 0.746175 0.876112
vt 0.746175 0.819188
vt 0.343461 0.957388
vt 0.320821 0.957577
vt 0.320821 0.928990
vt 0.343461 0.928801
vt 0.592217 0.816245
vt 0.610474 0.817966
vt 0.610474 0.874880
vt 0.592217 0.873158
vt 0.591939 0.806544
vt 0.616347 0.808846
vt 0.616347 0.884933
vt 0.591939 0.882632
vt 0.830949 0.922085
vt 0.847042 0.924653
vt 0.845635 0.902675
vt 0.829541 0.900106
vt 0.825215 0.895344
vt 0.849434 0.899209
vt 0.986597 0.907202
vt 0.970701 0.903610
vt 0.970701 0.881587
vt 0.986597 0.885179
vt 0.990092 0.486169
vt 0.973873 0.484639
vt 0.973873 0.466479
vt 0.990092 0.468008
vt 0.141607 0.967295
vt 0.141607 0.989252
vt 0.123443 0.989234
vt 0.123443 0.967277
vt 0.974656 0.681199
vt 0.990763 0.679735
vt 0.990763 0.697898
vt 0.974656 0.699362
vt 0.354758 0.916771
vt 0.371541 0.914163
vt 0.373085 0.891507
vt 0.356302 0.894115
vt 0.352831 0.890923
vt 0.377070 0.887157
vt 0.986088 0.354323
vt 0.969522 0.358066
vt 0.969522 0.335357
vt 0.986088 0.331614
vt 0.146151 0.916980
vt 0.163126 0.916990
vt 0.163126 0.945741
vt 0.146151 0.945730
vt 0.798919 0.927495
vt 0.821626 0.927506
vt 0.821626 0.956224
vt 0.798919 0.956213
vt 0.192721 0.932680
vt 0.209573 0.932740
vt 0.209573 0.961482
vt 0.192721 0.961422
vt 0.927934 0.686900
vt 0.922164 0.686943
vt 0.922164 0.620836
vt 0.927934 0.620793
vt 0.263385 0.973019
vt 0.257272 0.972973
vt 0.257272 0.906871
vt 0.263385 0.906917
vt 0.250763 0.972998
vt 0.250763 0.906896
vt 0.926122 0.331614
vt 0.930768 0.331832
vt 0.930768 0.397875
vt 0.926122 0.397657
vt 0.937337 0.331884
vt 0.937337 0.397927
vt 0.943320 0.331750
vt 0.943320 0.397793
vt 0.444681 0.895873
vt 0.450957 0.895925
vt 0.450957 0.962020
vt 0.444681 0.961968
vt 0.457356 0.895882
vt 0.457356 0.961977
vt 0.234760 0.983141
vt 0.238796 0.983171
vt 0.238796 0.993086
vt 0.234760 0.993056
vt 0.939525 0.686966
vt 0.934565 0.686909
vt 0.934565 0.620802
vt 0.939525 0.620859
vt 0.094083 0.948834
vt 0.094099 0.953011
vt 0.087920 0.953011
vt 0.087904 0.948834
vt 0.137768 0.950895
vt 0.133700 0.949571
vt 0.133700 0.945708
vt 0.140040 0.947770
vt 0.129632 0.950892
vt 0.127361 0.947765
vt 0.127118 0.954351
vt 0.123443 0.953155
vt 0.127118 0.958628
vt 0.123443 0.959821
vt 0.129632 0.962090
vt 0.127361 0.965215
vt 0.133700 0.963413
vt 0.133700 0.967277
vt 0.137768 0.962093
vt 0.140040 0.965220
vt 0.140283 0.958634
vt 0.143957 0.959829
vt 0.140283 0.954356
vt 0.143957 0.953164
vt 0.313862 0.980463
vt 0.317930 0.979140
vt 0.321999 0.980461
vt 0.324513 0.983920
vt 0.324513 0.988197
vt 0.321999 0.991658
vt 0.317930 0.992981
vt 0.313862 0.991661
vt 0.311347 0.988201
vt 0.311347 0.983924
vt 0.439347 0.991505
vt 0.439347 0.987250
vt 0.445527 0.987241
vt 0.445527 0.991497
vt 0.857366 0.245323
vt 0.857399 0.241295
vt 0.863578 0.241295
vt 0.863545 0.245323
vt 0.026154 0.980841
vt 0.026037 0.983824
vt 0.019864 0.983872
vt 0.019980 0.980890
vt 0.439380 0.995207
vt 0.445559 0.995199
vt 0.857394 0.249429
vt 0.863572 0.249429
vt 0.026154 0.976625
vt 0.019980 0.976674
vt 0.094069 0.956935
vt 0.087890 0.956935
vt 0.439380 0.984067
vt 0.445559 0.984058
vt 0.026037 0.972787
vt 0.019864 0.972835
vt 0.333145 0.962599
vt 0.328958 0.961240
vt 0.328958 0.957577
vt 0.335299 0.959635
vt 0.335732 0.966158
vt 0.339217 0.965026
vt 0.335732 0.970558
vt 0.339217 0.971689
vt 0.333145 0.974117
vt 0.335299 0.977080
vt 0.328958 0.975477
vt 0.328958 0.979140
vt 0.324772 0.974118
vt 0.322618 0.977082
vt 0.322185 0.970559
vt 0.318699 0.971691
vt 0.322185 0.966160
vt 0.318699 0.965028
vt 0.324772 0.962600
vt 0.322618 0.959637
vt 0.919230 0.326145
vt 0.916644 0.329705
vt 0.912459 0.331064
vt 0.908274 0.329702
vt 0.905688 0.326140
vt 0.905688 0.321739
vt 0.908274 0.318179
vt 0.912459 0.316820
vt 0.916643 0.318182
vt 0.919230 0.321744
vt 0.756135 0.980636
vt 0.756097 0.983911
vt 0.746181 0.983911
vt 0.746219 0.980636
vt 0.963371 0.613388
vt 0.963282 0.609438
vt 0.973188 0.609438
vt 0.973277 0.613388
vt 0.243094 0.983155
vt 0.243094 0.993070
vt 0.756091 0.988289
vt 0.746175 0.988289
vt 0.965532 0.178031
vt 0.961388 0.177996
vt 0.961388 0.168083
vt 0.965532 0.168117
vt 0.963192 0.620793
vt 0.963336 0.617725
vt 0.973243 0.617725
vt 0.973099 0.620793
vt 0.756119 0.992098
vt 0.746204 0.992098
vt 0.957163 0.178025
vt 0.957163 0.168111
vt 0.915350 0.316729
vt 0.909580 0.316772
vt 0.909580 0.250666
vt 0.915350 0.250623
vt 0.969505 0.464078
vt 0.963392 0.464031
vt 0.963392 0.397929
vt 0.969505 0.397976
vt 0.956883 0.464056
vt 0.956883 0.397954
vt 0.926941 0.250623
vt 0.931587 0.250841
vt 0.931587 0.316884
vt 0.926941 0.316666
vt 0.938156 0.250892
vt 0.938156 0.316936
vt 0.944139 0.250758
vt 0.944139 0.316802
vt 0.393981 0.895873
vt 0.400256 0.895925
vt 0.400256 0.962020
vt 0.393981 0.961968
vt 0.406656 0.895882
vt 0.406656 0.961977
vt 0.064826 0.982937
vt 0.068862 0.982967
vt 0.068862 0.992882
vt 0.064826 0.992852
vt 0.926941 0.316795
vt 0.921981 0.316738
vt 0.921981 0.250631
vt 0.926941 0.250689
vt 0.941935 0.794925
vt 0.941951 0.799102
vt 0.935772 0.799102
vt 0.935756 0.794925
vt 0.971925 0.493235
vt 0.967856 0.491912
vt 0.967856 0.488048
vt 0.974196 0.490110
vt 0.963788 0.493232
vt 0.961517 0.490105
vt 0.961274 0.496691
vt 0.957599 0.495496
vt 0.961274 0.500968
vt 0.957599 0.502161
vt 0.963788 0.504430
vt 0.961517 0.507555
vt 0.967856 0.505753
vt 0.967856 0.509617
vt 0.971925 0.504433
vt 0.974196 0.507560
vt 0.974439 0.500974
vt 0.978114 0.502169
vt 0.974439 0.496697
vt 0.978114 0.495504
vt 0.982395 0.132726
vt 0.986463 0.131403
vt 0.990532 0.132723
vt 0.993046 0.136182
vt 0.993046 0.140459
vt 0.990532 0.143920
vt 0.986463 0.145243
vt 0.982395 0.143923
vt 0.979881 0.140464
vt 0.979881 0.136187
vt 0.414498 0.991505
vt 0.414498 0.987250
vt 0.420678 0.987241
vt 0.420678 0.991497
vt 0.832519 0.245323
vt 0.832553 0.241295
vt 0.838731 0.241295
vt 0.838698 0.245323
vt 0.611776 0.980870
vt 0.611660 0.983853
vt 0.605486 0.983901
vt 0.605602 0.980919
vt 0.414531 0.995207
vt 0.420711 0.995199
vt 0.832547 0.249429
vt 0.838726 0.249429
vt 0.611776 0.976654
vt 0.605602 0.976703
vt 0.941921 0.803025
vt 0.935742 0.803025
vt 0.414531 0.984067
vt 0.420711 0.984058
vt 0.611660 0.972816
vt 0.605486 0.972864
vt 0.760621 0.964094
vt 0.756434 0.962735
vt 0.756434 0.959072
vt 0.762775 0.961131
vt 0.763208 0.967653
vt 0.766693 0.966521
vt 0.763208 0.972053
vt 0.766693 0.973184
vt 0.760621 0.975613
vt 0.762775 0.978576
vt 0.756434 0.976973
vt 0.756434 0.980636
vt 0.752248 0.975614
vt 0.750094 0.978577
vt 0.749661 0.972055
vt 0.746175 0.973187
vt 0.749661 0.967655
vt 0.746175 0.966523
vt 0.752248 0.964095
vt 0.750094 0.961132
vt 0.602899 0.974175
vt 0.605486 0.977734
vt 0.605486 0.982133
vt 0.602899 0.985693
vt 0.598712 0.987053
vt 0.594526 0.985694
vt 0.591939 0.982135
vt 0.591939 0.977735
vt 0.594526 0.974176
vt 0.598712 0.972816
vt 0.589928 0.979731
vt 0.589890 0.983006
vt 0.579975 0.983006
vt 0.580013 0.979731
vt 0.383861 0.978877
vt 0.383772 0.974926
vt 0.393678 0.974926
vt 0.393767 0.978876
vt 0.073160 0.982951
vt 0.073160 0.992866
vt 0.589885 0.987384
vt 0.579969 0.987384
vt 0.939253 0.763136
vt 0.935109 0.763102
vt 0.935109 0.753188
vt 0.939253 0.753222
vt 0.383682 0.986282
vt 0.383826 0.983214
vt 0.393732 0.983214
vt 0.393588 0.986282
vt 0.589913 0.991194
vt 0.579997 0.991194
vt 0.930884 0.763130
vt 0.930884 0.753217
vt 0.991862 0.078559
vt 0.991862 0.125920
vt 0.988296 0.125861
vt 0.988296 0.078499
vt 0.990003 0.766693
vt 0.990003 0.719030
vt 0.993472 0.718988
vt 0.993472 0.766651
vt 0.602798 0.663911
vt 0.601577 0.744665
vt 0.592562 0.736431
vt 0.593656 0.664075
vt 0.975422 0.247964
vt 0.966313 0.247964
vt 0.966730 0.170270
vt 0.972068 0.170270
vt 0.988296 0.078499
vt 0.988296 0.098509
vt 0.982900 0.099088
vt 0.982900 0.080165
vt 0.986349 0.115444
vt 0.983899 0.115707
vt 0.838038 0.481547
vt 0.847092 0.529042
vt 0.837032 0.514995
vt 0.828919 0.472439
vt -0.000000 0.893842
vt -0.000000 0.836048
vt 0.048157 0.847495
vt 0.046960 0.892518
vt 0.632691 0.856079
vt 0.674895 0.856079
vt 0.655793 0.901797
vt 0.642257 0.901040
vt 0.997759 0.640757
vt 0.997759 0.684586
vt 0.994231 0.684312
vt 0.994231 0.640483
vt 0.513624 0.981486
vt 0.513624 0.928576
vt 0.517139 0.928450
vt 0.517139 0.981360
vt 0.996724 0.549004
vt 0.996724 0.594319
vt 0.993200 0.594117
vt 0.993200 0.548802
vt 0.903576 0.230204
vt 0.903576 0.244290
vt 0.900197 0.243717
vt 0.900197 0.229631
vt 0.541969 0.747730
vt 0.541969 0.689930
vt 0.545498 0.689991
vt 0.545498 0.747791
vt 0.996574 0.232171
vt 0.996574 0.189787
vt 1.000000 0.189823
vt 1.000000 0.232207
vt 0.989589 0.379238
vt 0.989589 0.331781
vt 0.993100 0.331614
vt 0.993100 0.379070
vt 0.986598 0.853690
vt 0.986598 0.804024
vt 0.990099 0.803893
vt 0.990099 0.853559
vt 0.833903 0.313078
vt 0.835769 0.393733
vt 0.826886 0.393758
vt 0.825215 0.321491
vt 0.877188 0.937081
vt 0.851369 0.932960
vt 0.853303 0.925550
vt 0.877522 0.929416
vt 0.601331 0.791875
vt 0.586849 0.776794
vt 0.579124 0.727948
vt 0.770033 0.127837
vt 0.770086 0.206610
vt 0.756310 0.196728
vt 0.756263 0.127329
vt 0.580088 0.664202
vt 0.742440 0.972606
vt 0.736584 0.989771
vt 0.731293 0.987369
vt 0.611363 0.806544
vt 0.603638 0.575727
vt 0.594408 0.585062
vt 0.847092 0.250623
vt 0.837032 0.265531
vt 0.611363 0.528599
vt 0.601331 0.542835
vt 0.756310 0.063599
vt 0.739514 0.063797
vt 0.752339 0.015068
vt 0.755888 0.014705
vt 0.739529 0.197139
vt 0.753770 0.234408
vt 0.745710 0.234450
vt 0.888162 0.133502
vt 0.888228 0.183100
vt 0.831842 0.162256
vt 0.831808 0.136317
vt 0.888228 0.091550
vt 0.831842 0.114376
vt 0.708691 0.968372
vt 0.708691 0.988627
vt 0.694401 0.985444
vt 0.691793 0.974675
vt 0.580751 0.594592
vt 0.769608 -0.000000
vt 0.770086 0.055498
vt 0.586849 0.557390
vt 0.767203 0.249379
vt 0.753919 0.085376
vt 0.741925 0.085520
vt 0.741930 0.177255
vt 0.753922 0.176997
vt 0.741998 0.127511
vt 0.739621 0.127541
vt 0.753886 0.127358
vt 0.482745 0.917910
vt 0.488963 0.917830
vt 0.488980 0.943792
vt 0.482708 0.943926
vt 0.482708 0.895949
vt 0.488981 0.895873
vt 0.939525 0.688807
vt 0.952870 0.691585
vt 0.946505 0.756821
vt 0.939525 0.755369
vt 0.881782 0.529042
vt 0.881913 0.578797
vt 0.825284 0.577984
vt 0.825215 0.551963
vt 0.881782 0.620793
vt 0.825215 0.599948
vt 0.945881 0.001219
vt 0.959460 -0.000000
vt 0.952983 0.065563
vt 0.945881 0.066201
vt 0.916141 0.987158
vt 0.916141 0.965136
vt 0.934287 0.965144
vt 0.934287 0.987166
vt 0.892146 0.250623
vt 0.892146 0.331754
vt 0.884704 0.329140
vt 0.884704 0.253038
vt 0.573181 0.925304
vt 0.547340 0.929320
vt 0.546885 0.921641
vt 0.571123 0.917874
vt 0.854527 0.253069
vt 0.854527 0.329170
vt 0.847092 0.319286
vt 0.847092 0.262362
vt 0.366100 0.957388
vt 0.343461 0.957577
vt 0.343461 0.928990
vt 0.366100 0.928801
vt 0.801085 0.817163
vt 0.819342 0.818884
vt 0.819342 0.875798
vt 0.801085 0.874076
vt 0.800806 0.807462
vt 0.825215 0.809763
vt 0.825215 0.885851
vt 0.800806 0.883550
vt 0.857103 0.922085
vt 0.873196 0.924653
vt 0.871788 0.902675
vt 0.855695 0.900107
vt 0.851369 0.895344
vt 0.875588 0.899210
vt 0.986597 0.932818
vt 0.970701 0.929225
vt 0.970701 0.907202
vt 0.986597 0.910794
vt 0.990876 0.640483
vt 0.974656 0.638954
vt 0.974656 0.620793
vt 0.990876 0.622322
vt 0.164315 0.967328
vt 0.164315 0.989285
vt 0.146151 0.989266
vt 0.146151 0.967310
vt 0.974656 0.700825
vt 0.990763 0.699362
vt 0.990763 0.717524
vt 0.974656 0.718988
vt 0.550870 0.917291
vt 0.567652 0.914683
vt 0.569196 0.892026
vt 0.552413 0.894635
vt 0.548942 0.891443
vt 0.573181 0.887676
vt 0.986088 0.380774
vt 0.969522 0.384517
vt 0.969522 0.361809
vt 0.986088 0.358066
vt 0.714205 0.922276
vt 0.731180 0.922287
vt 0.731180 0.951037
vt 0.714205 0.951027
vt 0.490843 0.928450
vt 0.513551 0.928461
vt 0.513551 0.957179
vt 0.490843 0.957168
vt 0.209573 0.932680
vt 0.226426 0.932740
vt 0.226426 0.961482
vt 0.209573 0.961422
vt 0.927934 0.753097
vt 0.922164 0.753140
vt 0.922164 0.687034
vt 0.927934 0.686991
vt 0.276007 0.973019
vt 0.269894 0.972973
vt 0.269894 0.906871
vt 0.276007 0.906917
vt 0.263385 0.972998
vt 0.263385 0.906896
vt 0.928683 0.000000
vt 0.933329 0.000218
vt 0.933329 0.066261
vt 0.928683 0.066043
vt 0.939898 0.000270
vt 0.939898 0.066313
vt 0.945881 0.000136
vt 0.945881 0.066179
vt 0.457356 0.895873
vt 0.463632 0.895925
vt 0.463632 0.962020
vt 0.457356 0.961968
vt 0.470032 0.895882
vt 0.470032 0.961977
vt 0.470032 0.983572
vt 0.474068 0.983603
vt 0.474068 0.993517
vt 0.470032 0.993487
vt 0.939525 0.753163
vt 0.934565 0.753106
vt 0.934565 0.686999
vt 0.939525 0.687057
vt 0.045926 0.951843
vt 0.045942 0.956020
vt 0.039763 0.956020
vt 0.039747 0.951843
vt 0.160476 0.950928
vt 0.156408 0.949604
vt 0.156408 0.945740
vt 0.162747 0.947803
vt 0.152340 0.950924
vt 0.150069 0.947797
vt 0.149826 0.954384
vt 0.146151 0.953188
vt 0.149826 0.958661
vt 0.146151 0.959853
vt 0.152340 0.962122
vt 0.150069 0.965247
vt 0.156408 0.963446
vt 0.156408 0.967310
vt 0.160476 0.962126
vt 0.162747 0.965253
vt 0.162990 0.958666
vt 0.166665 0.959862
vt 0.162990 0.954389
vt 0.166665 0.953197
vt 0.327028 0.980463
vt 0.331096 0.979140
vt 0.335165 0.980461
vt 0.337679 0.983920
vt 0.337679 0.988197
vt 0.335165 0.991658
vt 0.331096 0.992981
vt 0.327028 0.991661
vt 0.324513 0.988201
vt 0.324513 0.983924
vt 0.445559 0.991505
vt 0.445559 0.987250
vt 0.451739 0.987241
vt 0.451739 0.991497
vt 0.888228 0.148701
vt 0.888261 0.144674
vt 0.894439 0.144674
vt 0.894406 0.148701
vt 0.772471 0.988783
vt 0.772355 0.991765
vt 0.766181 0.991814
vt 0.766298 0.988832
vt 0.445592 0.995207
vt 0.451771 0.995199
vt 0.888255 0.152808
vt 0.894434 0.152808
vt 0.772471 0.984567
vt 0.766298 0.984616
vt 0.045912 0.959943
vt 0.039733 0.959943
vt 0.445592 0.984067
vt 0.451771 0.984058
vt 0.772355 0.980728
vt 0.766181 0.980777
vt 0.353663 0.962599
vt 0.349476 0.961240
vt 0.349476 0.957577
vt 0.355817 0.959635
vt 0.356250 0.966158
vt 0.359735 0.965026
vt 0.356250 0.970558
vt 0.359735 0.971689
vt 0.353663 0.974117
vt 0.355817 0.977080
vt 0.349476 0.975477
vt 0.349476 0.979140
vt 0.345290 0.974118
vt 0.343136 0.977082
vt 0.342703 0.970559
vt 0.339217 0.971691
vt 0.342703 0.966160
vt 0.339217 0.965028
vt 0.345290 0.962600
vt 0.343136 0.959637
vt 0.939664 0.326696
vt 0.937078 0.330256
vt 0.932893 0.331614
vt 0.928708 0.330252
vt 0.926122 0.326690
vt 0.926122 0.322289
vt 0.928708 0.318729
vt 0.932893 0.317371
vt 0.937078 0.318732
vt 0.939664 0.322294
vt 0.766094 0.980636
vt 0.766056 0.983911
vt 0.756140 0.983911
vt 0.756178 0.980636
vt 0.969700 0.388468
vt 0.969611 0.384517
vt 0.979517 0.384517
vt 0.979606 0.388468
vt 0.478366 0.983586
vt 0.478366 0.993501
vt 0.766050 0.988289
vt 0.756135 0.988289
vt 0.971455 0.076925
vt 0.967311 0.076891
vt 0.967311 0.066977
vt 0.971455 0.067011
vt 0.969522 0.395873
vt 0.969666 0.392805
vt 0.979572 0.392805
vt 0.979428 0.395873
vt 0.766079 0.992098
vt 0.756163 0.992098
vt 0.963086 0.076919
vt 0.963086 0.067005
vt 0.917092 0.066107
vt 0.911323 0.066149
vt 0.911323 0.000043
vt 0.917092 -0.000000
vt 0.969522 0.397763
vt 0.963408 0.397716
vt 0.963408 0.331614
vt 0.969522 0.331661
vt 0.956899 0.397741
vt 0.956899 0.331639
vt 0.591939 0.884933
vt 0.596585 0.885151
vt 0.596585 0.951195
vt 0.591939 0.950977
vt 0.603154 0.885203
vt 0.603154 0.951246
vt 0.609137 0.885069
vt 0.609137 0.951112
vt 0.406656 0.895873
vt 0.412931 0.895925
vt 0.412931 0.962020
vt 0.406656 0.961968
vt 0.419331 0.895882
vt 0.419331 0.961977
vt 0.192720 0.983045
vt 0.196757 0.983076
vt 0.196757 0.992991
vt 0.192720 0.992960
vt 0.928683 0.066173
vt 0.923723 0.066115
vt 0.923723 0.000009
vt 0.928683 0.000066
vt 0.945718 0.756821
vt 0.945734 0.760998
vt 0.939555 0.760998
vt 0.939538 0.756821
vt 0.088636 0.962222
vt 0.084568 0.960898
vt 0.084568 0.957035
vt 0.090907 0.959097
vt 0.080500 0.962218
vt 0.078229 0.959092
vt 0.077986 0.965678
vt 0.074311 0.964482
vt 0.077986 0.969955
vt 0.074311 0.971147
vt 0.080500 0.973416
vt 0.078229 0.976541
vt 0.084568 0.974740
vt 0.084568 0.978604
vt 0.088636 0.973420
vt 0.090907 0.976547
vt 0.091150 0.969961
vt 0.094825 0.971156
vt 0.091150 0.965683
vt 0.094825 0.964491
vt 0.549399 0.981054
vt 0.553468 0.979731
vt 0.557536 0.981051
vt 0.560051 0.984510
vt 0.560051 0.988787
vt 0.557536 0.992248
vt 0.553468 0.993571
vt 0.549399 0.992251
vt 0.546885 0.988792
vt 0.546885 0.984515
vt 0.420711 0.991505
vt 0.420711 0.987250
vt 0.426890 0.987241
vt 0.426890 0.991497
vt 0.838731 0.245323
vt 0.838764 0.241295
vt 0.844943 0.241295
vt 0.844910 0.245323
vt 0.984622 0.988899
vt 0.984506 0.991881
vt 0.978332 0.991930
vt 0.978449 0.988947
vt 0.420743 0.995207
vt 0.426923 0.995199
vt 0.838759 0.249429
vt 0.844937 0.249429
vt 0.984622 0.984683
vt 0.978449 0.984731
vt 0.945704 0.764921
vt 0.939525 0.764922
vt 0.420743 0.984067
vt 0.426923 0.984058
vt 0.984506 0.980844
vt 0.978332 0.980893
vt 0.786917 0.964187
vt 0.782730 0.962828
vt 0.782730 0.959165
vt 0.789071 0.961224
vt 0.789504 0.967746
vt 0.792989 0.966614
vt 0.789504 0.972146
vt 0.792989 0.973277
vt 0.786917 0.975706
vt 0.789071 0.978669
vt 0.782730 0.977066
vt 0.782730 0.980729
vt 0.778544 0.975707
vt 0.776390 0.978670
vt 0.775957 0.972148
vt 0.772471 0.973280
vt 0.775957 0.967748
vt 0.772471 0.966616
vt 0.778544 0.964188
vt 0.776390 0.961225
vt 0.261723 0.974378
vt 0.264310 0.977937
vt 0.264310 0.982337
vt 0.261723 0.985897
vt 0.257536 0.987257
vt 0.253350 0.985898
vt 0.250763 0.982339
vt 0.250763 0.977939
vt 0.253350 0.974379
vt 0.257536 0.973019
vt 0.623092 0.980334
vt 0.623054 0.983608
vt 0.613138 0.983608
vt 0.613176 0.980334
vt 0.979784 0.388468
vt 0.979696 0.384517
vt 0.989602 0.384517
vt 0.989690 0.388468
vt 0.201055 0.983060
vt 0.201055 0.992974
vt 0.623048 0.987987
vt 0.613132 0.987987
vt 0.096259 0.948834
vt 0.092116 0.948800
vt 0.092116 0.938886
vt 0.096259 0.938921
vt 0.979606 0.395873
vt 0.979750 0.392805
vt 0.989656 0.392805
vt 0.989512 0.395873
vt 0.623076 0.991796
vt 0.613161 0.991796
vt 0.087890 0.948829
vt 0.087890 0.938915
vt 0.997031 0.901931
vt 0.993631 0.902259
vt 0.993631 0.855452
vt 0.997031 0.855124
vt 0.995912 0.069686
vt 0.992491 0.069640
vt 0.992491 0.021923
vt 0.995912 0.021969
vt 0.607440 0.385850
vt 0.617662 0.385926
vt 0.619147 0.458274
vt 0.609097 0.466596
vt 0.961592 0.959281
vt 0.964946 0.881587
vt 0.970284 0.881587
vt 0.970701 0.959281
vt 0.539779 0.928450
vt 0.545216 0.930055
vt 0.545216 0.948992
vt 0.539779 0.948473
vt 0.544195 0.965633
vt 0.541726 0.965398
vt 0.745342 0.481514
vt 0.754448 0.472388
vt 0.746522 0.514962
vt 0.736497 0.529029
vt 0.490569 0.895873
vt 0.443471 0.895873
vt 0.442412 0.854062
vt 0.490843 0.841088
vt 0.918211 0.850022
vt 0.911898 0.895319
vt 0.899936 0.896151
vt 0.878901 0.850022
vt 0.999901 0.319907
vt 0.996606 0.320602
vt 0.996606 0.277769
vt 0.999901 0.277074
vt 0.185113 0.956163
vt 0.181508 0.956229
vt 0.181508 0.902088
vt 0.185113 0.902022
vt 0.993200 0.594520
vt 0.996724 0.639634
vt 0.993200 0.639835
vt 0.242502 0.933253
vt 0.245881 0.932680
vt 0.245881 0.946766
vt 0.242502 0.947339
vt 0.545498 0.863450
vt 0.541969 0.863511
vt 0.541969 0.805711
vt 0.545498 0.805651
vt 1.000000 0.274591
vt 0.996574 0.274627
vt 0.996574 0.232243
vt 1.000000 0.232207
vt 0.994231 0.688104
vt 0.990763 0.687922
vt 0.990763 0.640483
vt 0.994231 0.640665
vt 0.956196 0.988437
vt 0.952591 0.988486
vt 0.952591 0.938102
vt 0.956196 0.938053
vt 0.749523 0.313046
vt 0.758194 0.321441
vt 0.756504 0.393707
vt 0.747638 0.393699
vt 0.193054 0.932680
vt 0.192721 0.925014
vt 0.216940 0.921149
vt 0.218874 0.928559
vt 0.632690 0.449686
vt 0.623113 0.498629
vt 0.608276 0.513828
vt 0.769610 0.394294
vt 0.767798 0.463612
vt 0.631382 0.385947
vt 0.989539 0.189787
vt 0.986568 0.204550
vt 0.981278 0.206951
vt 0.975422 0.189787
vt 0.596965 0.528599
vt 0.606157 0.297671
vt 0.616512 0.306917
vt 0.736497 0.250623
vt 0.746522 0.265510
vt 0.596965 0.250623
vt 0.608276 0.264762
vt 0.727660 0.593027
vt 0.734774 0.544448
vt 0.739371 0.545110
vt 0.746175 0.594469
vt 0.736297 0.727459
vt 0.728949 0.764328
vt 0.719202 0.763645
vt 0.717804 0.725806
vt 0.452090 0.791490
vt 0.510065 0.794178
vt 0.510030 0.820117
vt 0.452023 0.841088
vt 0.452023 0.749538
vt 0.510030 0.772236
vt 0.972083 0.021923
vt 0.988981 0.028225
vt 0.986373 0.038995
vt 0.972083 0.042178
vt 0.630369 0.316341
vt 0.725879 0.529029
vt 0.717804 0.584170
vt 0.623113 0.279202
vt 0.771099 0.330628
vt 0.760816 0.501120
vt 0.728684 0.614924
vt 0.741921 0.615957
vt 0.735128 0.707450
vt 0.721900 0.706304
vt 0.741403 0.658041
vt 0.738776 0.657835
vt 0.722965 0.656592
vt 0.725592 0.656798
vt 0.241170 0.862176
vt 0.241152 0.836157
vt 0.248095 0.836242
vt 0.248087 0.862206
vt 0.241152 0.884139
vt 0.248096 0.884166
vt 0.629699 0.885868
vt 0.629699 0.952429
vt 0.622719 0.953882
vt 0.616353 0.888645
vt 0.061862 0.744298
vt 0.123443 0.767079
vt 0.123370 0.793101
vt 0.061722 0.794052
vt 0.123443 0.815065
vt 0.061862 0.836048
vt 0.039733 0.895061
vt 0.039733 0.960043
vt 0.032631 0.959405
vt 0.026154 0.893842
vt 0.878901 0.962287
vt 0.897048 0.962319
vt 0.897048 0.984325
vt 0.878901 0.984293
vt 0.123443 0.835848
vt 0.130410 0.838247
vt 0.130410 0.914348
vt 0.123443 0.916980
vt 0.746175 0.926209
vt 0.748233 0.918779
vt 0.772471 0.922546
vt 0.772016 0.930225
vt 0.160505 0.838205
vt 0.167662 0.847481
vt 0.167662 0.904405
vt 0.160505 0.914307
vt 0.772472 0.959165
vt 0.772472 0.930577
vt 0.795049 0.930318
vt 0.795049 0.958906
vt 0.890456 0.068751
vt 0.890456 0.011831
vt 0.907731 0.010034
vt 0.907731 0.066954
vt 0.888227 0.078499
vt 0.911323 0.076096
vt 0.911323 -0.000000
vt 0.888227 0.002403
vt 0.213140 0.917683
vt 0.197047 0.920252
vt 0.198454 0.898274
vt 0.194655 0.894808
vt 0.218874 0.890943
vt 0.214548 0.895705
vt 0.970701 0.958433
vt 0.970701 0.936410
vt 0.986598 0.932817
vt 0.986598 0.954841
vt 0.990119 0.529042
vt 0.990119 0.547205
vt 0.974772 0.548802
vt 0.974772 0.530639
vt 0.990247 0.021923
vt 0.972083 0.021898
vt 0.972083 -0.000000
vt 0.990247 0.000025
vt 0.975422 0.188431
vt 0.975422 0.170270
vt 0.990380 0.171626
vt 0.990380 0.189787
vt 0.768487 0.918195
vt 0.751704 0.915587
vt 0.750160 0.892931
vt 0.746175 0.888581
vt 0.770414 0.892347
vt 0.766943 0.895539
vt 0.970340 0.273331
vt 0.970340 0.250623
vt 0.986907 0.254366
vt 0.986907 0.277074
vt 0.934287 0.936238
vt 0.934287 0.964979
vt 0.918211 0.965136
vt 0.918211 0.936396
vt 0.935022 0.488091
vt 0.935022 0.516809
vt 0.912330 0.516765
vt 0.912330 0.488048
vt 0.951221 0.939921
vt 0.951221 0.968673
vt 0.935571 0.968713
vt 0.935571 0.939961
vt 0.960049 0.144606
vt 0.960049 0.078499
vt 0.966333 0.078528
vt 0.966333 0.144635
vt 0.923144 0.183501
vt 0.923144 0.249596
vt 0.917942 0.249692
vt 0.917942 0.183597
vt 0.911282 0.249699
vt 0.911282 0.183604
vt 0.905710 0.249615
vt 0.905710 0.183520
vt 0.670565 0.901852
vt 0.670565 0.967895
vt 0.664059 0.967961
vt 0.664059 0.901918
vt 0.657940 0.967841
vt 0.657940 0.901797
vt 0.891311 0.397923
vt 0.891311 0.331821
vt 0.896777 0.331754
vt 0.896777 0.397856
vt 0.903443 0.331757
vt 0.903443 0.397859
vt 0.384825 0.839588
vt 0.374911 0.839588
vt 0.374848 0.836153
vt 0.384762 0.836153
vt 0.908762 0.331827
vt 0.908762 0.397929
vt 0.953656 0.144630
vt 0.953656 0.078524
vt 0.609137 0.936562
vt 0.615315 0.936568
vt 0.615315 0.940842
vt 0.609137 0.940835
vt 0.720394 0.956225
vt 0.718122 0.953100
vt 0.724462 0.951037
vt 0.724462 0.954901
vt 0.730801 0.953094
vt 0.728530 0.956221
vt 0.734719 0.958485
vt 0.731044 0.959680
vt 0.734719 0.965150
vt 0.731044 0.963958
vt 0.730801 0.970544
vt 0.728530 0.967419
vt 0.724462 0.972607
vt 0.724462 0.968743
vt 0.718122 0.970550
vt 0.720394 0.967423
vt 0.714205 0.965159
vt 0.717879 0.963963
vt 0.714205 0.958494
vt 0.717879 0.959686
vt 0.988765 0.489371
vt 0.991280 0.492832
vt 0.991280 0.497109
vt 0.988765 0.500568
vt 0.984697 0.501888
vt 0.980628 0.500565
vt 0.978114 0.497104
vt 0.978114 0.492827
vt 0.980628 0.489368
vt 0.984697 0.488048
vt 0.923113 0.148845
vt 0.929292 0.148845
vt 0.929308 0.152948
vt 0.923128 0.152948
vt 0.484589 0.987080
vt 0.478410 0.987082
vt 0.478366 0.983574
vt 0.484545 0.983572
vt 0.609194 0.932986
vt 0.615373 0.932992
vt 0.923131 0.144813
vt 0.929311 0.144813
vt 0.484589 0.991357
vt 0.478410 0.991359
vt 0.820096 0.245470
vt 0.813922 0.245470
vt 0.813879 0.241295
vt 0.820053 0.241295
vt 0.615373 0.944181
vt 0.609194 0.944174
vt 0.484545 0.994771
vt 0.478366 0.994773
vt 0.820018 0.249397
vt 0.813845 0.249397
vt 0.400053 0.967041
vt 0.397899 0.964078
vt 0.404239 0.962020
vt 0.404239 0.965682
vt 0.397466 0.970601
vt 0.393980 0.969468
vt 0.397466 0.975000
vt 0.393980 0.976132
vt 0.400053 0.978560
vt 0.397899 0.981523
vt 0.404239 0.979920
vt 0.404239 0.983583
vt 0.408426 0.978561
vt 0.410580 0.981525
vt 0.411013 0.975002
vt 0.414498 0.976134
vt 0.411013 0.970602
vt 0.414498 0.969471
vt 0.408426 0.967043
vt 0.410580 0.964079
vt 0.628344 0.170419
vt 0.628344 0.166017
vt 0.630930 0.162455
vt 0.635115 0.161094
vt 0.639300 0.162452
vt 0.641886 0.166012
vt 0.641886 0.170414
vt 0.639300 0.173976
vt 0.635115 0.175337
vt 0.630930 0.173979
vt 0.935068 0.524906
vt 0.944983 0.524906
vt 0.944937 0.528418
vt 0.935022 0.528418
vt 0.776767 0.990635
vt 0.776767 0.980729
vt 0.780807 0.980808
vt 0.780807 0.990714
vt 0.374843 0.831756
vt 0.384757 0.831756
vt 0.991731 0.609440
vt 0.991731 0.619356
vt 0.987510 0.619372
vt 0.987510 0.609456
vt 0.935026 0.516896
vt 0.944940 0.516896
vt 0.944985 0.520505
vt 0.935070 0.520505
vt 0.374899 0.828076
vt 0.384813 0.828076
vt 0.983361 0.619353
vt 0.983361 0.609438
vt 0.772471 0.990678
vt 0.772471 0.980772
vt 0.910647 0.962258
vt 0.910647 0.896152
vt 0.916931 0.896180
vt 0.916931 0.962287
vt 0.922164 0.686991
vt 0.922164 0.753085
vt 0.916962 0.753181
vt 0.916962 0.687086
vt 0.910302 0.753188
vt 0.910302 0.687094
vt 0.904730 0.753104
vt 0.904730 0.687010
vt 0.712770 0.902262
vt 0.712770 0.968306
vt 0.706264 0.968372
vt 0.706264 0.902329
vt 0.700145 0.968251
vt 0.700145 0.902208
vt 0.611363 0.793291
vt 0.611363 0.727189
vt 0.616830 0.727122
vt 0.616830 0.793224
vt 0.623495 0.727125
vt 0.623495 0.793226
vt 0.901877 0.619053
vt 0.891963 0.619053
vt 0.891900 0.615618
vt 0.901814 0.615618
vt 0.628814 0.727195
vt 0.628814 0.793297
vt 0.904254 0.962282
vt 0.904254 0.896176
vt 0.872166 0.951852
vt 0.878344 0.951859
vt 0.878344 0.956132
vt 0.872166 0.956125
vt 0.497032 0.962366
vt 0.494761 0.959241
vt 0.501100 0.957178
vt 0.501100 0.961042
vt 0.507439 0.959235
vt 0.505168 0.962362
vt 0.511357 0.964626
vt 0.507682 0.965822
vt 0.511357 0.971291
vt 0.507682 0.970099
vt 0.507439 0.976685
vt 0.505168 0.973560
vt 0.501100 0.978748
vt 0.501100 0.974884
vt 0.494761 0.976691
vt 0.497032 0.973564
vt 0.490843 0.971300
vt 0.494518 0.970104
vt 0.490843 0.964635
vt 0.494518 0.965827
vt 0.527790 0.980113
vt 0.530305 0.983574
vt 0.530305 0.987851
vt 0.527790 0.991310
vt 0.523722 0.992630
vt 0.519653 0.991307
vt 0.517139 0.987846
vt 0.517139 0.983569
vt 0.519653 0.980110
vt 0.523722 0.978790
vt 0.905678 0.148730
vt 0.911858 0.148730
vt 0.911874 0.152832
vt 0.905694 0.152832
vt 0.412650 0.987091
vt 0.406471 0.987093
vt 0.406427 0.983585
vt 0.412606 0.983583
vt 0.872223 0.948276
vt 0.878402 0.948282
vt 0.905697 0.144697
vt 0.911876 0.144697
vt 0.412650 0.991368
vt 0.406471 0.991370
vt 0.795091 0.245470
vt 0.788917 0.245470
vt 0.788875 0.241295
vt 0.795049 0.241295
vt 0.878402 0.959471
vt 0.872223 0.959464
vt 0.412606 0.994782
vt 0.406427 0.994784
vt 0.795014 0.249397
vt 0.788840 0.249397
vt 0.054230 0.966395
vt 0.052076 0.963432
vt 0.058416 0.961373
vt 0.058416 0.965036
vt 0.051642 0.969954
vt 0.048157 0.968822
vt 0.051642 0.974354
vt 0.048157 0.975485
vt 0.054230 0.977914
vt 0.052076 0.980877
vt 0.058416 0.979274
vt 0.058416 0.982937
vt 0.062603 0.977915
vt 0.064757 0.980878
vt 0.065190 0.974356
vt 0.068675 0.975488
vt 0.065190 0.969956
vt 0.068675 0.968824
vt 0.062603 0.966396
vt 0.064757 0.963433
vt 0.372722 0.976285
vt 0.376909 0.974926
vt 0.381095 0.976286
vt 0.383682 0.979846
vt 0.383682 0.984246
vt 0.381095 0.987805
vt 0.376909 0.989164
vt 0.372722 0.987804
vt 0.370135 0.984244
vt 0.370135 0.979844
vt 0.943085 0.074988
vt 0.953000 0.074988
vt 0.952953 0.078499
vt 0.943038 0.078499
vt 0.508304 0.988654
vt 0.508304 0.978748
vt 0.512344 0.978827
vt 0.512344 0.988733
vt 0.891895 0.611221
vt 0.901809 0.611221
vt 0.978332 0.980847
vt 0.978332 0.990763
vt 0.974111 0.990779
vt 0.974111 0.980863
vt 0.943042 0.066977
vt 0.952957 0.066977
vt 0.953001 0.070586
vt 0.943086 0.070586
vt 0.891950 0.607542
vt 0.901864 0.607542
vt 0.969962 0.990760
vt 0.969962 0.980844
vt 0.504009 0.988697
vt 0.504009 0.978791
s 1
usemtl Material.023
f 3/1/1 5/2/2 24/3/3 126/4/4
f 129/5/5 163/6/6 116/7/6 87/8/7 72/9/8
f 118/10/9 120/11/10 1/12/11 7/13/12
f 84/14/13 83/15/13 106/16/13 100/17/13
f 116/18/14 117/19/15 88/20/16 87/21/17
f 11/22/18 123/23/19 14/24/20 15/25/21
f 92/26/22 93/27/22 110/28/22 107/29/22
f 7/13/12 1/12/11 123/23/19 11/22/18
f 85/30/23 86/31/24 20/32/25 17/33/26
f 16/34/27 13/35/27 104/36/27 102/37/27
f 98/38/28 95/39/28 112/40/28 113/41/28
f 75/42/29 17/43/26 20/44/25 76/45/29
f 74/46/30 85/47/23 17/48/31 75/49/32
f 15/25/21 14/24/20 18/50/33 19/51/34
f 126/4/4 24/3/3 28/52/35 27/53/36
f 6/54/37 4/55/38 22/56/39 21/57/40
f 115/58/41 121/59/42 131/60/43 135/61/44
f 78/62/45 27/63/46 31/64/47 79/65/48
f 21/57/40 22/56/39 26/66/49 25/67/50
f 125/68/51 126/69/4 27/63/46 78/62/45
f 82/70/52 53/71/52 35/72/53 80/73/54
f 27/53/36 28/52/35 32/74/55 31/75/56
f 25/67/50 26/66/49 38/76/57 37/77/58
f 81/78/59 39/79/59 40/80/53 80/73/54
f 53/81/60 55/82/61 36/83/62 35/84/62
f 51/85/63 49/86/64 41/87/64 44/88/65
f 30/89/66 29/90/67 37/77/58 38/76/57
f 33/91/68 34/92/69 40/93/70 39/94/68
f 56/95/71 30/89/66 38/76/57 54/96/72
f 57/97/73 58/98/74 44/99/75 41/100/75
f 60/101/76 51/85/63 44/88/65 58/102/77
f 52/103/78 50/104/79 43/105/80 42/106/81
f 29/107/82 30/108/83 45/109/84 48/110/85
f 56/111/86 34/112/87 47/113/88 59/114/89
f 34/112/87 33/115/90 46/116/90 47/113/88
f 48/110/85 45/109/84 50/104/79 52/103/78
f 59/117/91 47/118/92 66/119/93 67/120/91
f 47/118/92 46/121/94 63/122/94 62/123/95
f 45/109/84 59/114/89 60/101/76 50/104/79
f 30/108/83 56/111/86 59/114/89 45/109/84
f 50/104/79 60/101/76 58/102/77 43/105/80
f 42/124/96 43/125/96 58/98/74 57/97/73
f 34/92/69 56/95/71 54/96/72 40/93/70
f 31/75/56 32/74/55 55/82/61 53/81/60
f 79/65/48 31/64/47 53/71/52 82/70/52
f 62/126/97 63/127/98 64/128/98 61/129/99
f 60/130/100 59/131/100 67/132/100 68/133/100
f 49/134/101 51/135/102 61/136/103 64/137/101
f 67/138/104 66/139/105 65/140/106 68/141/104
f 65/140/106 66/139/105 70/142/107 69/143/107
f 62/126/97 61/129/99 69/144/108 70/145/108
f 47/118/92 62/123/95 70/146/109 66/119/93
f 51/135/102 60/147/110 68/148/110 65/149/111
f 61/136/103 51/135/102 65/149/111 69/150/112
f 38/151/47 79/65/48 82/70/52 54/152/52
f 36/153/59 81/78/59 80/73/54 35/72/53
f 54/152/52 82/70/52 80/73/54 40/80/53
f 22/154/113 125/68/51 78/62/45 26/155/114
f 26/155/114 78/62/45 79/65/48 38/151/47
f 4/156/115 162/157/116 71/158/117 125/68/51 22/154/113
f 14/159/20 74/46/30 75/49/32 18/160/33
f 18/161/33 75/42/29 76/45/29 19/162/34
f 123/163/19 122/164/118 74/46/30 14/159/20
f 23/165/119 77/166/120 138/167/121 139/168/122
f 128/169/123 73/170/124 136/171/125 132/172/126
f 12/173/127 9/174/128 89/175/129 90/176/130
f 13/177/131 16/178/132 86/31/24 85/30/23
f 9/174/128 13/177/131 85/30/23 89/175/129
f 8/179/133 2/180/134 87/21/17 88/20/16
f 2/180/134 83/181/135 89/175/129 87/21/17
f 83/181/135 84/182/136 90/176/130 89/175/129
f 72/9/8 87/8/7 92/183/137 91/184/138
f 87/8/7 89/185/129 93/186/139 92/183/137
f 89/185/129 122/164/118 94/187/140 93/186/139
f 122/164/118 72/9/8 91/184/138 94/187/140
f 122/164/118 89/185/129 96/188/141 95/189/142
f 89/185/129 85/47/23 97/190/143 96/188/141
f 85/47/23 74/46/30 98/191/144 97/190/143
f 74/46/30 122/164/118 95/189/142 98/191/144
f 108/192/145 107/193/145 110/194/145 109/195/145
f 105/196/146 99/197/146 100/198/146 106/199/146
f 103/200/147 101/201/147 102/202/147 104/203/147
f 112/204/148 111/205/148 114/206/148 113/207/148
f 96/208/149 97/209/149 114/210/149 111/211/149
f 13/212/150 9/213/150 103/214/150 104/215/150
f 93/216/151 94/217/151 109/218/151 110/219/151
f 97/220/152 98/221/152 113/222/152 114/223/152
f 91/224/153 92/225/153 107/226/153 108/227/153
f 2/228/154 8/229/154 99/230/154 105/231/154
f 95/232/155 96/233/155 111/234/155 112/235/155
f 9/236/156 12/237/156 101/238/156 103/239/156
f 94/240/157 91/241/157 108/242/157 109/243/157
f 83/244/158 2/245/158 105/246/158 106/247/158
f 127/248/159 119/249/160 134/250/161 130/251/162
f 4/55/38 6/54/37 117/19/15 116/18/14
f 5/2/2 3/1/1 120/11/10 118/10/9
f 116/252/163 163/253/163 177/254/164 176/255/165
f 121/256/166 115/257/167 120/258/10 3/259/1
f 10/260/168 73/261/169 122/164/118 123/163/19
f 124/262/170 10/260/168 123/163/19 1/263/11
f 77/166/120 23/165/119 126/69/4 125/68/51
f 23/165/119 121/256/166 3/259/1 126/69/4
f 127/264/171 77/166/120 125/68/51 71/158/117
f 73/261/169 128/265/172 72/9/8 122/164/118
f 128/265/172 119/266/173 129/5/5 72/9/8
f 115/257/167 124/262/170 1/263/11 120/258/10
f 119/266/173 127/264/171 71/158/117 129/5/5
f 131/60/43 139/267/122 149/268/174 151/269/175
f 134/270/161 132/271/126 152/272/176 144/273/177
f 135/61/44 131/60/43 151/269/175 145/274/178
f 139/275/122 138/276/121 148/277/179 149/278/174
f 119/249/160 128/169/123 132/172/126 134/250/161
f 121/59/42 23/279/180 139/267/122 131/60/43
f 73/261/169 10/260/168 137/280/181 136/281/182
f 124/282/183 115/58/41 135/61/44 133/283/184
f 77/284/185 127/248/159 130/251/162 138/285/186
f 10/286/187 124/282/183 133/283/184 137/287/188
f 150/288/189 151/289/175 149/290/174 148/291/179
f 153/292/190 152/272/191 146/293/192 147/294/193
f 155/295/194 142/296/195 160/297/195 156/298/194
f 140/299/196 155/295/194 156/298/194 158/300/196
f 136/301/182 137/302/181 147/303/193 146/304/192
f 133/283/184 135/61/44 145/274/178 153/305/197
f 138/306/186 130/307/162 150/288/198 148/291/199
f 137/287/188 133/283/184 153/305/197 147/308/200
f 130/307/162 134/270/161 144/273/177 150/288/198
f 132/271/126 136/309/125 146/293/201 152/272/176
f 140/310/202 141/311/203 151/289/175 150/288/189
f 143/312/204 142/313/205 152/272/191 153/292/190
f 141/311/203 154/314/206 145/315/206 151/289/175
f 142/313/205 155/316/207 144/273/207 152/272/191
f 154/314/206 143/312/204 153/292/190 145/315/206
f 155/316/207 140/310/202 150/288/189 144/273/207
f 157/317/208 156/318/208 160/319/209 161/320/209
f 159/321/210 158/322/210 156/318/208 157/317/208
f 142/323/211 143/324/211 161/325/211 160/326/211
f 143/327/212 154/328/213 157/329/213 161/330/212
f 154/328/213 141/331/214 159/332/214 157/329/213
f 141/333/215 140/334/215 158/335/215 159/336/215
f 71/158/117 162/157/116 163/6/6 129/5/5
f 167/337/216 171/338/216 183/339/216 181/340/216
f 163/341/217 162/342/217 185/343/218 177/344/219
f 162/345/116 4/346/115 184/347/220 185/348/221
f 4/55/38 116/18/14 176/349/222 184/350/223
f 179/351/224 187/352/225 174/353/226 175/354/226
f 184/350/223 176/349/222 178/355/227 186/356/228
f 177/344/219 185/343/218 187/352/225 179/351/224
f 164/357/229 168/358/229 190/359/229 188/360/229
f 174/361/230 172/362/231 173/363/232 175/364/233
f 187/365/234 186/366/228 172/362/231 174/361/230
f 178/367/235 179/368/236 175/364/233 173/363/232
f 186/356/228 178/355/227 173/369/232 172/370/231
f 167/371/237 165/372/237 176/255/165 177/254/164
f 169/373/237 171/374/237 179/375/236 178/376/235
f 171/374/237 167/371/237 177/254/164 179/375/236
f 165/372/237 169/373/237 178/376/235 176/255/165
f 180/377/237 181/378/237 183/379/237 182/380/237
f 165/381/6 167/382/6 181/383/6 180/384/6
f 169/385/238 165/386/238 180/387/238 182/388/238
f 171/389/239 169/390/239 182/391/239 183/392/239
f 164/393/240 166/394/240 185/348/221 184/347/220
f 170/395/240 168/396/240 186/397/228 187/398/234
f 168/396/240 164/393/240 184/347/220 186/397/228
f 166/394/240 170/395/240 187/398/234 185/348/221
f 189/399/240 188/400/240 190/401/240 191/402/240
f 166/403/241 164/404/241 188/405/241 189/406/241
f 170/407/242 166/408/242 189/409/242 191/410/242
f 168/411/243 170/412/243 191/413/243 190/414/243
f 212/415/244 213/416/245 232/417/245 233/418/244
f 213/419/245 214/420/246 234/421/246 232/422/245
f 214/420/246 215/423/247 235/424/247 234/421/246
f 215/425/247 216/426/248 236/427/248 235/428/247
f 216/426/248 217/429/249 237/430/249 236/427/248
f 217/429/249 218/431/250 238/432/250 237/430/249
f 218/433/250 219/434/251 239/435/251 238/436/250
f 219/434/251 220/437/252 240/438/252 239/435/251
f 205/439/245 207/440/246 249/441/246 248/442/245
f 220/443/252 221/444/253 241/445/253 240/446/252
f 221/444/253 212/415/244 233/418/244 241/445/253
f 208/447/247 206/448/246 229/449/246 230/450/247
f 192/451/254 194/452/254 213/453/254 212/454/254
f 194/452/254 196/455/254 214/456/254 213/453/254
f 196/455/254 198/457/254 215/458/254 214/456/254
f 198/457/254 200/459/254 216/460/254 215/458/254
f 200/459/254 202/461/254 217/462/254 216/460/254
f 202/461/254 204/463/254 218/464/254 217/462/254
f 204/463/254 206/465/254 219/466/254 218/464/254
f 206/465/254 208/467/254 220/468/254 219/466/254
f 208/467/254 210/469/254 221/470/254 220/468/254
f 210/469/254 192/451/254 212/454/254 221/470/254
f 222/471/254 231/472/254 230/473/254 229/474/254 228/475/254 227/476/254 226/477/254 225/478/254 224/479/254 223/480/254
f 202/481/244 200/482/253 226/483/253 227/484/244
f 196/485/251 194/486/250 223/487/250 224/488/251
f 210/489/248 208/490/247 230/491/247 231/492/248
f 204/493/245 202/481/244 227/484/244 228/494/245
f 198/495/252 196/485/251 224/488/251 225/496/252
f 192/497/249 210/489/248 231/492/248 222/498/249
f 206/448/246 204/499/245 228/500/245 229/449/246
f 200/482/253 198/501/252 225/502/252 226/483/253
f 194/503/250 192/497/249 222/498/249 223/504/250
f 195/505/255 193/506/255 233/507/255 232/508/255
f 197/509/255 195/505/255 232/508/255 234/510/255
f 199/511/255 197/509/255 234/510/255 235/512/255
f 201/513/255 199/511/255 235/512/255 236/514/255
f 203/515/255 201/513/255 236/514/255 237/516/255
f 205/517/255 203/515/255 237/516/255 238/518/255
f 207/519/255 205/517/255 238/518/255 239/520/255
f 209/521/255 207/519/255 239/520/255 240/522/255
f 211/523/255 209/521/255 240/522/255 241/524/255
f 193/506/255 211/523/255 241/524/255 233/507/255
f 242/525/255 244/526/255 245/527/255 246/528/255 247/529/255 248/530/255 249/531/255 250/532/255 251/533/255 243/534/255
f 199/535/252 201/536/253 246/537/253 245/538/252
f 193/539/249 195/540/250 242/541/250 243/542/249
f 207/440/246 209/543/247 250/544/247 249/441/246
f 201/536/253 203/545/244 247/546/244 246/537/253
f 195/547/250 197/548/251 244/549/251 242/550/250
f 209/551/247 211/552/248 251/553/248 250/554/247
f 203/545/244 205/555/245 248/556/245 247/546/244
f 197/548/251 199/557/252 245/558/252 244/549/251
f 211/552/248 193/539/249 243/542/249 251/553/248
f 272/559/244 273/560/245 292/561/245 293/562/244
f 273/563/245 274/564/246 294/565/246 292/566/245
f 274/564/246 275/567/247 295/568/247 294/565/246
f 275/569/247 276/570/248 296/571/248 295/572/247
f 276/570/248 277/573/249 297/574/249 296/571/248
f 277/573/249 278/575/250 298/576/250 297/574/249
f 278/577/250 279/578/251 299/579/251 298/580/250
f 279/578/251 280/581/252 300/582/252 299/579/251
f 265/583/245 267/584/246 309/585/246 308/586/245
f 280/587/252 281/588/253 301/589/253 300/590/252
f 281/588/253 272/559/244 293/562/244 301/589/253
f 268/591/247 266/592/246 289/593/246 290/594/247
f 252/595/254 254/596/254 273/597/254 272/598/254
f 254/596/254 256/599/254 274/600/254 273/597/254
f 256/599/254 258/601/254 275/602/254 274/600/254
f 258/601/254 260/603/254 276/604/254 275/602/254
f 260/603/254 262/605/254 277/606/254 276/604/254
f 262/605/254 264/607/254 278/608/254 277/606/254
f 264/607/254 266/609/254 279/610/254 278/608/254
f 266/609/254 268/611/254 280/612/254 279/610/254
f 268/611/254 270/613/254 281/614/254 280/612/254
f 270/613/254 252/595/254 272/598/254 281/614/254
f 282/615/254 291/616/254 290/617/254 289/618/254 288/619/254 287/620/254 286/621/254 285/622/254 284/623/254 283/624/254
f 262/625/244 260/626/253 286/627/253 287/628/244
f 256/629/251 254/630/250 283/631/250 284/632/251
f 270/633/248 268/634/247 290/635/247 291/636/248
f 264/637/245 262/625/244 287/628/244 288/638/245
f 258/639/252 256/629/251 284/632/251 285/640/252
f 252/641/249 270/633/248 291/636/248 282/642/249
f 266/592/246 264/643/245 288/644/245 289/593/246
f 260/626/253 258/645/252 285/646/252 286/627/253
f 254/647/250 252/641/249 282/642/249 283/648/250
f 255/649/255 253/650/255 293/651/255 292/652/255
f 257/653/255 255/649/255 292/652/255 294/654/255
f 259/655/255 257/653/255 294/654/255 295/656/255
f 261/657/255 259/655/255 295/656/255 296/658/255
f 263/659/255 261/657/255 296/658/255 297/660/255
f 265/661/255 263/659/255 297/660/255 298/662/255
f 267/663/255 265/661/255 298/662/255 299/664/255
f 269/665/255 267/663/255 299/664/255 300/666/255
f 271/667/255 269/665/255 300/666/255 301/668/255
f 253/650/255 271/667/255 301/668/255 293/651/255
f 302/669/255 304/670/255 305/671/255 306/672/255 307/673/255 308/674/255 309/675/255 310/676/255 311/677/255 303/678/255
f 259/679/252 261/680/253 306/681/253 305/682/252
f 253/683/249 255/684/250 302/685/250 303/686/249
f 267/584/246 269/687/247 310/688/247 309/585/246
f 261/680/253 263/689/244 307/690/244 306/681/253
f 255/691/250 257/692/251 304/693/251 302/694/250
f 269/695/247 271/696/248 311/697/248 310/698/247
f 263/689/244 265/699/245 308/700/245 307/690/244
f 257/692/251 259/701/252 305/702/252 304/693/251
f 271/696/248 253/683/249 303/686/249 311/697/248
f 314/703/256 395/704/257 24/3/258 5/2/259
f 398/705/260 353/706/261 364/707/262 387/708/263 432/709/263
f 118/10/264 7/13/265 312/710/266 389/711/267
f 84/14/268 100/17/268 377/712/268 362/713/268
f 387/714/269 364/715/270 88/20/271 117/19/272
f 11/22/273 15/25/274 319/716/275 392/717/276
f 367/718/277 378/719/277 381/720/277 368/721/277
f 7/13/265 11/22/273 392/717/276 312/710/266
f 363/722/278 320/723/279 20/32/280 86/31/281
f 16/34/282 102/37/282 375/724/282 318/725/282
f 373/726/283 384/727/283 383/728/283 370/729/283
f 356/730/29 76/45/29 20/44/280 320/731/279
f 355/732/284 356/733/285 320/734/286 363/735/278
f 15/25/274 19/51/287 321/736/288 319/716/275
f 395/704/257 325/737/36 28/52/35 24/3/258
f 6/54/289 21/57/290 322/738/291 315/739/292
f 386/740/293 404/741/294 400/742/295 390/743/296
f 358/744/297 359/745/298 327/746/299 325/747/300
f 21/57/290 25/67/50 324/748/49 322/738/291
f 394/749/301 358/744/297 325/747/300 395/750/257
f 361/751/302 360/752/303 329/753/304 338/754/302
f 325/737/36 327/755/56 32/74/55 28/52/35
f 25/67/50 37/77/305 330/756/306 324/748/49
f 81/757/307 360/752/303 331/758/304 39/759/307
f 338/760/308 329/761/309 36/83/309 55/82/310
f 337/762/311 333/763/312 41/764/313 49/765/313
f 326/766/314 330/756/306 37/77/305 29/90/315
f 33/91/316 39/94/316 331/767/317 328/768/318
f 340/769/319 339/770/320 330/756/306 326/766/314
f 57/97/321 41/100/322 333/771/322 341/772/323
f 343/773/324 341/774/325 333/763/312 337/762/311
f 52/775/326 42/776/327 332/777/328 336/778/329
f 29/779/330 48/780/331 334/781/332 326/782/333
f 340/783/334 342/784/335 335/785/336 328/786/337
f 328/786/337 335/785/336 46/787/338 33/788/338
f 48/780/331 52/775/326 336/778/329 334/781/332
f 342/789/339 348/790/339 347/791/340 335/792/341
f 335/792/341 345/793/342 63/122/343 46/121/343
f 334/781/332 336/778/329 343/773/324 342/784/335
f 326/782/333 334/781/332 342/784/335 340/783/334
f 336/778/329 332/777/328 341/774/325 343/773/324
f 42/124/344 57/97/321 341/772/323 332/794/344
f 328/768/318 331/767/317 339/770/320 340/769/319
f 327/755/56 338/760/308 55/82/310 32/74/55
f 359/745/298 361/751/302 338/754/302 327/746/299
f 345/795/345 344/796/346 64/128/347 63/127/347
f 343/797/348 349/798/348 348/799/348 342/800/348
f 49/134/349 64/137/349 344/801/350 337/802/351
f 348/803/352 349/804/352 346/805/353 347/806/354
f 346/805/353 350/807/355 351/808/355 347/806/354
f 345/795/345 351/809/356 350/810/356 344/796/346
f 335/792/341 347/791/340 351/811/357 345/793/342
f 337/802/351 346/812/358 349/813/359 343/814/359
f 344/801/350 350/815/360 346/812/358 337/802/351
f 330/816/299 339/817/302 361/751/302 359/745/298
f 36/818/307 329/753/304 360/752/303 81/757/307
f 339/817/302 331/758/304 360/752/303 361/751/302
f 322/819/361 324/820/362 358/744/297 394/749/301
f 324/820/362 330/816/299 359/745/298 358/744/297
f 315/821/363 322/819/361 394/749/301 352/822/364 431/823/365
f 319/824/275 321/825/288 356/733/285 355/732/284
f 321/826/288 19/162/287 76/45/29 356/730/29
f 392/827/276 319/824/275 355/732/284 391/828/366
f 323/829/367 408/830/368 407/831/369 357/832/370
f 397/833/371 401/834/372 405/835/373 354/836/374
f 12/173/375 90/176/376 365/837/377 316/838/378
f 318/839/379 363/722/278 86/31/281 16/178/380
f 316/838/378 365/837/377 363/722/278 318/839/379
f 8/179/381 88/20/271 364/715/270 313/840/382
f 313/840/382 364/715/270 365/837/377 362/841/383
f 362/841/383 365/837/377 90/176/376 84/182/384
f 353/706/261 366/842/385 367/843/386 364/707/262
f 364/707/262 367/843/386 368/844/387 365/845/377
f 365/845/377 368/844/387 369/846/388 391/828/366
f 391/828/366 369/846/388 366/842/385 353/706/261
f 391/828/366 370/847/389 371/848/390 365/845/377
f 365/845/377 371/848/390 372/849/391 363/735/278
f 363/735/278 372/849/391 373/850/392 355/732/284
f 355/732/284 373/850/392 370/847/389 391/828/366
f 379/851/393 380/852/393 381/853/393 378/854/393
f 376/855/394 377/856/394 100/198/394 99/197/394
f 374/857/395 375/858/395 102/202/395 101/201/395
f 383/859/396 384/860/396 385/861/396 382/862/396
f 371/863/397 382/864/397 385/865/397 372/866/397
f 318/867/398 375/868/398 374/869/398 316/870/398
f 368/871/399 381/872/399 380/873/399 369/874/399
f 372/875/400 385/876/400 384/877/400 373/878/400
f 366/879/401 379/880/401 378/881/401 367/882/401
f 313/883/402 376/884/402 99/230/402 8/229/402
f 370/885/403 383/886/403 382/887/403 371/888/403
f 316/889/404 374/890/404 101/238/404 12/237/404
f 369/891/405 380/892/405 379/893/405 366/894/405
f 362/895/406 377/896/406 376/897/406 313/898/406
f 396/899/407 399/900/408 403/901/409 388/902/410
f 315/739/292 387/714/269 117/19/272 6/54/289
f 5/2/259 118/10/264 389/711/267 314/703/256
f 387/903/411 445/904/412 446/905/413 432/906/411
f 390/907/414 314/908/256 389/909/267 386/910/415
f 317/911/416 392/827/276 391/828/366 354/912/417
f 393/913/418 312/914/266 392/827/276 317/911/416
f 357/832/370 394/749/301 395/750/257 323/829/367
f 323/829/367 395/750/257 314/908/256 390/907/414
f 396/915/419 352/822/364 394/749/301 357/832/370
f 354/912/417 391/828/366 353/706/261 397/916/420
f 397/916/420 353/706/261 398/705/260 388/917/421
f 386/910/415 389/909/267 312/914/266 393/913/418
f 388/917/421 398/705/260 352/822/364 396/915/419
f 400/742/295 420/918/422 418/919/423 408/920/368
f 403/901/409 413/921/424 421/922/425 401/834/372
f 404/741/294 414/923/426 420/918/422 400/742/295
f 408/924/368 418/925/423 417/926/427 407/927/369
f 388/902/410 403/901/409 401/834/372 397/833/371
f 390/743/296 400/742/295 408/920/368 323/928/428
f 354/912/417 405/929/429 406/930/430 317/911/416
f 393/931/431 402/932/432 404/741/294 386/740/293
f 357/933/433 407/934/434 399/900/408 396/899/407
f 317/935/435 406/936/436 402/932/432 393/931/431
f 419/937/437 417/938/427 418/939/423 420/940/422
f 422/941/438 416/942/439 415/943/440 421/944/441
f 424/945/442 425/946/442 429/947/443 411/948/443
f 409/949/444 427/950/444 425/946/442 424/945/442
f 405/951/429 415/952/440 416/953/439 406/954/430
f 402/932/432 422/955/445 414/923/426 404/741/294
f 407/956/434 417/938/446 419/937/447 399/957/408
f 406/936/436 416/958/448 422/955/445 402/932/432
f 399/900/408 419/959/447 413/921/424 403/901/409
f 401/834/372 421/922/425 415/960/449 405/835/373
f 409/961/450 419/937/437 420/940/422 410/962/451
f 412/963/452 422/941/438 421/944/441 411/964/453
f 410/962/451 420/940/422 414/965/454 423/966/454
f 411/964/453 421/944/441 413/967/455 424/968/455
f 423/966/454 414/965/454 422/941/438 412/963/452
f 424/968/455 413/967/455 419/937/437 409/961/450
f 426/969/456 430/970/457 429/971/457 425/972/456
f 428/973/458 426/969/456 425/972/456 427/974/458
f 411/975/459 429/976/459 430/977/459 412/978/459
f 412/979/460 430/980/460 426/981/461 423/982/461
f 423/982/461 426/981/461 428/983/462 410/984/462
f 410/985/463 428/986/463 427/987/463 409/988/463
f 352/822/364 398/705/260 432/709/263 431/823/365
f 436/989/464 450/990/464 452/991/464 440/992/464
f 432/993/465 446/994/466 454/995/467 431/996/465
f 431/997/365 454/998/468 453/999/469 315/1000/363
f 315/739/292 453/1001/470 445/1002/471 387/714/269
f 448/1003/472 444/1004/473 443/1005/473 456/1006/474
f 453/1001/470 455/1007/475 447/1008/476 445/1002/471
f 446/994/466 448/1003/472 456/1006/474 454/995/467
f 433/1009/477 457/1010/477 459/1011/477 437/1012/477
f 443/1013/478 444/1014/479 442/1015/480 441/1016/481
f 456/1017/482 443/1013/478 441/1016/481 455/1018/475
f 447/1019/483 442/1015/480 444/1014/479 448/1020/484
f 455/1007/475 441/1021/481 442/1022/480 447/1008/476
f 436/1023/485 446/905/413 445/904/412 434/1024/485
f 438/1025/485 447/1026/483 448/1027/484 440/1028/485
f 440/1028/485 448/1027/484 446/905/413 436/1023/485
f 434/1024/485 445/904/412 447/1026/483 438/1025/485
f 449/1029/485 451/1030/485 452/1031/485 450/1032/485
f 434/1033/263 449/1034/263 450/1035/263 436/1036/263
f 438/1037/486 451/1038/486 449/1039/486 434/1040/486
f 440/1041/487 452/1042/487 451/1043/487 438/1044/487
f 433/1045/488 453/999/469 454/998/468 435/1046/488
f 439/1047/488 456/1048/482 455/1049/475 437/1050/488
f 437/1050/488 455/1049/475 453/999/469 433/1045/488
f 435/1046/488 454/998/468 456/1048/482 439/1047/488
f 458/1051/488 460/1052/488 459/1053/488 457/1054/488
f 435/1055/489 458/1056/489 457/1057/489 433/1058/489
f 439/1059/490 460/1060/490 458/1061/490 435/1062/490
f 437/1063/491 459/1064/491 460/388/491 439/1065/491
f 481/1066/492 502/1067/492 501/1068/493 482/1069/493
f 482/1070/493 501/1071/493 503/1072/494 483/1073/494
f 483/1073/494 503/1072/494 504/1074/495 484/1075/495
f 484/1075/495 504/1074/495 505/1076/496 485/1077/496
f 485/1078/496 505/1079/496 506/1080/497 486/1081/497
f 486/1081/497 506/1080/497 507/1082/498 487/1083/498
f 487/1084/498 507/1085/498 508/1086/499 488/1087/499
f 488/1087/499 508/1086/499 509/1088/500 489/1089/500
f 474/1090/493 517/1091/493 518/1092/494 476/1093/494
f 489/1089/500 509/1088/500 510/1094/501 490/1095/501
f 490/1096/501 510/1097/501 502/1067/492 481/1066/492
f 477/1098/495 499/1099/495 498/1100/494 475/1101/494
f 461/1102/254 481/1103/254 482/1104/254 463/1105/254
f 463/1105/254 482/1104/254 483/1106/254 465/1107/254
f 465/1107/254 483/1106/254 484/1108/254 467/1109/254
f 467/1109/254 484/1108/254 485/1110/254 469/1111/254
f 469/1111/254 485/1110/254 486/1112/254 471/1113/254
f 471/1113/254 486/1112/254 487/1114/254 473/1115/254
f 473/1115/254 487/1114/254 488/1116/254 475/1117/254
f 475/1117/254 488/1116/254 489/1118/254 477/1119/254
f 477/1119/254 489/1118/254 490/1120/254 479/1121/254
f 479/1121/254 490/1120/254 481/1103/254 461/1102/254
f 491/1122/254 492/1123/254 493/1124/254 494/1125/254 495/1126/254 496/1127/254 497/1128/254 498/1129/254 499/1130/254 500/1131/254
f 471/1132/492 496/1133/492 495/1134/501 469/1135/501
f 465/1136/499 493/1137/499 492/1138/498 463/1139/498
f 479/1140/496 500/1141/496 499/1099/495 477/1098/495
f 473/1142/493 497/1143/493 496/1133/492 471/1132/492
f 467/1144/500 494/1145/500 493/1137/499 465/1136/499
f 461/1146/497 491/1147/497 500/1148/496 479/1149/496
f 475/1101/494 498/1100/494 497/1150/493 473/1151/493
f 469/1152/501 495/1153/501 494/1145/500 467/1144/500
f 463/1154/498 492/1155/498 491/1147/497 461/1146/497
f 464/1156/255 501/1157/255 502/1158/255 462/1159/255
f 466/1160/255 503/1161/255 501/1157/255 464/1156/255
f 468/1162/255 504/1163/255 503/1161/255 466/1160/255
f 470/1164/255 505/1165/255 504/1163/255 468/1162/255
f 472/1166/255 506/1167/255 505/1165/255 470/1164/255
f 474/1168/255 507/1169/255 506/1167/255 472/1166/255
f 476/1170/255 508/1171/255 507/1169/255 474/1168/255
f 478/1172/255 509/1173/255 508/1171/255 476/1170/255
f 480/1174/255 510/1175/255 509/1173/255 478/1172/255
f 462/1159/255 502/1158/255 510/1175/255 480/1174/255
f 511/1176/255 512/1177/255 520/1178/255 519/1179/255 518/1180/255 517/1181/255 516/1182/255 515/1183/255 514/1184/255 513/1185/255
f 468/1186/500 514/1187/500 515/1188/501 470/1189/501
f 462/1190/497 512/1191/497 511/1192/498 464/1193/498
f 476/1093/494 518/1092/494 519/1194/495 478/1195/495
f 470/1196/501 515/1197/501 516/1198/492 472/1199/492
f 464/1200/498 511/1201/498 513/1202/499 466/1203/499
f 478/1195/495 519/1194/495 520/1204/496 480/1205/496
f 472/1199/492 516/1198/492 517/1206/493 474/1207/493
f 466/1203/499 513/1202/499 514/1187/500 468/1186/500
f 480/1208/496 520/1209/496 512/1191/497 462/1190/497
f 541/1210/492 562/1211/492 561/1212/493 542/1213/493
f 542/1214/493 561/1215/493 563/1216/494 543/1217/494
f 543/1217/494 563/1216/494 564/1218/495 544/1219/495
f 544/1219/495 564/1218/495 565/1220/496 545/1221/496
f 545/1222/496 565/1223/496 566/1224/497 546/1225/497
f 546/1225/497 566/1224/497 567/1226/498 547/1227/498
f 547/1228/498 567/1229/498 568/1230/499 548/1231/499
f 548/1231/499 568/1230/499 569/1232/500 549/1233/500
f 534/1234/493 577/1235/493 578/1236/494 536/1237/494
f 549/1233/500 569/1232/500 570/1238/501 550/1239/501
f 550/1240/501 570/1241/501 562/1211/492 541/1210/492
f 537/1242/495 559/1243/495 558/1244/494 535/1245/494
f 521/1246/254 541/1247/254 542/1248/254 523/1249/254
f 523/1249/254 542/1248/254 543/1250/254 525/1251/254
f 525/1251/254 543/1250/254 544/1252/254 527/1253/254
f 527/1253/254 544/1252/254 545/1254/254 529/1255/254
f 529/1255/254 545/1254/254 546/1256/254 531/1257/254
f 531/1257/254 546/1256/254 547/1258/254 533/1259/254
f 533/1259/254 547/1258/254 548/1260/254 535/1261/254
f 535/1261/254 548/1260/254 549/1262/254 537/1263/254
f 537/1263/254 549/1262/254 550/1264/254 539/1265/254
f 539/1265/254 550/1264/254 541/1247/254 521/1246/254
f 551/1266/254 552/1267/254 553/1268/254 554/1269/254 555/1270/254 556/1271/254 557/1272/254 558/1273/254 559/1274/254 560/1275/254
f 531/1276/492 556/1277/492 555/1278/501 529/1279/501
f 525/1280/499 553/1281/499 552/1282/498 523/1283/498
f 539/1284/496 560/1285/496 559/1243/495 537/1242/495
f 533/1286/493 557/1287/493 556/1277/492 531/1276/492
f 527/1288/500 554/1289/500 553/1281/499 525/1280/499
f 521/1290/497 551/1291/497 560/1292/496 539/1293/496
f 535/1245/494 558/1244/494 557/1294/493 533/1295/493
f 529/1296/501 555/1297/501 554/1289/500 527/1288/500
f 523/1298/498 552/1299/498 551/1291/497 521/1290/497
f 524/1300/255 561/1301/255 562/1302/255 522/1303/255
f 526/1304/255 563/1305/255 561/1301/255 524/1300/255
f 528/1306/255 564/1307/255 563/1305/255 526/1304/255
f 530/1308/255 565/1309/255 564/1307/255 528/1306/255
f 532/1310/255 566/1311/255 565/1309/255 530/1308/255
f 534/1312/255 567/1313/255 566/1311/255 532/1310/255
f 536/1314/255 568/1315/255 567/1313/255 534/1312/255
f 538/1316/255 569/1317/255 568/1315/255 536/1314/255
f 540/1318/255 570/1319/255 569/1317/255 538/1316/255
f 522/1303/255 562/1302/255 570/1319/255 540/1318/255
f 571/1320/255 572/1321/255 580/1322/255 579/1323/255 578/1324/255 577/1325/255 576/1326/255 575/1327/255 574/1328/255 573/1329/255
f 528/1330/500 574/1331/500 575/1332/501 530/1333/501
f 522/1334/497 572/1335/497 571/1336/498 524/1337/498
f 536/1237/494 578/1236/494 579/1338/495 538/1339/495
f 530/1340/501 575/1341/501 576/1342/492 532/1343/492
f 524/1344/498 571/1345/498 573/1346/499 526/1347/499
f 538/1339/495 579/1338/495 580/1348/496 540/1349/496
f 532/1343/492 576/1342/492 577/1350/493 534/1351/493
f 526/1347/499 573/1346/499 574/1331/500 528/1330/500
f 540/1352/496 580/1353/496 572/1335/497 522/1334/497
f 583/703/256 664/704/257 24/3/258 5/2/259
f 667/705/260 622/706/261 633/707/262 656/708/263 701/709/263
f 118/10/264 7/13/265 581/710/266 658/711/267
f 84/14/268 100/17/268 646/712/268 631/713/268
f 656/714/269 633/715/270 88/20/271 117/19/272
f 11/22/273 15/25/274 588/716/275 661/717/276
f 636/1354/277 647/1355/277 650/1356/277 637/1357/277
f 7/13/265 11/22/273 661/717/276 581/710/266
f 632/722/278 589/723/279 20/32/280 86/31/281
f 16/34/282 102/37/282 644/724/282 587/725/282
f 642/1358/283 653/1359/283 652/1360/283 639/1361/283
f 625/730/29 76/45/29 20/44/280 589/731/279
f 624/732/284 625/733/285 589/734/286 632/735/278
f 15/25/274 19/51/287 590/736/288 588/716/275
f 664/704/257 594/737/36 28/52/35 24/3/258
f 6/54/289 21/57/290 591/738/291 584/739/292
f 655/1362/293 673/1363/294 669/1364/295 659/1365/296
f 627/744/297 628/745/298 596/746/299 594/747/300
f 21/57/290 25/67/50 593/748/49 591/738/291
f 663/749/301 627/744/297 594/747/300 664/750/257
f 630/751/302 629/752/303 598/753/304 607/754/302
f 594/737/36 596/755/56 32/74/55 28/52/35
f 25/67/50 37/77/305 599/756/306 593/748/49
f 81/757/307 629/752/303 600/758/304 39/759/307
f 607/760/308 598/761/309 36/83/309 55/82/310
f 606/762/311 602/763/312 41/764/313 49/765/313
f 595/766/314 599/756/306 37/77/305 29/90/315
f 33/91/316 39/94/316 600/767/317 597/768/318
f 609/769/319 608/770/320 599/756/306 595/766/314
f 57/97/321 41/100/322 602/771/322 610/772/323
f 612/773/324 610/774/325 602/763/312 606/762/311
f 52/775/326 42/776/327 601/777/328 605/778/329
f 29/779/330 48/780/331 603/781/332 595/782/333
f 609/783/334 611/784/335 604/785/336 597/786/337
f 597/786/337 604/785/336 46/787/338 33/788/338
f 48/780/331 52/775/326 605/778/329 603/781/332
f 611/789/339 617/790/339 616/791/340 604/792/341
f 604/792/341 614/793/342 63/122/343 46/121/343
f 603/781/332 605/778/329 612/773/324 611/784/335
f 595/782/333 603/781/332 611/784/335 609/783/334
f 605/778/329 601/777/328 610/774/325 612/773/324
f 42/124/344 57/97/321 610/772/323 601/794/344
f 597/768/318 600/767/317 608/770/320 609/769/319
f 596/755/56 607/760/308 55/82/310 32/74/55
f 628/745/298 630/751/302 607/754/302 596/746/299
f 614/795/345 613/796/346 64/128/347 63/127/347
f 612/1366/348 618/1367/348 617/1368/348 611/1369/348
f 49/134/349 64/137/349 613/801/350 606/802/351
f 617/1370/352 618/1371/352 615/1372/353 616/1373/354
f 615/1372/353 619/1374/355 620/1375/355 616/1373/354
f 614/795/345 620/809/356 619/810/356 613/796/346
f 604/792/341 616/791/340 620/811/357 614/793/342
f 606/802/351 615/812/358 618/813/359 612/814/359
f 613/801/350 619/815/360 615/812/358 606/802/351
f 599/816/299 608/817/302 630/751/302 628/745/298
f 36/818/307 598/753/304 629/752/303 81/757/307
f 608/817/302 600/758/304 629/752/303 630/751/302
f 591/819/361 593/820/362 627/744/297 663/749/301
f 593/820/362 599/816/299 628/745/298 627/744/297
f 584/821/363 591/819/361 663/749/301 621/822/364 700/823/365
f 588/824/275 590/825/288 625/733/285 624/732/284
f 590/826/288 19/162/287 76/45/29 625/730/29
f 661/827/276 588/824/275 624/732/284 660/828/366
f 592/829/367 677/830/368 676/831/369 626/832/370
f 666/1376/371 670/1377/372 674/1378/373 623/1379/374
f 12/173/375 90/176/376 634/837/377 585/838/378
f 587/839/379 632/722/278 86/31/281 16/178/380
f 585/838/378 634/837/377 632/722/278 587/839/379
f 8/179/381 88/20/271 633/715/270 582/840/382
f 582/840/382 633/715/270 634/837/377 631/841/383
f 631/841/383 634/837/377 90/176/376 84/182/384
f 622/706/261 635/842/385 636/843/386 633/707/262
f 633/707/262 636/843/386 637/844/387 634/845/377
f 634/845/377 637/844/387 638/846/388 660/828/366
f 660/828/366 638/846/388 635/842/385 622/706/261
f 660/828/366 639/847/389 640/848/390 634/845/377
f 634/845/377 640/848/390 641/849/391 632/735/278
f 632/735/278 641/849/391 642/850/392 624/732/284
f 624/732/284 642/850/392 639/847/389 660/828/366
f 648/1380/393 649/1381/393 650/1382/393 647/1383/393
f 645/855/394 646/856/394 100/198/394 99/197/394
f 643/857/395 644/858/395 102/202/395 101/201/395
f 652/1384/396 653/1385/396 654/1386/396 651/1387/396
f 640/1388/397 651/1389/397 654/1390/397 641/1391/397
f 587/1392/398 644/1393/398 643/1394/398 585/1395/398
f 637/1396/399 650/1397/399 649/1398/399 638/1399/399
f 641/1400/400 654/1401/400 653/1402/400 642/1403/400
f 635/1404/401 648/1405/401 647/1406/401 636/1407/401
f 582/883/402 645/884/402 99/230/402 8/229/402
f 639/1408/403 652/1409/403 651/1410/403 640/1411/403
f 585/889/404 643/890/404 101/238/404 12/237/404
f 638/1412/405 649/1413/405 648/1414/405 635/1415/405
f 631/1416/406 646/1417/406 645/1418/406 582/1419/406
f 665/1420/407 668/1421/408 672/1422/409 657/1423/410
f 584/739/292 656/714/269 117/19/272 6/54/289
f 5/2/259 118/10/264 658/711/267 583/703/256
f 656/1424/411 714/1425/412 715/1426/413 701/1427/411
f 659/907/414 583/908/256 658/909/267 655/910/415
f 586/911/416 661/827/276 660/828/366 623/912/417
f 662/913/418 581/914/266 661/827/276 586/911/416
f 626/832/370 663/749/301 664/750/257 592/829/367
f 592/829/367 664/750/257 583/908/256 659/907/414
f 665/915/419 621/822/364 663/749/301 626/832/370
f 623/912/417 660/828/366 622/706/261 666/916/420
f 666/916/420 622/706/261 667/705/260 657/917/421
f 655/910/415 658/909/267 581/914/266 662/913/418
f 657/917/421 667/705/260 621/822/364 665/915/419
f 669/1364/295 689/1428/422 687/1429/423 677/1430/368
f 672/1422/409 682/1431/424 690/1432/425 670/1377/372
f 673/1363/294 683/1433/426 689/1428/422 669/1364/295
f 677/1434/368 687/1435/423 686/1436/427 676/1437/369
f 657/1423/410 672/1422/409 670/1377/372 666/1376/371
f 659/1365/296 669/1364/295 677/1430/368 592/1438/428
f 623/912/417 674/929/429 675/930/430 586/911/416
f 662/1439/431 671/1440/432 673/1363/294 655/1362/293
f 626/1441/433 676/1442/434 668/1421/408 665/1420/407
f 586/1443/435 675/1444/436 671/1440/432 662/1439/431
f 688/1445/437 686/1446/427 687/1447/423 689/1448/422
f 691/1449/438 685/1450/439 684/1451/440 690/1452/441
f 693/1453/442 694/1454/442 698/1455/443 680/1456/443
f 678/1457/444 696/1458/444 694/1454/442 693/1453/442
f 674/1459/429 684/1460/440 685/1461/439 675/1462/430
f 671/1440/432 691/1463/445 683/1433/426 673/1363/294
f 676/1464/434 686/1446/446 688/1445/447 668/1465/408
f 675/1444/436 685/1466/448 691/1463/445 671/1440/432
f 668/1421/408 688/1467/447 682/1431/424 672/1422/409
f 670/1377/372 690/1432/425 684/1468/449 674/1378/373
f 678/1469/450 688/1445/437 689/1448/422 679/1470/451
f 681/1471/452 691/1449/438 690/1452/441 680/1472/453
f 679/1470/451 689/1448/422 683/1473/454 692/1474/454
f 680/1472/453 690/1452/441 682/1475/455 693/1476/455
f 692/1474/454 683/1473/454 691/1449/438 681/1471/452
f 693/1476/455 682/1475/455 688/1445/437 678/1469/450
f 695/1477/456 699/1478/457 698/1479/457 694/1480/456
f 697/1481/458 695/1477/456 694/1480/456 696/1482/458
f 680/1483/459 698/1484/459 699/1485/459 681/1486/459
f 681/1487/460 699/1488/460 695/1489/461 692/1490/461
f 692/1490/461 695/1489/461 697/1491/462 679/1492/462
f 679/1493/463 697/1494/463 696/1495/463 678/1496/463
f 621/822/364 667/705/260 701/709/263 700/823/365
f 705/1497/464 719/1498/464 721/1499/464 709/1500/464
f 701/1501/465 715/1502/466 723/1503/467 700/1504/465
f 700/1505/365 723/1506/468 722/1507/469 584/1508/363
f 584/739/292 722/1001/470 714/1002/471 656/714/269
f 717/1509/472 713/1510/473 712/1511/473 725/1512/474
f 722/1001/470 724/1007/475 716/1008/476 714/1002/471
f 715/1502/466 717/1509/472 725/1512/474 723/1503/467
f 702/1513/477 726/1514/477 728/1515/477 706/1516/477
f 712/1517/478 713/1518/479 711/1519/480 710/1520/481
f 725/1521/482 712/1517/478 710/1520/481 724/1522/475
f 716/1523/483 711/1519/480 713/1518/479 717/1524/484
f 724/1007/475 710/1021/481 711/1022/480 716/1008/476
f 705/1525/485 715/1426/413 714/1425/412 703/1526/485
f 707/1527/485 716/1528/483 717/1529/484 709/1530/485
f 709/1530/485 717/1529/484 715/1426/413 705/1525/485
f 703/1526/485 714/1425/412 716/1528/483 707/1527/485
f 718/1531/485 720/1532/485 721/1533/485 719/1534/485
f 703/1535/263 718/1536/263 719/1537/263 705/1538/263
f 707/1539/486 720/1540/486 718/1541/486 703/1542/486
f 709/1543/487 721/1544/487 720/1545/487 707/1546/487
f 702/1547/488 722/1507/469 723/1506/468 704/1548/488
f 708/1549/488 725/1550/482 724/1551/475 706/1552/488
f 706/1552/488 724/1551/475 722/1507/469 702/1547/488
f 704/1548/488 723/1506/468 725/1550/482 708/1549/488
f 727/1553/488 729/1554/488 728/1555/488 726/1556/488
f 704/1557/489 727/1558/489 726/1559/489 702/1560/489
f 708/1561/490 729/1562/490 727/1563/490 704/1564/490
f 706/1565/491 728/1566/491 729/1567/491 708/1568/491
f 750/1569/492 771/1570/492 770/1571/493 751/1572/493
f 751/1573/493 770/1574/493 772/1575/494 752/1576/494
f 752/1576/494 772/1575/494 773/1577/495 753/1578/495
f 753/1578/495 773/1577/495 774/1579/496 754/1580/496
f 754/1581/496 774/1582/496 775/1583/497 755/1584/497
f 755/1584/497 775/1583/497 776/1585/498 756/1586/498
f 756/1587/498 776/1588/498 777/1589/499 757/1590/499
f 757/1590/499 777/1589/499 778/1591/500 758/1592/500
f 743/1593/493 786/1594/493 787/1595/494 745/1596/494
f 758/1592/500 778/1591/500 779/1597/501 759/1598/501
f 759/1599/501 779/1600/501 771/1570/492 750/1569/492
f 746/1601/495 768/1602/495 767/1603/494 744/1604/494
f 730/1605/254 750/1606/254 751/1607/254 732/1608/254
f 732/1608/254 751/1607/254 752/1609/254 734/1610/254
f 734/1610/254 752/1609/254 753/1611/254 736/1612/254
f 736/1612/254 753/1611/254 754/1613/254 738/1614/254
f 738/1614/254 754/1613/254 755/1615/254 740/1616/254
f 740/1616/254 755/1615/254 756/1617/254 742/1618/254
f 742/1618/254 756/1617/254 757/1619/254 744/1620/254
f 744/1620/254 757/1619/254 758/1621/254 746/1622/254
f 746/1622/254 758/1621/254 759/1623/254 748/1624/254
f 748/1624/254 759/1623/254 750/1606/254 730/1605/254
f 760/1625/254 761/1626/254 762/1627/254 763/1628/254 764/1629/254 765/1630/254 766/1631/254 767/1632/254 768/1633/254 769/1634/254
f 740/1635/492 765/1636/492 764/1637/501 738/1638/501
f 734/1639/499 762/1640/499 761/1641/498 732/1642/498
f 748/1643/496 769/1644/496 768/1602/495 746/1601/495
f 742/1645/493 766/1646/493 765/1636/492 740/1635/492
f 736/1647/500 763/1648/500 762/1640/499 734/1639/499
f 730/1649/497 760/1650/497 769/1651/496 748/1652/496
f 744/1604/494 767/1603/494 766/1653/493 742/1654/493
f 738/1655/501 764/1656/501 763/1648/500 736/1647/500
f 732/1657/498 761/1658/498 760/1650/497 730/1649/497
f 733/1659/255 770/1660/255 771/1661/255 731/1662/255
f 735/1663/255 772/1664/255 770/1660/255 733/1659/255
f 737/1665/255 773/1666/255 772/1664/255 735/1663/255
f 739/1667/255 774/1668/255 773/1666/255 737/1665/255
f 741/1669/255 775/1670/255 774/1668/255 739/1667/255
f 743/1671/255 776/1672/255 775/1670/255 741/1669/255
f 745/1673/255 777/1674/255 776/1672/255 743/1671/255
f 747/1675/255 778/1676/255 777/1674/255 745/1673/255
f 749/1677/255 779/1678/255 778/1676/255 747/1675/255
f 731/1662/255 771/1661/255 779/1678/255 749/1677/255
f 780/1679/255 781/1680/255 789/1681/255 788/1682/255 787/1683/255 786/1684/255 785/1685/255 784/1686/255 783/1687/255 782/1688/255
f 737/1689/500 783/1690/500 784/1691/501 739/1692/501
f 731/1693/497 781/1694/497 780/1695/498 733/1696/498
f 745/1596/494 787/1595/494 788/1697/495 747/1698/495
f 739/1699/501 784/1700/501 785/1701/492 741/1702/492
f 733/1703/498 780/1704/498 782/1705/499 735/1706/499
f 747/1698/495 788/1697/495 789/1707/496 749/1708/496
f 741/1702/492 785/1701/492 786/1709/493 743/1710/493
f 735/1706/499 782/1705/499 783/1690/500 737/1689/500
f 749/1711/496 789/1712/496 781/1694/497 731/1693/497
f 810/1713/492 831/1714/492 830/1715/493 811/1716/493
f 811/1717/493 830/1718/493 832/1719/494 812/1720/494
f 812/1720/494 832/1719/494 833/1721/495 813/1722/495
f 813/1722/495 833/1721/495 834/1723/496 814/1724/496
f 814/1725/496 834/1726/496 835/1727/497 815/1728/497
f 815/1728/497 835/1727/497 836/1729/498 816/1730/498
f 816/1731/498 836/1732/498 837/1733/499 817/1734/499
f 817/1734/499 837/1733/499 838/1735/500 818/1736/500
f 803/1737/493 846/1738/493 847/1739/494 805/1740/494
f 818/1736/500 838/1735/500 839/1741/501 819/1742/501
f 819/1743/501 839/1744/501 831/1714/492 810/1713/492
f 806/1745/495 828/1746/495 827/1747/494 804/1748/494
f 790/1749/254 810/1750/254 811/1751/254 792/1752/254
f 792/1752/254 811/1751/254 812/1753/254 794/1754/254
f 794/1754/254 812/1753/254 813/1755/254 796/1756/254
f 796/1756/254 813/1755/254 814/1757/254 798/1758/254
f 798/1758/254 814/1757/254 815/1759/254 800/1760/254
f 800/1760/254 815/1759/254 816/1761/254 802/1762/254
f 802/1762/254 816/1761/254 817/1763/254 804/1764/254
f 804/1764/254 817/1763/254 818/1765/254 806/1766/254
f 806/1766/254 818/1765/254 819/1767/254 808/1768/254
f 808/1768/254 819/1767/254 810/1750/254 790/1749/254
f 820/1769/254 821/1770/254 822/1771/254 823/1772/254 824/1773/254 825/1774/254 826/1775/254 827/1776/254 828/1777/254 829/1778/254
f 800/1779/492 825/1780/492 824/1781/501 798/1782/501
f 794/1783/499 822/1784/499 821/1785/498 792/1786/498
f 808/1787/496 829/1788/496 828/1746/495 806/1745/495
f 802/1789/493 826/1790/493 825/1780/492 800/1779/492
f 796/1791/500 823/1792/500 822/1784/499 794/1783/499
f 790/1793/497 820/1794/497 829/1795/496 808/1796/496
f 804/1748/494 827/1747/494 826/1797/493 802/1798/493
f 798/1799/501 824/1800/501 823/1792/500 796/1791/500
f 792/1801/498 821/1802/498 820/1794/497 790/1793/497
f 793/1803/255 830/1804/255 831/1805/255 791/1806/255
f 795/1807/255 832/1808/255 830/1804/255 793/1803/255
f 797/1809/255 833/1810/255 832/1808/255 795/1807/255
f 799/1811/255 834/1812/255 833/1810/255 797/1809/255
f 801/1813/255 835/1814/255 834/1812/255 799/1811/255
f 803/1815/255 836/1816/255 835/1814/255 801/1813/255
f 805/1817/255 837/1818/255 836/1816/255 803/1815/255
f 807/1819/255 838/1820/255 837/1818/255 805/1817/255
f 809/1821/255 839/1822/255 838/1820/255 807/1819/255
f 791/1806/255 831/1805/255 839/1822/255 809/1821/255
f 840/1823/255 841/1824/255 849/1825/255 848/1826/255 847/1827/255 846/1828/255 845/1829/255 844/1830/255 843/1831/255 842/1832/255
f 797/1833/500 843/1834/500 844/1835/501 799/1836/501
f 791/1837/497 841/1838/497 840/1839/498 793/1840/498
f 805/1740/494 847/1739/494 848/1841/495 807/1842/495
f 799/1843/501 844/1844/501 845/1845/492 801/1846/492
f 793/1847/498 840/1848/498 842/1849/499 795/1850/499
f 807/1842/495 848/1841/495 849/1851/496 809/1852/496
f 801/1846/492 845/1845/492 846/1853/493 803/1854/493
f 795/1850/499 842/1849/499 843/1834/500 797/1833/500
f 809/1855/496 849/1856/496 841/1838/497 791/1837/497
f 852/1/1 5/2/2 24/3/3 933/4/4
f 936/5/5 970/6/6 925/7/6 902/8/7 891/9/8
f 118/10/9 927/11/10 850/12/11 7/13/12
f 84/14/13 900/15/13 915/16/13 100/17/13
f 925/18/14 117/19/15 88/20/16 902/21/17
f 11/22/18 930/23/19 857/24/20 15/25/21
f 905/1857/22 906/1858/22 919/1859/22 916/1860/22
f 7/13/12 850/12/11 930/23/19 11/22/18
f 901/30/23 86/31/24 20/32/25 858/33/26
f 16/34/27 856/35/27 913/36/27 102/37/27
f 911/1861/28 908/1862/28 921/1863/28 922/1864/28
f 894/42/29 858/43/26 20/44/25 76/45/29
f 893/46/30 901/47/23 858/48/31 894/49/32
f 15/25/21 857/24/20 859/50/33 19/51/34
f 933/4/4 24/3/3 28/52/35 863/53/36
f 6/54/37 853/55/38 860/56/39 21/57/40
f 924/1865/41 928/1866/42 938/1867/43 942/1868/44
f 896/62/45 863/63/46 865/64/47 897/65/48
f 21/57/40 860/56/39 862/66/49 25/67/50
f 932/68/51 933/69/4 863/63/46 896/62/45
f 899/70/52 876/71/52 867/72/53 898/73/54
f 863/53/36 28/52/35 32/74/55 865/75/56
f 25/67/50 862/66/49 868/76/57 37/77/58
f 81/78/59 39/79/59 869/80/53 898/73/54
f 876/81/60 55/82/61 36/83/62 867/84/62
f 875/85/63 49/86/64 41/87/64 871/88/65
f 864/89/66 29/90/67 37/77/58 868/76/57
f 33/91/68 866/92/69 869/93/70 39/94/68
f 878/95/71 864/89/66 868/76/57 877/96/72
f 57/97/73 879/98/74 871/99/75 41/100/75
f 881/101/76 875/85/63 871/88/65 879/102/77
f 52/103/78 874/104/79 870/105/80 42/106/81
f 29/107/82 864/108/83 872/109/84 48/110/85
f 878/111/86 866/112/87 873/113/88 880/114/89
f 866/112/87 33/115/90 46/116/90 873/113/88
f 48/110/85 872/109/84 874/104/79 52/103/78
f 880/117/91 873/118/92 885/119/93 886/120/91
f 873/118/92 46/121/94 63/122/94 883/123/95
f 872/109/84 880/114/89 881/101/76 874/104/79
f 864/108/83 878/111/86 880/114/89 872/109/84
f 874/104/79 881/101/76 879/102/77 870/105/80
f 42/124/96 870/125/96 879/98/74 57/97/73
f 866/92/69 878/95/71 877/96/72 869/93/70
f 865/75/56 32/74/55 55/82/61 876/81/60
f 897/65/48 865/64/47 876/71/52 899/70/52
f 883/126/97 63/127/98 64/128/98 882/129/99
f 881/1869/100 880/1870/100 886/1871/100 887/1872/100
f 49/134/101 875/135/102 882/136/103 64/137/101
f 886/1873/104 885/1874/105 884/1875/106 887/1876/104
f 884/1875/106 885/1874/105 889/1877/107 888/1878/107
f 883/126/97 882/129/99 888/144/108 889/145/108
f 873/118/92 883/123/95 889/146/109 885/119/93
f 875/135/102 881/147/110 887/148/110 884/149/111
f 882/136/103 875/135/102 884/149/111 888/150/112
f 868/151/47 897/65/48 899/70/52 877/152/52
f 36/153/59 81/78/59 898/73/54 867/72/53
f 877/152/52 899/70/52 898/73/54 869/80/53
f 860/154/113 932/68/51 896/62/45 862/155/114
f 862/155/114 896/62/45 897/65/48 868/151/47
f 853/156/115 969/157/116 890/158/117 932/68/51 860/154/113
f 857/159/20 893/46/30 894/49/32 859/160/33
f 859/161/33 894/42/29 76/45/29 19/162/34
f 930/163/19 929/164/118 893/46/30 857/159/20
f 861/165/119 895/166/120 945/167/121 946/168/122
f 935/1879/123 892/1880/124 943/1881/125 939/1882/126
f 12/173/127 854/174/128 903/175/129 90/176/130
f 856/177/131 16/178/132 86/31/24 901/30/23
f 854/174/128 856/177/131 901/30/23 903/175/129
f 8/179/133 851/180/134 902/21/17 88/20/16
f 851/180/134 900/181/135 903/175/129 902/21/17
f 900/181/135 84/182/136 90/176/130 903/175/129
f 891/9/8 902/8/7 905/183/137 904/184/138
f 902/8/7 903/185/129 906/186/139 905/183/137
f 903/185/129 929/164/118 907/187/140 906/186/139
f 929/164/118 891/9/8 904/184/138 907/187/140
f 929/164/118 903/185/129 909/188/141 908/189/142
f 903/185/129 901/47/23 910/190/143 909/188/141
f 901/47/23 893/46/30 911/191/144 910/190/143
f 893/46/30 929/164/118 908/189/142 911/191/144
f 917/1883/145 916/1884/145 919/1885/145 918/1886/145
f 914/196/146 99/197/146 100/198/146 915/199/146
f 912/200/147 101/201/147 102/202/147 913/203/147
f 921/1887/148 920/1888/148 923/1889/148 922/1890/148
f 909/1891/149 910/1892/149 923/1893/149 920/1894/149
f 856/1895/150 854/1896/150 912/1897/150 913/1898/150
f 906/1899/151 907/1900/151 918/1901/151 919/1902/151
f 910/1903/152 911/1904/152 922/1905/152 923/1906/152
f 904/1907/153 905/1908/153 916/1909/153 917/1910/153
f 851/228/154 8/229/154 99/230/154 914/231/154
f 908/1911/155 909/1912/155 920/1913/155 921/1914/155
f 854/236/156 12/237/156 101/238/156 912/239/156
f 907/1915/157 904/1916/157 917/1902/157 918/1917/157
f 900/1918/158 851/1919/158 914/1920/158 915/1921/158
f 934/1922/159 926/1923/160 941/1924/161 937/1925/162
f 853/55/38 6/54/37 117/19/15 925/18/14
f 5/2/2 852/1/1 927/11/10 118/10/9
f 925/1926/163 970/1927/163 984/1928/164 983/1929/165
f 928/256/166 924/257/167 927/258/10 852/259/1
f 855/260/168 892/261/169 929/164/118 930/163/19
f 931/262/170 855/260/168 930/163/19 850/263/11
f 895/166/120 861/165/119 933/69/4 932/68/51
f 861/165/119 928/256/166 852/259/1 933/69/4
f 934/264/171 895/166/120 932/68/51 890/158/117
f 892/261/169 935/265/172 891/9/8 929/164/118
f 935/265/172 926/266/173 936/5/5 891/9/8
f 924/257/167 931/262/170 850/263/11 927/258/10
f 926/266/173 934/264/171 890/158/117 936/5/5
f 938/1867/43 946/1930/122 956/1931/174 958/1932/175
f 941/1933/161 939/1934/126 959/1935/176 951/1936/177
f 942/1868/44 938/1867/43 958/1932/175 952/1937/178
f 946/1938/122 945/1939/121 955/1940/179 956/1941/174
f 926/1923/160 935/1879/123 939/1882/126 941/1924/161
f 928/1866/42 861/1942/180 946/1930/122 938/1867/43
f 892/261/169 855/260/168 944/280/181 943/281/182
f 931/1943/183 924/1865/41 942/1868/44 940/1944/184
f 895/1945/185 934/1922/159 937/1925/162 945/1946/186
f 855/1947/187 931/1943/183 940/1944/184 944/1948/188
f 957/1949/189 958/1950/175 956/1951/174 955/1952/179
f 960/1953/190 959/1935/191 953/1954/192 954/1955/193
f 962/1956/194 949/1957/195 967/1958/195 963/1959/194
f 947/1960/196 962/1956/194 963/1959/194 965/1961/196
f 943/1962/182 944/1963/181 954/1964/193 953/1965/192
f 940/1944/184 942/1868/44 952/1937/178 960/1966/197
f 945/1967/186 937/1968/162 957/1949/198 955/1952/199
f 944/1948/188 940/1944/184 960/1966/197 954/1969/200
f 937/1968/162 941/1933/161 951/1936/177 957/1949/198
f 939/1934/126 943/1970/125 953/1954/201 959/1935/176
f 947/1971/202 948/1972/203 958/1950/175 957/1949/189
f 950/1973/204 949/1974/205 959/1935/191 960/1953/190
f 948/1972/203 961/1975/206 952/1976/206 958/1950/175
f 949/1974/205 962/1977/207 951/1936/207 959/1935/191
f 961/1975/206 950/1973/204 960/1953/190 952/1976/206
f 962/1977/207 947/1971/202 957/1949/189 951/1936/207
f 964/1978/208 963/1979/208 967/1980/209 968/1981/209
f 966/1982/210 965/1983/210 963/1979/208 964/1978/208
f 949/1984/211 950/1985/211 968/1986/211 967/1987/211
f 950/1988/212 961/1989/213 964/1990/213 968/1991/212
f 961/1989/213 948/1992/214 966/1993/214 964/1990/213
f 948/1994/215 947/1995/215 965/1996/215 966/1997/215
f 890/158/117 969/157/116 970/6/6 936/5/5
f 974/1998/216 978/1999/216 990/2000/216 988/2001/216
f 970/2002/217 969/2003/217 992/2004/218 984/2005/219
f 969/2006/116 853/2007/115 991/2008/220 992/2009/221
f 853/55/38 925/18/14 983/349/222 991/350/223
f 986/2010/224 994/2011/225 981/2012/226 982/2013/226
f 991/350/223 983/349/222 985/355/227 993/356/228
f 984/2005/219 992/2004/218 994/2011/225 986/2010/224
f 971/2014/229 975/2015/229 997/2016/229 995/2017/229
f 981/2018/230 979/2019/231 980/2020/232 982/2021/233
f 994/2022/234 993/2023/228 979/2019/231 981/2018/230
f 985/2024/235 986/2025/236 982/2021/233 980/2020/232
f 993/356/228 985/355/227 980/369/232 979/370/231
f 974/2026/237 972/2027/237 983/1929/165 984/1928/164
f 976/2028/237 978/2029/237 986/2030/236 985/2031/235
f 978/2029/237 974/2026/237 984/1928/164 986/2030/236
f 972/2027/237 976/2028/237 985/2031/235 983/1929/165
f 987/29/237 988/2032/237 990/2033/237 989/2034/237
f 972/2035/6 974/2036/6 988/2037/6 987/2038/6
f 976/2039/238 972/2040/238 987/2041/238 989/2042/238
f 978/2043/239 976/2044/239 989/2045/239 990/2046/239
f 971/2047/240 973/2048/240 992/2009/221 991/2008/220
f 977/2049/240 975/2050/240 993/2051/228 994/2052/234
f 975/2050/240 971/2047/240 991/2008/220 993/2051/228
f 973/2048/240 977/2049/240 994/2052/234 992/2009/221
f 996/2053/240 995/2054/240 997/2055/240 998/2056/240
f 973/2057/241 971/2058/241 995/2059/241 996/2060/241
f 977/2061/242 973/2062/242 996/2063/242 998/2064/242
f 975/2065/243 977/2066/243 998/2067/243 997/2068/243
f 1019/2069/244 1020/2070/245 1039/2071/245 1040/2072/244
f 1020/2073/245 1021/2074/246 1041/2075/246 1039/2076/245
f 1021/2074/246 1022/2077/247 1042/2078/247 1041/2075/246
f 1022/2079/247 1023/2080/248 1043/2081/248 1042/2082/247
f 1023/2080/248 1024/2083/249 1044/2084/249 1043/2081/248
f 1024/2083/249 1025/2085/250 1045/2086/250 1044/2084/249
f 1025/2087/250 1026/2088/251 1046/2089/251 1045/2090/250
f 1026/2088/251 1027/2091/252 1047/2092/252 1046/2089/251
f 1012/2093/245 1014/2094/246 1056/2095/246 1055/2096/245
f 1027/2097/252 1028/2098/253 1048/2099/253 1047/2100/252
f 1028/2098/253 1019/2069/244 1040/2072/244 1048/2099/253
f 1015/2101/247 1013/2102/246 1036/2103/246 1037/2104/247
f 999/2105/254 1001/2106/254 1020/2107/254 1019/2108/254
f 1001/2106/254 1003/2109/254 1021/2110/254 1020/2107/254
f 1003/2109/254 1005/2111/254 1022/2112/254 1021/2110/254
f 1005/2111/254 1007/2113/254 1023/2114/254 1022/2112/254
f 1007/2113/254 1009/2115/254 1024/2116/254 1023/2114/254
f 1009/2115/254 1011/2117/254 1025/2118/254 1024/2116/254
f 1011/2117/254 1013/2119/254 1026/2120/254 1025/2118/254
f 1013/2119/254 1015/2121/254 1027/2122/254 1026/2120/254
f 1015/2121/254 1017/2123/254 1028/2124/254 1027/2122/254
f 1017/2123/254 999/2105/254 1019/2108/254 1028/2124/254
f 1029/2125/254 1038/2126/254 1037/2127/254 1036/2128/254 1035/2129/254 1034/2130/254 1033/2131/254 1032/2132/254 1031/2133/254 1030/2134/254
f 1009/2135/244 1007/2136/253 1033/2137/253 1034/2138/244
f 1003/2139/251 1001/2140/250 1030/2141/250 1031/2142/251
f 1017/2143/248 1015/2144/247 1037/2145/247 1038/2146/248
f 1011/2147/245 1009/2135/244 1034/2138/244 1035/2148/245
f 1005/2149/252 1003/2139/251 1031/2142/251 1032/2150/252
f 999/2151/249 1017/2143/248 1038/2146/248 1029/2152/249
f 1013/2102/246 1011/2153/245 1035/2154/245 1036/2103/246
f 1007/2136/253 1005/2155/252 1032/2156/252 1033/2137/253
f 1001/2157/250 999/2151/249 1029/2152/249 1030/2158/250
f 1002/2159/255 1000/2160/255 1040/2161/255 1039/2162/255
f 1004/2163/255 1002/2159/255 1039/2162/255 1041/2164/255
f 1006/2165/255 1004/2163/255 1041/2164/255 1042/2166/255
f 1008/2167/255 1006/2165/255 1042/2166/255 1043/2168/255
f 1010/2169/255 1008/2167/255 1043/2168/255 1044/2170/255
f 1012/2171/255 1010/2169/255 1044/2170/255 1045/2172/255
f 1014/2173/255 1012/2171/255 1045/2172/255 1046/2174/255
f 1016/2175/255 1014/2173/255 1046/2174/255 1047/2176/255
f 1018/2177/255 1016/2175/255 1047/2176/255 1048/2178/255
f 1000/2160/255 1018/2177/255 1048/2178/255 1040/2161/255
f 1049/2179/255 1051/2180/255 1052/2181/255 1053/2182/255 1054/2183/255 1055/2184/255 1056/2185/255 1057/2186/255 1058/2187/255 1050/2188/255
f 1006/2189/252 1008/2190/253 1053/2191/253 1052/2192/252
f 1000/2193/249 1002/2194/250 1049/2195/250 1050/2196/249
f 1014/2094/246 1016/2197/247 1057/2198/247 1056/2095/246
f 1008/2190/253 1010/2199/244 1054/2200/244 1053/2191/253
f 1002/2201/250 1004/2202/251 1051/2203/251 1049/2204/250
f 1016/2205/247 1018/2206/248 1058/2207/248 1057/2208/247
f 1010/2199/244 1012/2209/245 1055/2210/245 1054/2200/244
f 1004/2202/251 1006/2211/252 1052/2212/252 1051/2203/251
f 1018/2206/248 1000/2193/249 1050/2196/249 1058/2207/248
f 1079/2213/244 1080/2214/245 1099/2215/245 1100/2216/244
f 1080/2217/245 1081/2218/246 1101/2219/246 1099/2220/245
f 1081/2218/246 1082/2221/247 1102/2222/247 1101/2219/246
f 1082/2223/247 1083/2224/248 1103/2225/248 1102/2226/247
f 1083/2224/248 1084/2227/249 1104/2228/249 1103/2225/248
f 1084/2227/249 1085/2229/250 1105/2230/250 1104/2228/249
f 1085/2231/250 1086/2232/251 1106/2233/251 1105/2234/250
f 1086/2232/251 1087/2235/252 1107/2236/252 1106/2233/251
f 1072/2237/245 1074/2238/246 1116/2239/246 1115/2240/245
f 1087/2241/252 1088/2242/253 1108/2243/253 1107/2244/252
f 1088/2242/253 1079/2213/244 1100/2216/244 1108/2243/253
f 1075/2245/247 1073/2246/246 1096/2247/246 1097/2248/247
f 1059/2249/254 1061/2250/254 1080/2251/254 1079/2252/254
f 1061/2250/254 1063/2253/254 1081/2254/254 1080/2251/254
f 1063/2253/254 1065/2255/254 1082/2256/254 1081/2254/254
f 1065/2255/254 1067/2257/254 1083/2258/254 1082/2256/254
f 1067/2257/254 1069/2259/254 1084/2260/254 1083/2258/254
f 1069/2259/254 1071/2261/254 1085/2262/254 1084/2260/254
f 1071/2261/254 1073/2263/254 1086/2264/254 1085/2262/254
f 1073/2263/254 1075/2265/254 1087/2266/254 1086/2264/254
f 1075/2265/254 1077/2267/254 1088/2268/254 1087/2266/254
f 1077/2267/254 1059/2249/254 1079/2252/254 1088/2268/254
f 1089/2269/254 1098/2270/254 1097/2271/254 1096/2272/254 1095/2273/254 1094/2274/254 1093/2275/254 1092/2276/254 1091/2277/254 1090/2278/254
f 1069/2279/244 1067/2280/253 1093/2281/253 1094/2282/244
f 1063/2283/251 1061/2284/250 1090/2285/250 1091/2286/251
f 1077/2287/248 1075/2288/247 1097/2289/247 1098/2290/248
f 1071/2291/245 1069/2279/244 1094/2282/244 1095/2292/245
f 1065/2293/252 1063/2283/251 1091/2286/251 1092/2294/252
f 1059/2295/249 1077/2287/248 1098/2290/248 1089/2296/249
f 1073/2246/246 1071/2297/245 1095/2298/245 1096/2247/246
f 1067/2280/253 1065/2299/252 1092/2300/252 1093/2281/253
f 1061/2301/250 1059/2295/249 1089/2296/249 1090/2302/250
f 1062/2303/255 1060/2304/255 1100/2305/255 1099/2306/255
f 1064/2307/255 1062/2303/255 1099/2306/255 1101/2308/255
f 1066/2309/255 1064/2307/255 1101/2308/255 1102/2310/255
f 1068/2311/255 1066/2309/255 1102/2310/255 1103/2312/255
f 1070/2313/255 1068/2311/255 1103/2312/255 1104/2314/255
f 1072/2315/255 1070/2313/255 1104/2314/255 1105/2316/255
f 1074/2317/255 1072/2315/255 1105/2316/255 1106/2318/255
f 1076/2319/255 1074/2317/255 1106/2318/255 1107/2320/255
f 1078/2321/255 1076/2319/255 1107/2320/255 1108/2322/255
f 1060/2304/255 1078/2321/255 1108/2322/255 1100/2305/255
f 1109/2323/255 1111/2324/255 1112/2325/255 1113/2326/255 1114/2327/255 1115/2328/255 1116/2329/255 1117/2330/255 1118/2331/255 1110/2332/255
f 1066/2333/252 1068/2334/253 1113/2335/253 1112/2336/252
f 1060/2337/249 1062/2338/250 1109/2339/250 1110/2340/249
f 1074/2238/246 1076/2341/247 1117/2342/247 1116/2239/246
f 1068/2334/253 1070/2343/244 1114/2344/244 1113/2335/253
f 1062/2345/250 1064/2346/251 1111/2347/251 1109/2348/250
f 1076/2349/247 1078/2350/248 1118/2351/248 1117/2352/247
f 1070/2343/244 1072/2353/245 1115/2354/245 1114/2344/244
f 1064/2346/251 1066/2355/252 1112/2356/252 1111/2347/251
f 1078/2350/248 1060/2337/249 1110/2340/249 1118/2351/248
f 1121/703/256 1202/704/257 24/3/258 5/2/259
f 1205/705/260 1160/706/261 1171/707/262 1194/708/263 1239/709/263
f 118/10/264 7/13/265 1119/710/266 1196/711/267
f 84/14/268 100/17/268 1184/712/268 1169/713/268
f 1194/714/269 1171/715/270 88/20/271 117/19/272
f 11/22/273 15/25/274 1126/716/275 1199/717/276
f 1174/2357/277 1185/2358/277 1188/2359/277 1175/2360/277
f 7/13/265 11/22/273 1199/717/276 1119/710/266
f 1170/722/278 1127/723/279 20/32/280 86/31/281
f 16/34/282 102/37/282 1182/724/282 1125/725/282
f 1180/2361/283 1191/2362/283 1190/2363/283 1177/2364/283
f 1163/730/29 76/45/29 20/44/280 1127/731/279
f 1162/732/284 1163/733/285 1127/734/286 1170/735/278
f 15/25/274 19/51/287 1128/736/288 1126/716/275
f 1202/704/257 1132/737/36 28/52/35 24/3/258
f 6/54/289 21/57/290 1129/738/291 1122/739/292
f 1193/2365/293 1211/2366/294 1207/2367/295 1197/2368/296
f 1165/744/297 1166/745/298 1134/746/299 1132/747/300
f 21/57/290 25/67/50 1131/748/49 1129/738/291
f 1201/749/301 1165/744/297 1132/747/300 1202/750/257
f 1168/751/302 1167/752/303 1136/753/304 1145/754/302
f 1132/737/36 1134/755/56 32/74/55 28/52/35
f 25/67/50 37/77/305 1137/756/306 1131/748/49
f 81/757/307 1167/752/303 1138/758/304 39/759/307
f 1145/760/308 1136/761/309 36/83/309 55/82/310
f 1144/762/311 1140/763/312 41/764/313 49/765/313
f 1133/766/314 1137/756/306 37/77/305 29/90/315
f 33/91/316 39/94/316 1138/767/317 1135/768/318
f 1147/769/319 1146/770/320 1137/756/306 1133/766/314
f 57/97/321 41/100/322 1140/771/322 1148/772/323
f 1150/773/324 1148/774/325 1140/763/312 1144/762/311
f 52/775/326 42/776/327 1139/777/328 1143/778/329
f 29/779/330 48/780/331 1141/781/332 1133/782/333
f 1147/783/334 1149/784/335 1142/785/336 1135/786/337
f 1135/786/337 1142/785/336 46/787/338 33/788/338
f 48/780/331 52/775/326 1143/778/329 1141/781/332
f 1149/789/339 1155/790/339 1154/791/340 1142/792/341
f 1142/792/341 1152/793/342 63/122/343 46/121/343
f 1141/781/332 1143/778/329 1150/773/324 1149/784/335
f 1133/782/333 1141/781/332 1149/784/335 1147/783/334
f 1143/778/329 1139/777/328 1148/774/325 1150/773/324
f 42/124/344 57/97/321 1148/772/323 1139/794/344
f 1135/768/318 1138/767/317 1146/770/320 1147/769/319
f 1134/755/56 1145/760/308 55/82/310 32/74/55
f 1166/745/298 1168/751/302 1145/754/302 1134/746/299
f 1152/795/345 1151/796/346 64/128/347 63/127/347
f 1150/2369/348 1156/2370/348 1155/2371/348 1149/2372/348
f 49/134/349 64/137/349 1151/801/350 1144/802/351
f 1155/2373/352 1156/2374/352 1153/2375/353 1154/2376/354
f 1153/2375/353 1157/2377/355 1158/2378/355 1154/2376/354
f 1152/795/345 1158/809/356 1157/810/356 1151/796/346
f 1142/792/341 1154/791/340 1158/811/357 1152/793/342
f 1144/802/351 1153/812/358 1156/813/359 1150/814/359
f 1151/801/350 1157/815/360 1153/812/358 1144/802/351
f 1137/816/299 1146/817/302 1168/751/302 1166/745/298
f 36/818/307 1136/753/304 1167/752/303 81/757/307
f 1146/817/302 1138/758/304 1167/752/303 1168/751/302
f 1129/819/361 1131/820/362 1165/744/297 1201/749/301
f 1131/820/362 1137/816/299 1166/745/298 1165/744/297
f 1122/821/363 1129/819/361 1201/749/301 1159/822/364 1238/823/365
f 1126/824/275 1128/825/288 1163/733/285 1162/732/284
f 1128/826/288 19/162/287 76/45/29 1163/730/29
f 1199/827/276 1126/824/275 1162/732/284 1198/828/366
f 1130/829/367 1215/830/368 1214/831/369 1164/832/370
f 1204/2379/371 1208/2380/372 1212/2381/373 1161/2382/374
f 12/173/375 90/176/376 1172/837/377 1123/838/378
f 1125/839/379 1170/722/278 86/31/281 16/178/380
f 1123/838/378 1172/837/377 1170/722/278 1125/839/379
f 8/179/381 88/20/271 1171/715/270 1120/840/382
f 1120/840/382 1171/715/270 1172/837/377 1169/841/383
f 1169/841/383 1172/837/377 90/176/376 84/182/384
f 1160/706/261 1173/842/385 1174/843/386 1171/707/262
f 1171/707/262 1174/843/386 1175/844/387 1172/845/377
f 1172/845/377 1175/844/387 1176/846/388 1198/828/366
f 1198/828/366 1176/846/388 1173/842/385 1160/706/261
f 1198/828/366 1177/847/389 1178/848/390 1172/845/377
f 1172/845/377 1178/848/390 1179/849/391 1170/735/278
f 1170/735/278 1179/849/391 1180/850/392 1162/732/284
f 1162/732/284 1180/850/392 1177/847/389 1198/828/366
f 1186/2383/393 1187/2384/393 1188/2385/393 1185/2386/393
f 1183/855/394 1184/856/394 100/198/394 99/197/394
f 1181/857/395 1182/858/395 102/202/395 101/201/395
f 1190/2387/396 1191/2388/396 1192/2389/396 1189/2390/396
f 1178/2391/397 1189/2392/397 1192/2393/397 1179/2394/397
f 1125/2395/398 1182/2396/398 1181/2397/398 1123/2398/398
f 1175/2399/399 1188/2400/399 1187/2401/399 1176/211/399
f 1179/2402/400 1192/2403/400 1191/2404/400 1180/2405/400
f 1173/2406/401 1186/2407/401 1185/2408/401 1174/2409/401
f 1120/883/402 1183/884/402 99/230/402 8/229/402
f 1177/2410/403 1190/2411/403 1189/2412/403 1178/2413/403
f 1123/889/404 1181/890/404 101/238/404 12/237/404
f 1176/2414/405 1187/2415/405 1186/2416/405 1173/2417/405
f 1169/2418/406 1184/2419/406 1183/2420/406 1120/2421/406
f 1203/2422/407 1206/2423/408 1210/2424/409 1195/2425/410
f 1122/739/292 1194/714/269 117/19/272 6/54/289
f 5/2/259 118/10/264 1196/711/267 1121/703/256
f 1194/2426/411 1252/2427/412 1253/2428/413 1239/2429/411
f 1197/907/414 1121/908/256 1196/909/267 1193/910/415
f 1124/911/416 1199/827/276 1198/828/366 1161/912/417
f 1200/913/418 1119/914/266 1199/827/276 1124/911/416
f 1164/832/370 1201/749/301 1202/750/257 1130/829/367
f 1130/829/367 1202/750/257 1121/908/256 1197/907/414
f 1203/915/419 1159/822/364 1201/749/301 1164/832/370
f 1161/912/417 1198/828/366 1160/706/261 1204/916/420
f 1204/916/420 1160/706/261 1205/705/260 1195/917/421
f 1193/910/415 1196/909/267 1119/914/266 1200/913/418
f 1195/917/421 1205/705/260 1159/822/364 1203/915/419
f 1207/2367/295 1227/2430/422 1225/2431/423 1215/2432/368
f 1210/2424/409 1220/2433/424 1228/2434/425 1208/2380/372
f 1211/2366/294 1221/2435/426 1227/2430/422 1207/2367/295
f 1215/2436/368 1225/2437/423 1224/2438/427 1214/2439/369
f 1195/2425/410 1210/2424/409 1208/2380/372 1204/2379/371
f 1197/2368/296 1207/2367/295 1215/2432/368 1130/2440/428
f 1161/912/417 1212/929/429 1213/930/430 1124/911/416
f 1200/2441/431 1209/2442/432 1211/2366/294 1193/2365/293
f 1164/2443/433 1214/2444/434 1206/2423/408 1203/2422/407
f 1124/2445/435 1213/2446/436 1209/2442/432 1200/2441/431
f 1226/2447/437 1224/2448/427 1225/2449/423 1227/2450/422
f 1229/2451/438 1223/2452/439 1222/2453/440 1228/2454/441
f 1231/2455/442 1232/2456/442 1236/2457/443 1218/2458/443
f 1216/2459/444 1234/2460/444 1232/2456/442 1231/2455/442
f 1212/2461/429 1222/2462/440 1223/2463/439 1213/2464/430
f 1209/2442/432 1229/2465/445 1221/2435/426 1211/2366/294
f 1214/2466/434 1224/2448/446 1226/2447/447 1206/2467/408
f 1213/2446/436 1223/2468/448 1229/2465/445 1209/2442/432
f 1206/2423/408 1226/2469/447 1220/2433/424 1210/2424/409
f 1208/2380/372 1228/2434/425 1222/2470/449 1212/2381/373
f 1216/2471/450 1226/2447/437 1227/2450/422 1217/2472/451
f 1219/2473/452 1229/2451/438 1228/2454/441 1218/2474/453
f 1217/2472/451 1227/2450/422 1221/2475/454 1230/2476/454
f 1218/2474/453 1228/2454/441 1220/2477/455 1231/2478/455
f 1230/2476/454 1221/2475/454 1229/2451/438 1219/2473/452
f 1231/2478/455 1220/2477/455 1226/2447/437 1216/2471/450
f 1233/2479/456 1237/2480/457 1236/2481/457 1232/2482/456
f 1235/2483/458 1233/2479/456 1232/2482/456 1234/2484/458
f 1218/2485/459 1236/2486/459 1237/2487/459 1219/2488/459
f 1219/2489/460 1237/2490/460 1233/2491/461 1230/2492/461
f 1230/2492/461 1233/2491/461 1235/2493/462 1217/2494/462
f 1217/2495/463 1235/2496/463 1234/2497/463 1216/2498/463
f 1159/822/364 1205/705/260 1239/709/263 1238/823/365
f 1243/2499/464 1257/2500/464 1259/2501/464 1247/2502/464
f 1239/2503/465 1253/2504/466 1261/2505/467 1238/2506/465
f 1238/2507/365 1261/2508/468 1260/2509/469 1122/2510/363
f 1122/739/292 1260/1001/470 1252/1002/471 1194/714/269
f 1255/2511/472 1251/2512/473 1250/2513/473 1263/2514/474
f 1260/1001/470 1262/1007/475 1254/1008/476 1252/1002/471
f 1253/2504/466 1255/2511/472 1263/2514/474 1261/2505/467
f 1240/2515/477 1264/2516/477 1266/2517/477 1244/2518/477
f 1250/2519/478 1251/2520/479 1249/2521/480 1248/2522/481
f 1263/2523/482 1250/2519/478 1248/2522/481 1262/2524/475
f 1254/2525/483 1249/2521/480 1251/2520/479 1255/2526/484
f 1262/1007/475 1248/1021/481 1249/1022/480 1254/1008/476
f 1243/2527/485 1253/2428/413 1252/2427/412 1241/2528/485
f 1245/2529/485 1254/2530/483 1255/2531/484 1247/2532/485
f 1247/2532/485 1255/2531/484 1253/2428/413 1243/2527/485
f 1241/2528/485 1252/2427/412 1254/2530/483 1245/2529/485
f 1256/2533/485 1258/2534/485 1259/2535/485 1257/2536/485
f 1241/2537/263 1256/2538/263 1257/2539/263 1243/2540/263
f 1245/2541/486 1258/2542/486 1256/2543/486 1241/2544/486
f 1247/2545/487 1259/2546/487 1258/2547/487 1245/2548/487
f 1240/2549/488 1260/2509/469 1261/2508/468 1242/2550/488
f 1246/2551/488 1263/2552/482 1262/2553/475 1244/2554/488
f 1244/2554/488 1262/2553/475 1260/2509/469 1240/2549/488
f 1242/2550/488 1261/2508/468 1263/2552/482 1246/2551/488
f 1265/2555/488 1267/2556/488 1266/2557/488 1264/2558/488
f 1242/2559/489 1265/2560/489 1264/2561/489 1240/2562/489
f 1246/2563/490 1267/2564/490 1265/2565/490 1242/2566/490
f 1244/2567/491 1266/2568/491 1267/2569/491 1246/2570/491
f 1288/2571/492 1309/2572/492 1308/2573/493 1289/2574/493
f 1289/2575/493 1308/2576/493 1310/2577/494 1290/2578/494
f 1290/2578/494 1310/2577/494 1311/2579/495 1291/2580/495
f 1291/2580/495 1311/2579/495 1312/2581/496 1292/2582/496
f 1292/2583/496 1312/2584/496 1313/2585/497 1293/2586/497
f 1293/2586/497 1313/2585/497 1314/2587/498 1294/2588/498
f 1294/2589/498 1314/2590/498 1315/2591/499 1295/2592/499
f 1295/2592/499 1315/2591/499 1316/2593/500 1296/2594/500
f 1281/2595/493 1324/2596/493 1325/2597/494 1283/2598/494
f 1296/2594/500 1316/2593/500 1317/2599/501 1297/2600/501
f 1297/2601/501 1317/2602/501 1309/2572/492 1288/2571/492
f 1284/2603/495 1306/2604/495 1305/2605/494 1282/2606/494
f 1268/2607/254 1288/2608/254 1289/2609/254 1270/2610/254
f 1270/2610/254 1289/2609/254 1290/2611/254 1272/2612/254
f 1272/2612/254 1290/2611/254 1291/2613/254 1274/2614/254
f 1274/2614/254 1291/2613/254 1292/2615/254 1276/2616/254
f 1276/2616/254 1292/2615/254 1293/2617/254 1278/2618/254
f 1278/2618/254 1293/2617/254 1294/2619/254 1280/2620/254
f 1280/2620/254 1294/2619/254 1295/2621/254 1282/2622/254
f 1282/2622/254 1295/2621/254 1296/2623/254 1284/2624/254
f 1284/2624/254 1296/2623/254 1297/2625/254 1286/2626/254
f 1286/2626/254 1297/2625/254 1288/2608/254 1268/2607/254
f 1298/2627/254 1299/2628/254 1300/2629/254 1301/2630/254 1302/2631/254 1303/2632/254 1304/2633/254 1305/2634/254 1306/2635/254 1307/2636/254
f 1278/2637/492 1303/2638/492 1302/2639/501 1276/2640/501
f 1272/2641/499 1300/2642/499 1299/2643/498 1270/2644/498
f 1286/2645/496 1307/2646/496 1306/2604/495 1284/2603/495
f 1280/2647/493 1304/2648/493 1303/2638/492 1278/2637/492
f 1274/2649/500 1301/2650/500 1300/2642/499 1272/2641/499
f 1268/2651/497 1298/2652/497 1307/2653/496 1286/2654/496
f 1282/2606/494 1305/2605/494 1304/2655/493 1280/2656/493
f 1276/2657/501 1302/2658/501 1301/2650/500 1274/2649/500
f 1270/2659/498 1299/2660/498 1298/2652/497 1268/2651/497
f 1271/2661/255 1308/2662/255 1309/2663/255 1269/2664/255
f 1273/2665/255 1310/2666/255 1308/2662/255 1271/2661/255
f 1275/2667/255 1311/2668/255 1310/2666/255 1273/2665/255
f 1277/2669/255 1312/2670/255 1311/2668/255 1275/2667/255
f 1279/2671/255 1313/2672/255 1312/2670/255 1277/2669/255
f 1281/2673/255 1314/2674/255 1313/2672/255 1279/2671/255
f 1283/2675/255 1315/2676/255 1314/2674/255 1281/2673/255
f 1285/2677/255 1316/2678/255 1315/2676/255 1283/2675/255
f 1287/2679/255 1317/2680/255 1316/2678/255 1285/2677/255
f 1269/2664/255 1309/2663/255 1317/2680/255 1287/2679/255
f 1318/2681/255 1319/2682/255 1327/2683/255 1326/2684/255 1325/2685/255 1324/2686/255 1323/2687/255 1322/2688/255 1321/2689/255 1320/2690/255
f 1275/2691/500 1321/2692/500 1322/2693/501 1277/2694/501
f 1269/2695/497 1319/2696/497 1318/2697/498 1271/2698/498
f 1283/2598/494 1325/2597/494 1326/2699/495 1285/2700/495
f 1277/2701/501 1322/2702/501 1323/2703/492 1279/2704/492
f 1271/2705/498 1318/2706/498 1320/2707/499 1273/2708/499
f 1285/2700/495 1326/2699/495 1327/2709/496 1287/2710/496
f 1279/2704/492 1323/2703/492 1324/2711/493 1281/2712/493
f 1273/2708/499 1320/2707/499 1321/2692/500 1275/2691/500
f 1287/2713/496 1327/2714/496 1319/2696/497 1269/2695/497
f 1348/2715/492 1369/2716/492 1368/2717/493 1349/2718/493
f 1349/2719/493 1368/2720/493 1370/2721/494 1350/2722/494
f 1350/2722/494 1370/2721/494 1371/2723/495 1351/2724/495
f 1351/2724/495 1371/2723/495 1372/2725/496 1352/2726/496
f 1352/2727/496 1372/2728/496 1373/2729/497 1353/2730/497
f 1353/2730/497 1373/2729/497 1374/2731/498 1354/2732/498
f 1354/2733/498 1374/2734/498 1375/2735/499 1355/2736/499
f 1355/2736/499 1375/2735/499 1376/2737/500 1356/2738/500
f 1341/2739/493 1384/2740/493 1385/2741/494 1343/2742/494
f 1356/2738/500 1376/2737/500 1377/2743/501 1357/2744/501
f 1357/2745/501 1377/2746/501 1369/2716/492 1348/2715/492
f 1344/2747/495 1366/2748/495 1365/2749/494 1342/2750/494
f 1328/2751/254 1348/2752/254 1349/2753/254 1330/2754/254
f 1330/2754/254 1349/2753/254 1350/2755/254 1332/2756/254
f 1332/2756/254 1350/2755/254 1351/2757/254 1334/2758/254
f 1334/2758/254 1351/2757/254 1352/2759/254 1336/2760/254
f 1336/2760/254 1352/2759/254 1353/2761/254 1338/2762/254
f 1338/2762/254 1353/2761/254 1354/2763/254 1340/2764/254
f 1340/2764/254 1354/2763/254 1355/2765/254 1342/2766/254
f 1342/2766/254 1355/2765/254 1356/2767/254 1344/2768/254
f 1344/2768/254 1356/2767/254 1357/2769/254 1346/2770/254
f 1346/2770/254 1357/2769/254 1348/2752/254 1328/2751/254
f 1358/2771/254 1359/2772/254 1360/2773/254 1361/2774/254 1362/2775/254 1363/2776/254 1364/2777/254 1365/2778/254 1366/2779/254 1367/2780/254
f 1338/2781/492 1363/2782/492 1362/2783/501 1336/2784/501
f 1332/2785/499 1360/2786/499 1359/2787/498 1330/2788/498
f 1346/2789/496 1367/2790/496 1366/2748/495 1344/2747/495
f 1340/2791/493 1364/2792/493 1363/2782/492 1338/2781/492
f 1334/2793/500 1361/2794/500 1360/2786/499 1332/2785/499
f 1328/2795/497 1358/2796/497 1367/2797/496 1346/2798/496
f 1342/2750/494 1365/2749/494 1364/2799/493 1340/2800/493
f 1336/2801/501 1362/2802/501 1361/2794/500 1334/2793/500
f 1330/2803/498 1359/2804/498 1358/2796/497 1328/2795/497
f 1331/2805/255 1368/2806/255 1369/2807/255 1329/2808/255
f 1333/2809/255 1370/2810/255 1368/2806/255 1331/2805/255
f 1335/2811/255 1371/2812/255 1370/2810/255 1333/2809/255
f 1337/2813/255 1372/2814/255 1371/2812/255 1335/2811/255
f 1339/2815/255 1373/2816/255 1372/2814/255 1337/2813/255
f 1341/2817/255 1374/2818/255 1373/2816/255 1339/2815/255
f 1343/2819/255 1375/2820/255 1374/2818/255 1341/2817/255
f 1345/2821/255 1376/2822/255 1375/2820/255 1343/2819/255
f 1347/2823/255 1377/2824/255 1376/2822/255 1345/2821/255
f 1329/2808/255 1369/2807/255 1377/2824/255 1347/2823/255
f 1378/2825/255 1379/2826/255 1387/2827/255 1386/2828/255 1385/2829/255 1384/2830/255 1383/2831/255 1382/2832/255 1381/2833/255 1380/2834/255
f 1335/2835/500 1381/2836/500 1382/2837/501 1337/2838/501
f 1329/2839/497 1379/2840/497 1378/2841/498 1331/2842/498
f 1343/2742/494 1385/2741/494 1386/2843/495 1345/2844/495
f 1337/2845/501 1382/2846/501 1383/2847/492 1339/2848/492
f 1331/2849/498 1378/2850/498 1380/2851/499 1333/2852/499
f 1345/2844/495 1386/2843/495 1387/2853/496 1347/2854/496
f 1339/2848/492 1383/2847/492 1384/2855/493 1341/2856/493
f 1333/2852/499 1380/2851/499 1381/2836/500 1335/2835/500
f 1347/2857/496 1387/2858/496 1379/2840/497 1329/2839/497
f 1390/1/1 5/2/2 24/3/3 1471/4/4
f 1474/5/5 1508/6/6 1463/7/6 1440/8/7 1429/9/8
f 118/10/9 1465/11/10 1388/12/11 7/13/12
f 84/14/13 1438/15/13 1453/16/13 100/17/13
f 1463/18/14 117/19/15 88/20/16 1440/21/17
f 11/22/18 1468/23/19 1395/24/20 15/25/21
f 1443/2859/22 1444/2860/22 1457/2861/22 1454/2862/22
f 7/13/12 1388/12/11 1468/23/19 11/22/18
f 1439/30/23 86/31/24 20/32/25 1396/33/26
f 16/34/27 1394/35/27 1451/36/27 102/37/27
f 1449/2863/28 1446/2864/28 1459/2865/28 1460/2866/28
f 1432/42/29 1396/43/26 20/44/25 76/45/29
f 1431/46/30 1439/47/23 1396/48/31 1432/49/32
f 15/25/21 1395/24/20 1397/50/33 19/51/34
f 1471/4/4 24/3/3 28/52/35 1401/53/36
f 6/54/37 1391/55/38 1398/56/39 21/57/40
f 1462/2867/41 1466/2868/42 1476/2869/43 1480/2870/44
f 1434/62/45 1401/63/46 1403/64/47 1435/65/48
f 21/57/40 1398/56/39 1400/66/49 25/67/50
f 1470/68/51 1471/69/4 1401/63/46 1434/62/45
f 1437/70/52 1414/71/52 1405/72/53 1436/73/54
f 1401/53/36 28/52/35 32/74/55 1403/75/56
f 25/67/50 1400/66/49 1406/76/57 37/77/58
f 81/78/59 39/79/59 1407/80/53 1436/73/54
f 1414/81/60 55/82/61 36/83/62 1405/84/62
f 1413/85/63 49/86/64 41/87/64 1409/88/65
f 1402/89/66 29/90/67 37/77/58 1406/76/57
f 33/91/68 1404/92/69 1407/93/70 39/94/68
f 1416/95/71 1402/89/66 1406/76/57 1415/96/72
f 57/97/73 1417/98/74 1409/99/75 41/100/75
f 1419/101/76 1413/85/63 1409/88/65 1417/102/77
f 52/103/78 1412/104/79 1408/105/80 42/106/81
f 29/107/82 1402/108/83 1410/109/84 48/110/85
f 1416/111/86 1404/112/87 1411/113/88 1418/114/89
f 1404/112/87 33/115/90 46/116/90 1411/113/88
f 48/110/85 1410/109/84 1412/104/79 52/103/78
f 1418/117/91 1411/118/92 1423/119/93 1424/120/91
f 1411/118/92 46/121/94 63/122/94 1421/123/95
f 1410/109/84 1418/114/89 1419/101/76 1412/104/79
f 1402/108/83 1416/111/86 1418/114/89 1410/109/84
f 1412/104/79 1419/101/76 1417/102/77 1408/105/80
f 42/124/96 1408/125/96 1417/98/74 57/97/73
f 1404/92/69 1416/95/71 1415/96/72 1407/93/70
f 1403/75/56 32/74/55 55/82/61 1414/81/60
f 1435/65/48 1403/64/47 1414/71/52 1437/70/52
f 1421/126/97 63/127/98 64/128/98 1420/129/99
f 1419/2871/100 1418/2872/100 1424/2873/100 1425/2874/100
f 49/134/101 1413/135/102 1420/136/103 64/137/101
f 1424/2875/104 1423/2876/105 1422/2877/106 1425/2878/104
f 1422/2877/106 1423/2876/105 1427/2879/107 1426/2880/107
f 1421/126/97 1420/129/99 1426/144/108 1427/145/108
f 1411/118/92 1421/123/95 1427/146/109 1423/119/93
f 1413/135/102 1419/147/110 1425/148/110 1422/149/111
f 1420/136/103 1413/135/102 1422/149/111 1426/150/112
f 1406/151/47 1435/65/48 1437/70/52 1415/152/52
f 36/153/59 81/78/59 1436/73/54 1405/72/53
f 1415/152/52 1437/70/52 1436/73/54 1407/80/53
f 1398/154/113 1470/68/51 1434/62/45 1400/155/114
f 1400/155/114 1434/62/45 1435/65/48 1406/151/47
f 1391/156/115 1507/157/116 1428/158/117 1470/68/51 1398/154/113
f 1395/159/20 1431/46/30 1432/49/32 1397/160/33
f 1397/161/33 1432/42/29 76/45/29 19/162/34
f 1468/163/19 1467/164/118 1431/46/30 1395/159/20
f 1399/165/119 1433/166/120 1483/167/121 1484/168/122
f 1473/2881/123 1430/2882/124 1481/2883/125 1477/2884/126
f 12/173/127 1392/174/128 1441/175/129 90/176/130
f 1394/177/131 16/178/132 86/31/24 1439/30/23
f 1392/174/128 1394/177/131 1439/30/23 1441/175/129
f 8/179/133 1389/180/134 1440/21/17 88/20/16
f 1389/180/134 1438/181/135 1441/175/129 1440/21/17
f 1438/181/135 84/182/136 90/176/130 1441/175/129
f 1429/9/8 1440/8/7 1443/183/137 1442/184/138
f 1440/8/7 1441/185/129 1444/186/139 1443/183/137
f 1441/185/129 1467/164/118 1445/187/140 1444/186/139
f 1467/164/118 1429/9/8 1442/184/138 1445/187/140
f 1467/164/118 1441/185/129 1447/188/141 1446/189/142
f 1441/185/129 1439/47/23 1448/190/143 1447/188/141
f 1439/47/23 1431/46/30 1449/191/144 1448/190/143
f 1431/46/30 1467/164/118 1446/189/142 1449/191/144
f 1455/2885/145 1454/2886/145 1457/2887/145 1456/2888/145
f 1452/196/146 99/197/146 100/198/146 1453/199/146
f 1450/200/147 101/201/147 102/202/147 1451/203/147
f 1459/2889/148 1458/2890/148 1461/2891/148 1460/2892/148
f 1447/2893/149 1448/2894/149 1461/2895/149 1458/2896/149
f 1394/2897/150 1392/2898/150 1450/2899/150 1451/2900/150
f 1444/2901/151 1445/2902/151 1456/2903/151 1457/2904/151
f 1448/2905/152 1449/2906/152 1460/2907/152 1461/2908/152
f 1442/2909/153 1443/2910/153 1454/2911/153 1455/2912/153
f 1389/228/154 8/229/154 99/230/154 1452/231/154
f 1446/2913/155 1447/2914/155 1458/2915/155 1459/2916/155
f 1392/236/156 12/237/156 101/238/156 1450/239/156
f 1445/2917/157 1442/2918/157 1455/2919/157 1456/2920/157
f 1438/2921/158 1389/2922/158 1452/2923/158 1453/2924/158
f 1472/2925/159 1464/2926/160 1479/2927/161 1475/2928/162
f 1391/55/38 6/54/37 117/19/15 1463/18/14
f 5/2/2 1390/1/1 1465/11/10 118/10/9
f 1463/2929/163 1508/2930/163 1522/2931/164 1521/2932/165
f 1466/256/166 1462/257/167 1465/258/10 1390/259/1
f 1393/260/168 1430/261/169 1467/164/118 1468/163/19
f 1469/262/170 1393/260/168 1468/163/19 1388/263/11
f 1433/166/120 1399/165/119 1471/69/4 1470/68/51
f 1399/165/119 1466/256/166 1390/259/1 1471/69/4
f 1472/264/171 1433/166/120 1470/68/51 1428/158/117
f 1430/261/169 1473/265/172 1429/9/8 1467/164/118
f 1473/265/172 1464/266/173 1474/5/5 1429/9/8
f 1462/257/167 1469/262/170 1388/263/11 1465/258/10
f 1464/266/173 1472/264/171 1428/158/117 1474/5/5
f 1476/2869/43 1484/2933/122 1494/2934/174 1496/2935/175
f 1479/2936/161 1477/2937/126 1497/2938/176 1489/2939/177
f 1480/2870/44 1476/2869/43 1496/2935/175 1490/2940/178
f 1484/2941/122 1483/2942/121 1493/2943/179 1494/2944/174
f 1464/2926/160 1473/2881/123 1477/2884/126 1479/2927/161
f 1466/2868/42 1399/2945/180 1484/2933/122 1476/2869/43
f 1430/261/169 1393/260/168 1482/280/181 1481/281/182
f 1469/2946/183 1462/2867/41 1480/2870/44 1478/2947/184
f 1433/2948/185 1472/2925/159 1475/2928/162 1483/2949/186
f 1393/2950/187 1469/2946/183 1478/2947/184 1482/2951/188
f 1495/2952/189 1496/2953/175 1494/2954/174 1493/2955/179
f 1498/2956/190 1497/2938/191 1491/2957/192 1492/2958/193
f 1500/2959/194 1487/2960/195 1505/2961/195 1501/2962/194
f 1485/2963/196 1500/2959/194 1501/2962/194 1503/2964/196
f 1481/2965/182 1482/2966/181 1492/2967/193 1491/2968/192
f 1478/2947/184 1480/2870/44 1490/2940/178 1498/2969/197
f 1483/2970/186 1475/2971/162 1495/2952/198 1493/2955/199
f 1482/2951/188 1478/2947/184 1498/2969/197 1492/2972/200
f 1475/2971/162 1479/2936/161 1489/2939/177 1495/2952/198
f 1477/2937/126 1481/2973/125 1491/2957/201 1497/2938/176
f 1485/2974/202 1486/2975/203 1496/2953/175 1495/2952/189
f 1488/2976/204 1487/2977/205 1497/2938/191 1498/2956/190
f 1486/2975/203 1499/2978/206 1490/2979/206 1496/2953/175
f 1487/2977/205 1500/2980/207 1489/2939/207 1497/2938/191
f 1499/2978/206 1488/2976/204 1498/2956/190 1490/2979/206
f 1500/2980/207 1485/2974/202 1495/2952/189 1489/2939/207
f 1502/2981/208 1501/2982/208 1505/2983/209 1506/2984/209
f 1504/2985/210 1503/2986/210 1501/2982/208 1502/2981/208
f 1487/2987/211 1488/2988/211 1506/2989/211 1505/2990/211
f 1488/2991/212 1499/2992/213 1502/2993/213 1506/2994/212
f 1499/2992/213 1486/2995/214 1504/2996/214 1502/2993/213
f 1486/2997/215 1485/2998/215 1503/2999/215 1504/3000/215
f 1428/158/117 1507/157/116 1508/6/6 1474/5/5
f 1512/3001/216 1516/3002/216 1528/3003/216 1526/3004/216
f 1508/3005/217 1507/3006/217 1530/3007/218 1522/3008/219
f 1507/3009/116 1391/3010/115 1529/3011/220 1530/3012/221
f 1391/55/38 1463/18/14 1521/349/222 1529/350/223
f 1524/3013/224 1532/3014/225 1519/3015/226 1520/3016/226
f 1529/350/223 1521/349/222 1523/355/227 1531/356/228
f 1522/3008/219 1530/3007/218 1532/3014/225 1524/3013/224
f 1509/3017/229 1513/3018/229 1535/3019/229 1533/3020/229
f 1519/3021/230 1517/3022/231 1518/3023/232 1520/3024/233
f 1532/3025/234 1531/3026/228 1517/3022/231 1519/3021/230
f 1523/3027/235 1524/3028/236 1520/3024/233 1518/3023/232
f 1531/356/228 1523/355/227 1518/369/232 1517/370/231
f 1512/3029/237 1510/3030/237 1521/2932/165 1522/2931/164
f 1514/3031/237 1516/3032/237 1524/3033/236 1523/3034/235
f 1516/3032/237 1512/3029/237 1522/2931/164 1524/3033/236
f 1510/3030/237 1514/3031/237 1523/3034/235 1521/2932/165
f 1525/3035/237 1526/3036/237 1528/3037/237 1527/3038/237
f 1510/3039/6 1512/3040/6 1526/3041/6 1525/3042/6
f 1514/3043/238 1510/3044/238 1525/3045/238 1527/3046/238
f 1516/3047/239 1514/3048/239 1527/3049/239 1528/3050/239
f 1509/3051/240 1511/3052/240 1530/3012/221 1529/3011/220
f 1515/3053/240 1513/3054/240 1531/3055/228 1532/3056/234
f 1513/3054/240 1509/3051/240 1529/3011/220 1531/3055/228
f 1511/3052/240 1515/3053/240 1532/3056/234 1530/3012/221
f 1534/3057/240 1533/3058/240 1535/3059/240 1536/3060/240
f 1511/3061/241 1509/3062/241 1533/3063/241 1534/3064/241
f 1515/3065/242 1511/3066/242 1534/3067/242 1536/3068/242
f 1513/3069/243 1515/3070/243 1536/3071/243 1535/3072/243
f 1557/3073/244 1558/3074/245 1577/3075/245 1578/3076/244
f 1558/3077/245 1559/3078/246 1579/3079/246 1577/3080/245
f 1559/3078/246 1560/3081/247 1580/3082/247 1579/3079/246
f 1560/3083/247 1561/3084/248 1581/3085/248 1580/3086/247
f 1561/3084/248 1562/3087/249 1582/3088/249 1581/3085/248
f 1562/3087/249 1563/3089/250 1583/3090/250 1582/3088/249
f 1563/3091/250 1564/3092/251 1584/3093/251 1583/3094/250
f 1564/3092/251 1565/3095/252 1585/3096/252 1584/3093/251
f 1550/3097/245 1552/3098/246 1594/3099/246 1593/3100/245
f 1565/3101/252 1566/3102/253 1586/3103/253 1585/3104/252
f 1566/3102/253 1557/3073/244 1578/3076/244 1586/3103/253
f 1553/3105/247 1551/3106/246 1574/3107/246 1575/3108/247
f 1537/3109/254 1539/3110/254 1558/3111/254 1557/3112/254
f 1539/3110/254 1541/3113/254 1559/3114/254 1558/3111/254
f 1541/3113/254 1543/3115/254 1560/3116/254 1559/3114/254
f 1543/3115/254 1545/3117/254 1561/3118/254 1560/3116/254
f 1545/3117/254 1547/3119/254 1562/3120/254 1561/3118/254
f 1547/3119/254 1549/3121/254 1563/3122/254 1562/3120/254
f 1549/3121/254 1551/3123/254 1564/3124/254 1563/3122/254
f 1551/3123/254 1553/3125/254 1565/3126/254 1564/3124/254
f 1553/3125/254 1555/3127/254 1566/3128/254 1565/3126/254
f 1555/3127/254 1537/3109/254 1557/3112/254 1566/3128/254
f 1567/3129/254 1576/3130/254 1575/3131/254 1574/3132/254 1573/3133/254 1572/3134/254 1571/3135/254 1570/3136/254 1569/3137/254 1568/3138/254
f 1547/3139/244 1545/3140/253 1571/3141/253 1572/3142/244
f 1541/3143/251 1539/3144/250 1568/3145/250 1569/3146/251
f 1555/3147/248 1553/3148/247 1575/3149/247 1576/3150/248
f 1549/3151/245 1547/3139/244 1572/3142/244 1573/3152/245
f 1543/3153/252 1541/3143/251 1569/3146/251 1570/3154/252
f 1537/3155/249 1555/3147/248 1576/3150/248 1567/3156/249
f 1551/3106/246 1549/3157/245 1573/3158/245 1574/3107/246
f 1545/3140/253 1543/3159/252 1570/3160/252 1571/3141/253
f 1539/3161/250 1537/3155/249 1567/3156/249 1568/3162/250
f 1540/3163/255 1538/3164/255 1578/3165/255 1577/3166/255
f 1542/3167/255 1540/3163/255 1577/3166/255 1579/3168/255
f 1544/3169/255 1542/3167/255 1579/3168/255 1580/3170/255
f 1546/3171/255 1544/3169/255 1580/3170/255 1581/3172/255
f 1548/3173/255 1546/3171/255 1581/3172/255 1582/3174/255
f 1550/3175/255 1548/3173/255 1582/3174/255 1583/3176/255
f 1552/3177/255 1550/3175/255 1583/3176/255 1584/3178/255
f 1554/3179/255 1552/3177/255 1584/3178/255 1585/3180/255
f 1556/3181/255 1554/3179/255 1585/3180/255 1586/3182/255
f 1538/3164/255 1556/3181/255 1586/3182/255 1578/3165/255
f 1587/3183/255 1589/3184/255 1590/3185/255 1591/3186/255 1592/3187/255 1593/3188/255 1594/3189/255 1595/3190/255 1596/3191/255 1588/3192/255
f 1544/3193/252 1546/3194/253 1591/3195/253 1590/3196/252
f 1538/3197/249 1540/3198/250 1587/3199/250 1588/3200/249
f 1552/3098/246 1554/3201/247 1595/3202/247 1594/3099/246
f 1546/3194/253 1548/3203/244 1592/3204/244 1591/3195/253
f 1540/3205/250 1542/3206/251 1589/3207/251 1587/3208/250
f 1554/3209/247 1556/3210/248 1596/3211/248 1595/3212/247
f 1548/3203/244 1550/3213/245 1593/3214/245 1592/3204/244
f 1542/3206/251 1544/3215/252 1590/3216/252 1589/3207/251
f 1556/3210/248 1538/3197/249 1588/3200/249 1596/3211/248
f 1617/3217/244 1618/3218/245 1637/3219/245 1638/3220/244
f 1618/3221/245 1619/3222/246 1639/3223/246 1637/3224/245
f 1619/3222/246 1620/3225/247 1640/3226/247 1639/3223/246
f 1620/3227/247 1621/3228/248 1641/3229/248 1640/3230/247
f 1621/3228/248 1622/3231/249 1642/3232/249 1641/3229/248
f 1622/3231/249 1623/3233/250 1643/3234/250 1642/3232/249
f 1623/3235/250 1624/3236/251 1644/3237/251 1643/3238/250
f 1624/3236/251 1625/3239/252 1645/3240/252 1644/3237/251
f 1610/3241/245 1612/3242/246 1654/3243/246 1653/3244/245
f 1625/3245/252 1626/3246/253 1646/3247/253 1645/3248/252
f 1626/3246/253 1617/3217/244 1638/3220/244 1646/3247/253
f 1613/3249/247 1611/3250/246 1634/3251/246 1635/3252/247
f 1597/3253/254 1599/3254/254 1618/3255/254 1617/3256/254
f 1599/3254/254 1601/3257/254 1619/3258/254 1618/3255/254
f 1601/3257/254 1603/3259/254 1620/3260/254 1619/3258/254
f 1603/3259/254 1605/3261/254 1621/3262/254 1620/3260/254
f 1605/3261/254 1607/3263/254 1622/3264/254 1621/3262/254
f 1607/3263/254 1609/3265/254 1623/3266/254 1622/3264/254
f 1609/3265/254 1611/3267/254 1624/3268/254 1623/3266/254
f 1611/3267/254 1613/3269/254 1625/3270/254 1624/3268/254
f 1613/3269/254 1615/3271/254 1626/3272/254 1625/3270/254
f 1615/3271/254 1597/3253/254 1617/3256/254 1626/3272/254
f 1627/3273/254 1636/3274/254 1635/3275/254 1634/3276/254 1633/3277/254 1632/3278/254 1631/3279/254 1630/3280/254 1629/3281/254 1628/3282/254
f 1607/3283/244 1605/3284/253 1631/3285/253 1632/3286/244
f 1601/3287/251 1599/3288/250 1628/3289/250 1629/3290/251
f 1615/3291/248 1613/3292/247 1635/3293/247 1636/3294/248
f 1609/3295/245 1607/3283/244 1632/3286/244 1633/3296/245
f 1603/3297/252 1601/3287/251 1629/3290/251 1630/3298/252
f 1597/3299/249 1615/3291/248 1636/3294/248 1627/3300/249
f 1611/3250/246 1609/3301/245 1633/3302/245 1634/3251/246
f 1605/3284/253 1603/3303/252 1630/3304/252 1631/3285/253
f 1599/3305/250 1597/3299/249 1627/3300/249 1628/3306/250
f 1600/3307/255 1598/3308/255 1638/3309/255 1637/3310/255
f 1602/3311/255 1600/3307/255 1637/3310/255 1639/3312/255
f 1604/3313/255 1602/3311/255 1639/3312/255 1640/3314/255
f 1606/3315/255 1604/3313/255 1640/3314/255 1641/3316/255
f 1608/3317/255 1606/3315/255 1641/3316/255 1642/3318/255
f 1610/3319/255 1608/3317/255 1642/3318/255 1643/3320/255
f 1612/3321/255 1610/3319/255 1643/3320/255 1644/3322/255
f 1614/3323/255 1612/3321/255 1644/3322/255 1645/3324/255
f 1616/3325/255 1614/3323/255 1645/3324/255 1646/3326/255
f 1598/3308/255 1616/3325/255 1646/3326/255 1638/3309/255
f 1647/3327/255 1649/3328/255 1650/3329/255 1651/3330/255 1652/3331/255 1653/3332/255 1654/3333/255 1655/3334/255 1656/3335/255 1648/3336/255
f 1604/3337/252 1606/3338/253 1651/3339/253 1650/3340/252
f 1598/3341/249 1600/3342/250 1647/3343/250 1648/3344/249
f 1612/3242/246 1614/3345/247 1655/3346/247 1654/3243/246
f 1606/3338/253 1608/3347/244 1652/3348/244 1651/3339/253
f 1600/3349/250 1602/3350/251 1649/3351/251 1647/3352/250
f 1614/3353/247 1616/3354/248 1656/3355/248 1655/3356/247
f 1608/3347/244 1610/3357/245 1653/3358/245 1652/3348/244
f 1602/3350/251 1604/3359/252 1650/3360/252 1649/3351/251
f 1616/3354/248 1598/3341/249 1648/3344/249 1656/3355/248
f 1659/1/1 5/2/2 24/3/3 1740/4/4
f 1743/5/5 1777/6/6 1732/7/6 1709/8/7 1698/9/8
f 118/10/9 1734/11/10 1657/12/11 7/13/12
f 84/14/13 1707/15/13 1722/16/13 100/17/13
f 1732/18/14 117/19/15 88/20/16 1709/21/17
f 11/22/18 1737/23/19 1664/24/20 15/25/21
f 1712/3361/22 1713/3362/22 1726/3363/22 1723/3364/22
f 7/13/12 1657/12/11 1737/23/19 11/22/18
f 1708/30/23 86/31/24 20/32/25 1665/33/26
f 16/34/27 1663/35/27 1720/36/27 102/37/27
f 1718/3365/28 1715/3366/28 1728/3367/28 1729/3368/28
f 1701/42/29 1665/43/26 20/44/25 76/45/29
f 1700/46/30 1708/47/23 1665/48/31 1701/49/32
f 15/25/21 1664/24/20 1666/50/33 19/51/34
f 1740/4/4 24/3/3 28/52/35 1670/53/36
f 6/54/37 1660/55/38 1667/56/39 21/57/40
f 1731/3369/41 1735/3370/42 1745/3371/43 1749/3372/44
f 1703/62/45 1670/63/46 1672/64/47 1704/65/48
f 21/57/40 1667/56/39 1669/66/49 25/67/50
f 1739/68/51 1740/69/4 1670/63/46 1703/62/45
f 1706/70/52 1683/71/52 1674/72/53 1705/73/54
f 1670/53/36 28/52/35 32/74/55 1672/75/56
f 25/67/50 1669/66/49 1675/76/57 37/77/58
f 81/78/59 39/79/59 1676/80/53 1705/73/54
f 1683/81/60 55/82/61 36/83/62 1674/84/62
f 1682/85/63 49/86/64 41/87/64 1678/88/65
f 1671/89/66 29/90/67 37/77/58 1675/76/57
f 33/91/68 1673/92/69 1676/93/70 39/94/68
f 1685/95/71 1671/89/66 1675/76/57 1684/96/72
f 57/97/73 1686/98/74 1678/99/75 41/100/75
f 1688/101/76 1682/85/63 1678/88/65 1686/102/77
f 52/103/78 1681/104/79 1677/105/80 42/106/81
f 29/107/82 1671/108/83 1679/109/84 48/110/85
f 1685/111/86 1673/112/87 1680/113/88 1687/114/89
f 1673/112/87 33/115/90 46/116/90 1680/113/88
f 48/110/85 1679/109/84 1681/104/79 52/103/78
f 1687/117/91 1680/118/92 1692/119/93 1693/120/91
f 1680/118/92 46/121/94 63/122/94 1690/123/95
f 1679/109/84 1687/114/89 1688/101/76 1681/104/79
f 1671/108/83 1685/111/86 1687/114/89 1679/109/84
f 1681/104/79 1688/101/76 1686/102/77 1677/105/80
f 42/124/96 1677/125/96 1686/98/74 57/97/73
f 1673/92/69 1685/95/71 1684/96/72 1676/93/70
f 1672/75/56 32/74/55 55/82/61 1683/81/60
f 1704/65/48 1672/64/47 1683/71/52 1706/70/52
f 1690/126/97 63/127/98 64/128/98 1689/129/99
f 1688/3373/100 1687/3374/100 1693/3375/100 1694/3376/100
f 49/134/101 1682/135/102 1689/136/103 64/137/101
f 1693/3377/104 1692/3378/105 1691/3379/106 1694/3380/104
f 1691/3379/106 1692/3378/105 1696/3381/107 1695/3382/107
f 1690/126/97 1689/129/99 1695/144/108 1696/145/108
f 1680/118/92 1690/123/95 1696/146/109 1692/119/93
f 1682/135/102 1688/147/110 1694/148/110 1691/149/111
f 1689/136/103 1682/135/102 1691/149/111 1695/150/112
f 1675/151/47 1704/65/48 1706/70/52 1684/152/52
f 36/153/59 81/78/59 1705/73/54 1674/72/53
f 1684/152/52 1706/70/52 1705/73/54 1676/80/53
f 1667/154/113 1739/68/51 1703/62/45 1669/155/114
f 1669/155/114 1703/62/45 1704/65/48 1675/151/47
f 1660/156/115 1776/157/116 1697/158/117 1739/68/51 1667/154/113
f 1664/159/20 1700/46/30 1701/49/32 1666/160/33
f 1666/161/33 1701/42/29 76/45/29 19/162/34
f 1737/163/19 1736/164/118 1700/46/30 1664/159/20
f 1668/165/119 1702/166/120 1752/167/121 1753/168/122
f 1742/3383/123 1699/3384/124 1750/3385/125 1746/3386/126
f 12/173/127 1661/174/128 1710/175/129 90/176/130
f 1663/177/131 16/178/132 86/31/24 1708/30/23
f 1661/174/128 1663/177/131 1708/30/23 1710/175/129
f 8/179/133 1658/180/134 1709/21/17 88/20/16
f 1658/180/134 1707/181/135 1710/175/129 1709/21/17
f 1707/181/135 84/182/136 90/176/130 1710/175/129
f 1698/9/8 1709/8/7 1712/183/137 1711/184/138
f 1709/8/7 1710/185/129 1713/186/139 1712/183/137
f 1710/185/129 1736/164/118 1714/187/140 1713/186/139
f 1736/164/118 1698/9/8 1711/184/138 1714/187/140
f 1736/164/118 1710/185/129 1716/188/141 1715/189/142
f 1710/185/129 1708/47/23 1717/190/143 1716/188/141
f 1708/47/23 1700/46/30 1718/191/144 1717/190/143
f 1700/46/30 1736/164/118 1715/189/142 1718/191/144
f 1724/3387/145 1723/3388/145 1726/3389/145 1725/3390/145
f 1721/196/146 99/197/146 100/198/146 1722/199/146
f 1719/200/147 101/201/147 102/202/147 1720/203/147
f 1728/3391/148 1727/3392/148 1730/3393/148 1729/3394/148
f 1716/3395/149 1717/3396/149 1730/3397/149 1727/3398/149
f 1663/3399/150 1661/3400/150 1719/3401/150 1720/3402/150
f 1713/3403/151 1714/3404/151 1725/3405/151 1726/3406/151
f 1717/3407/152 1718/3408/152 1729/3409/152 1730/3410/152
f 1711/3411/153 1712/3412/153 1723/3413/153 1724/3414/153
f 1658/228/154 8/229/154 99/230/154 1721/231/154
f 1715/3415/155 1716/3416/155 1727/3417/155 1728/3418/155
f 1661/236/156 12/237/156 101/238/156 1719/239/156
f 1714/3419/157 1711/3420/157 1724/3421/157 1725/3422/157
f 1707/3423/158 1658/3424/158 1721/3425/158 1722/3426/158
f 1741/3427/159 1733/3428/160 1748/3429/161 1744/3430/162
f 1660/55/38 6/54/37 117/19/15 1732/18/14
f 5/2/2 1659/1/1 1734/11/10 118/10/9
f 1732/3431/163 1777/3432/163 1791/3433/164 1790/3434/165
f 1735/256/166 1731/257/167 1734/258/10 1659/259/1
f 1662/260/168 1699/261/169 1736/164/118 1737/163/19
f 1738/262/170 1662/260/168 1737/163/19 1657/263/11
f 1702/166/120 1668/165/119 1740/69/4 1739/68/51
f 1668/165/119 1735/256/166 1659/259/1 1740/69/4
f 1741/264/171 1702/166/120 1739/68/51 1697/158/117
f 1699/261/169 1742/265/172 1698/9/8 1736/164/118
f 1742/265/172 1733/266/173 1743/5/5 1698/9/8
f 1731/257/167 1738/262/170 1657/263/11 1734/258/10
f 1733/266/173 1741/264/171 1697/158/117 1743/5/5
f 1745/3371/43 1753/3435/122 1763/3436/174 1765/3437/175
f 1748/3438/161 1746/3439/126 1766/3440/176 1758/3441/177
f 1749/3372/44 1745/3371/43 1765/3437/175 1759/3442/178
f 1753/2942/122 1752/3443/121 1762/3444/179 1763/3445/174
f 1733/3428/160 1742/3383/123 1746/3386/126 1748/3429/161
f 1735/3370/42 1668/3446/180 1753/3435/122 1745/3371/43
f 1699/261/169 1662/260/168 1751/280/181 1750/281/182
f 1738/3447/183 1731/3369/41 1749/3372/44 1747/3448/184
f 1702/3449/185 1741/3427/159 1744/3430/162 1752/3450/186
f 1662/3451/187 1738/3447/183 1747/3448/184 1751/3452/188
f 1764/3453/189 1765/3454/175 1763/3455/174 1762/3456/179
f 1767/3457/190 1766/3440/191 1760/3458/192 1761/3459/193
f 1769/3460/194 1756/3461/195 1774/3462/195 1770/3463/194
f 1754/3464/196 1769/3460/194 1770/3463/194 1772/3465/196
f 1750/3466/182 1751/3467/181 1761/3468/193 1760/3469/192
f 1747/3448/184 1749/3372/44 1759/3442/178 1767/3470/197
f 1752/3471/186 1744/3472/162 1764/3453/198 1762/3456/199
f 1751/3452/188 1747/3448/184 1767/3470/197 1761/3473/200
f 1744/3472/162 1748/3438/161 1758/3441/177 1764/3453/198
f 1746/3439/126 1750/3474/125 1760/3458/201 1766/3440/176
f 1754/3475/202 1755/3476/203 1765/3454/175 1764/3453/189
f 1757/3477/204 1756/3478/205 1766/3440/191 1767/3457/190
f 1755/3476/203 1768/3479/206 1759/3480/206 1765/3454/175
f 1756/3478/205 1769/3481/207 1758/3441/207 1766/3440/191
f 1768/3479/206 1757/3477/204 1767/3457/190 1759/3480/206
f 1769/3481/207 1754/3475/202 1764/3453/189 1758/3441/207
f 1771/3482/208 1770/3483/208 1774/3484/209 1775/3485/209
f 1773/3486/210 1772/3487/210 1770/3483/208 1771/3482/208
f 1756/3488/211 1757/3489/211 1775/3490/211 1774/3491/211
f 1757/3492/212 1768/3493/213 1771/3494/213 1775/3495/212
f 1768/3493/213 1755/3496/214 1773/3497/214 1771/3494/213
f 1755/3498/215 1754/3499/215 1772/3500/215 1773/3501/215
f 1697/158/117 1776/157/116 1777/6/6 1743/5/5
f 1781/3502/216 1785/3503/216 1797/3504/216 1795/3505/216
f 1777/3506/217 1776/3507/217 1799/3508/218 1791/3509/219
f 1776/3510/116 1660/3511/115 1798/3512/220 1799/3513/221
f 1660/55/38 1732/18/14 1790/349/222 1798/350/223
f 1793/3514/224 1801/3515/225 1788/3516/226 1789/3517/226
f 1798/350/223 1790/349/222 1792/355/227 1800/356/228
f 1791/3509/219 1799/3508/218 1801/3515/225 1793/3514/224
f 1778/3518/229 1782/3519/229 1804/3520/229 1802/3521/229
f 1788/3522/230 1786/3523/231 1787/3524/232 1789/3525/233
f 1801/3526/234 1800/3527/228 1786/3523/231 1788/3522/230
f 1792/3528/235 1793/3529/236 1789/3525/233 1787/3524/232
f 1800/356/228 1792/355/227 1787/369/232 1786/370/231
f 1781/3530/237 1779/3531/237 1790/3434/165 1791/3433/164
f 1783/3532/237 1785/3533/237 1793/3534/236 1792/3535/235
f 1785/3533/237 1781/3530/237 1791/3433/164 1793/3534/236
f 1779/3531/237 1783/3532/237 1792/3535/235 1790/3434/165
f 1794/3536/237 1795/3537/237 1797/3538/237 1796/3539/237
f 1779/3540/6 1781/3541/6 1795/3542/6 1794/3543/6
f 1783/3544/238 1779/3545/238 1794/3546/238 1796/3547/238
f 1785/3548/239 1783/3549/239 1796/3550/239 1797/3551/239
f 1778/3552/240 1780/3553/240 1799/3513/221 1798/3512/220
f 1784/3554/240 1782/3555/240 1800/3556/228 1801/3557/234
f 1782/3555/240 1778/3552/240 1798/3512/220 1800/3556/228
f 1780/3553/240 1784/3554/240 1801/3557/234 1799/3513/221
f 1803/3558/240 1802/3559/240 1804/3560/240 1805/3561/240
f 1780/3562/241 1778/3563/241 1802/3564/241 1803/3565/241
f 1784/3566/242 1780/3567/242 1803/3568/242 1805/3569/242
f 1782/3570/243 1784/3571/243 1805/3572/243 1804/3573/243
f 1826/3574/244 1827/3575/245 1846/3576/245 1847/3577/244
f 1827/3578/245 1828/3579/246 1848/3580/246 1846/3581/245
f 1828/3579/246 1829/3582/247 1849/3583/247 1848/3580/246
f 1829/3584/247 1830/3585/248 1850/3586/248 1849/3587/247
f 1830/3585/248 1831/3588/249 1851/3589/249 1850/3586/248
f 1831/3588/249 1832/3590/250 1852/3591/250 1851/3589/249
f 1832/3592/250 1833/3593/251 1853/3594/251 1852/3595/250
f 1833/3593/251 1834/3596/252 1854/3597/252 1853/3594/251
f 1819/3598/245 1821/3599/246 1863/3600/246 1862/3601/245
f 1834/3602/252 1835/3603/253 1855/3604/253 1854/3605/252
f 1835/3603/253 1826/3574/244 1847/3577/244 1855/3604/253
f 1822/3606/247 1820/3607/246 1843/3608/246 1844/3609/247
f 1806/3610/254 1808/3611/254 1827/3612/254 1826/3613/254
f 1808/3611/254 1810/3614/254 1828/3615/254 1827/3612/254
f 1810/3614/254 1812/3616/254 1829/3617/254 1828/3615/254
f 1812/3616/254 1814/3618/254 1830/3619/254 1829/3617/254
f 1814/3618/254 1816/3620/254 1831/3621/254 1830/3619/254
f 1816/3620/254 1818/3622/254 1832/3623/254 1831/3621/254
f 1818/3622/254 1820/3624/254 1833/3625/254 1832/3623/254
f 1820/3624/254 1822/3626/254 1834/3627/254 1833/3625/254
f 1822/3626/254 1824/3628/254 1835/3629/254 1834/3627/254
f 1824/3628/254 1806/3610/254 1826/3613/254 1835/3629/254
f 1836/3630/254 1845/3631/254 1844/3632/254 1843/3633/254 1842/3634/254 1841/3635/254 1840/3636/254 1839/3637/254 1838/3638/254 1837/3639/254
f 1816/3640/244 1814/3641/253 1840/3642/253 1841/3643/244
f 1810/3644/251 1808/3645/250 1837/3646/250 1838/3647/251
f 1824/3648/248 1822/3649/247 1844/3650/247 1845/3651/248
f 1818/3652/245 1816/3640/244 1841/3643/244 1842/3653/245
f 1812/3654/252 1810/3644/251 1838/3647/251 1839/3655/252
f 1806/3656/249 1824/3648/248 1845/3651/248 1836/3657/249
f 1820/3607/246 1818/3658/245 1842/3659/245 1843/3608/246
f 1814/3641/253 1812/3660/252 1839/3661/252 1840/3642/253
f 1808/3662/250 1806/3656/249 1836/3657/249 1837/3663/250
f 1809/3664/255 1807/3665/255 1847/3666/255 1846/3667/255
f 1811/3668/255 1809/3664/255 1846/3667/255 1848/3669/255
f 1813/3670/255 1811/3668/255 1848/3669/255 1849/3671/255
f 1815/3672/255 1813/3670/255 1849/3671/255 1850/3673/255
f 1817/3674/255 1815/3672/255 1850/3673/255 1851/3675/255
f 1819/3676/255 1817/3674/255 1851/3675/255 1852/3677/255
f 1821/3678/255 1819/3676/255 1852/3677/255 1853/3679/255
f 1823/3680/255 1821/3678/255 1853/3679/255 1854/3681/255
f 1825/3682/255 1823/3680/255 1854/3681/255 1855/3683/255
f 1807/3665/255 1825/3682/255 1855/3683/255 1847/3666/255
f 1856/3684/255 1858/3685/255 1859/3686/255 1860/3687/255 1861/3688/255 1862/3689/255 1863/3690/255 1864/3691/255 1865/3692/255 1857/3693/255
f 1813/3694/252 1815/3695/253 1860/3696/253 1859/3697/252
f 1807/3698/249 1809/3699/250 1856/3700/250 1857/3701/249
f 1821/3599/246 1823/3702/247 1864/3703/247 1863/3600/246
f 1815/3695/253 1817/3704/244 1861/3705/244 1860/3696/253
f 1809/3706/250 1811/3707/251 1858/3708/251 1856/3709/250
f 1823/3710/247 1825/3711/248 1865/3712/248 1864/3713/247
f 1817/3704/244 1819/3714/245 1862/3715/245 1861/3705/244
f 1811/3707/251 1813/3716/252 1859/3717/252 1858/3708/251
f 1825/3711/248 1807/3698/249 1857/3701/249 1865/3712/248
f 1886/3718/244 1887/3719/245 1906/3720/245 1907/3721/244
f 1887/3722/245 1888/3723/246 1908/3724/246 1906/3725/245
f 1888/3723/246 1889/3726/247 1909/3727/247 1908/3724/246
f 1889/3728/247 1890/3729/248 1910/3730/248 1909/3731/247
f 1890/3729/248 1891/3732/249 1911/3733/249 1910/3730/248
f 1891/3732/249 1892/3734/250 1912/3735/250 1911/3733/249
f 1892/3736/250 1893/3737/251 1913/3738/251 1912/3739/250
f 1893/3737/251 1894/3740/252 1914/3741/252 1913/3738/251
f 1879/3742/245 1881/3743/246 1923/3744/246 1922/3745/245
f 1894/3746/252 1895/3747/253 1915/3748/253 1914/3749/252
f 1895/3747/253 1886/3718/244 1907/3721/244 1915/3748/253
f 1882/3750/247 1880/3751/246 1903/3752/246 1904/3753/247
f 1866/3754/254 1868/3755/254 1887/3756/254 1886/3757/254
f 1868/3755/254 1870/3758/254 1888/3759/254 1887/3756/254
f 1870/3758/254 1872/3760/254 1889/3761/254 1888/3759/254
f 1872/3760/254 1874/3762/254 1890/3763/254 1889/3761/254
f 1874/3762/254 1876/3764/254 1891/3765/254 1890/3763/254
f 1876/3764/254 1878/3766/254 1892/3767/254 1891/3765/254
f 1878/3766/254 1880/3768/254 1893/3769/254 1892/3767/254
f 1880/3768/254 1882/3770/254 1894/3771/254 1893/3769/254
f 1882/3770/254 1884/3772/254 1895/3773/254 1894/3771/254
f 1884/3772/254 1866/3754/254 1886/3757/254 1895/3773/254
f 1896/3774/254 1905/3775/254 1904/3776/254 1903/3777/254 1902/3778/254 1901/3779/254 1900/3780/254 1899/3781/254 1898/3782/254 1897/3783/254
f 1876/3784/244 1874/3785/253 1900/3786/253 1901/3787/244
f 1870/3788/251 1868/3789/250 1897/3790/250 1898/3791/251
f 1884/3792/248 1882/3793/247 1904/3794/247 1905/3795/248
f 1878/3796/245 1876/3784/244 1901/3787/244 1902/3797/245
f 1872/3798/252 1870/3788/251 1898/3791/251 1899/3799/252
f 1866/3800/249 1884/3792/248 1905/3795/248 1896/3801/249
f 1880/3751/246 1878/3802/245 1902/3803/245 1903/3752/246
f 1874/3785/253 1872/3804/252 1899/3805/252 1900/3786/253
f 1868/3806/250 1866/3800/249 1896/3801/249 1897/3807/250
f 1869/3808/255 1867/3809/255 1907/3810/255 1906/3811/255
f 1871/3812/255 1869/3808/255 1906/3811/255 1908/3813/255
f 1873/3814/255 1871/3812/255 1908/3813/255 1909/3815/255
f 1875/3816/255 1873/3814/255 1909/3815/255 1910/3817/255
f 1877/3818/255 1875/3816/255 1910/3817/255 1911/3819/255
f 1879/3820/255 1877/3818/255 1911/3819/255 1912/3821/255
f 1881/3822/255 1879/3820/255 1912/3821/255 1913/3823/255
f 1883/3824/255 1881/3822/255 1913/3823/255 1914/3825/255
f 1885/3826/255 1883/3824/255 1914/3825/255 1915/3827/255
f 1867/3809/255 1885/3826/255 1915/3827/255 1907/3810/255
f 1916/3828/255 1918/3829/255 1919/3830/255 1920/3831/255 1921/3832/255 1922/3833/255 1923/3834/255 1924/3835/255 1925/3836/255 1917/3837/255
f 1873/3838/252 1875/3839/253 1920/3840/253 1919/3841/252
f 1867/3842/249 1869/3843/250 1916/3844/250 1917/3845/249
f 1881/3743/246 1883/3846/247 1924/3847/247 1923/3744/246
f 1875/3839/253 1877/3848/244 1921/3849/244 1920/3840/253
f 1869/3850/250 1871/3851/251 1918/3852/251 1916/3853/250
f 1883/3854/247 1885/3855/248 1925/3856/248 1924/3857/247
f 1877/3848/244 1879/3858/245 1922/3859/245 1921/3849/244
f 1871/3851/251 1873/3860/252 1919/3861/252 1918/3852/251
f 1885/3855/248 1867/3842/249 1917/3845/249 1925/3856/248
f 1928/703/256 2009/704/257 24/3/258 5/2/259
f 2012/705/260 1967/706/261 1978/707/262 2001/708/263 2046/709/263
f 118/10/264 7/13/265 1926/710/266 2003/711/267
f 84/14/268 100/17/268 1991/712/268 1976/713/268
f 2001/714/269 1978/715/270 88/20/271 117/19/272
f 11/22/273 15/25/274 1933/716/275 2006/717/276
f 1981/3862/277 1992/3863/277 1995/3864/277 1982/3865/277
f 7/13/265 11/22/273 2006/717/276 1926/710/266
f 1977/722/278 1934/723/279 20/32/280 86/31/281
f 16/34/282 102/37/282 1989/724/282 1932/725/282
f 1987/3866/283 1998/3867/283 1997/3868/283 1984/3869/283
f 1970/730/29 76/45/29 20/44/280 1934/731/279
f 1969/732/284 1970/733/285 1934/734/286 1977/735/278
f 15/25/274 19/51/287 1935/736/288 1933/716/275
f 2009/704/257 1939/737/36 28/52/35 24/3/258
f 6/54/289 21/57/290 1936/738/291 1929/739/292
f 2000/3870/293 2018/3871/294 2014/3872/295 2004/3873/296
f 1972/744/297 1973/745/298 1941/746/299 1939/747/300
f 21/57/290 25/67/50 1938/748/49 1936/738/291
f 2008/749/301 1972/744/297 1939/747/300 2009/750/257
f 1975/751/302 1974/752/303 1943/753/304 1952/754/302
f 1939/737/36 1941/755/56 32/74/55 28/52/35
f 25/67/50 37/77/305 1944/756/306 1938/748/49
f 81/757/307 1974/752/303 1945/758/304 39/759/307
f 1952/760/308 1943/761/309 36/83/309 55/82/310
f 1951/762/311 1947/763/312 41/764/313 49/765/313
f 1940/766/314 1944/756/306 37/77/305 29/90/315
f 33/91/316 39/94/316 1945/767/317 1942/768/318
f 1954/769/319 1953/770/320 1944/756/306 1940/766/314
f 57/97/321 41/100/322 1947/771/322 1955/772/323
f 1957/773/324 1955/774/325 1947/763/312 1951/762/311
f 52/775/326 42/776/327 1946/777/328 1950/778/329
f 29/779/330 48/780/331 1948/781/332 1940/782/333
f 1954/783/334 1956/784/335 1949/785/336 1942/786/337
f 1942/786/337 1949/785/336 46/787/338 33/788/338
f 48/780/331 52/775/326 1950/778/329 1948/781/332
f 1956/789/339 1962/790/339 1961/791/340 1949/792/341
f 1949/792/341 1959/793/342 63/122/343 46/121/343
f 1948/781/332 1950/778/329 1957/773/324 1956/784/335
f 1940/782/333 1948/781/332 1956/784/335 1954/783/334
f 1950/778/329 1946/777/328 1955/774/325 1957/773/324
f 42/124/344 57/97/321 1955/772/323 1946/794/344
f 1942/768/318 1945/767/317 1953/770/320 1954/769/319
f 1941/755/56 1952/760/308 55/82/310 32/74/55
f 1973/745/298 1975/751/302 1952/754/302 1941/746/299
f 1959/795/345 1958/796/346 64/128/347 63/127/347
f 1957/3874/348 1963/3875/348 1962/3876/348 1956/3877/348
f 49/134/349 64/137/349 1958/801/350 1951/802/351
f 1962/3878/352 1963/3879/352 1960/3880/353 1961/3881/354
f 1960/3880/353 1964/3882/355 1965/3883/355 1961/3881/354
f 1959/795/345 1965/809/356 1964/810/356 1958/796/346
f 1949/792/341 1961/791/340 1965/811/357 1959/793/342
f 1951/802/351 1960/812/358 1963/813/359 1957/814/359
f 1958/801/350 1964/815/360 1960/812/358 1951/802/351
f 1944/816/299 1953/817/302 1975/751/302 1973/745/298
f 36/818/307 1943/753/304 1974/752/303 81/757/307
f 1953/817/302 1945/758/304 1974/752/303 1975/751/302
f 1936/819/361 1938/820/362 1972/744/297 2008/749/301
f 1938/820/362 1944/816/299 1973/745/298 1972/744/297
f 1929/821/363 1936/819/361 2008/749/301 1966/822/364 2045/823/365
f 1933/824/275 1935/825/288 1970/733/285 1969/732/284
f 1935/826/288 19/162/287 76/45/29 1970/730/29
f 2006/827/276 1933/824/275 1969/732/284 2005/828/366
f 1937/829/367 2022/830/368 2021/831/369 1971/832/370
f 2011/3884/371 2015/3885/372 2019/3886/373 1968/3887/374
f 12/173/375 90/176/376 1979/837/377 1930/838/378
f 1932/839/379 1977/722/278 86/31/281 16/178/380
f 1930/838/378 1979/837/377 1977/722/278 1932/839/379
f 8/179/381 88/20/271 1978/715/270 1927/840/382
f 1927/840/382 1978/715/270 1979/837/377 1976/841/383
f 1976/841/383 1979/837/377 90/176/376 84/182/384
f 1967/706/261 1980/842/385 1981/843/386 1978/707/262
f 1978/707/262 1981/843/386 1982/844/387 1979/845/377
f 1979/845/377 1982/844/387 1983/846/388 2005/828/366
f 2005/828/366 1983/846/388 1980/842/385 1967/706/261
f 2005/828/366 1984/847/389 1985/848/390 1979/845/377
f 1979/845/377 1985/848/390 1986/849/391 1977/735/278
f 1977/735/278 1986/849/391 1987/850/392 1969/732/284
f 1969/732/284 1987/850/392 1984/847/389 2005/828/366
f 1993/3888/393 1994/3889/393 1995/3890/393 1992/3891/393
f 1990/855/394 1991/856/394 100/198/394 99/197/394
f 1988/857/395 1989/858/395 102/202/395 101/201/395
f 1997/3892/396 1998/3893/396 1999/3894/396 1996/3895/396
f 1985/3896/397 1996/3897/397 1999/3898/397 1986/3899/397
f 1932/3900/398 1989/3901/398 1988/3902/398 1930/3903/398
f 1982/3904/399 1995/3404/399 1994/3905/399 1983/3906/399
f 1986/3907/400 1999/3908/400 1998/3909/400 1987/3910/400
f 1980/3911/401 1993/3912/401 1992/3913/401 1981/3914/401
f 1927/883/402 1990/884/402 99/230/402 8/229/402
f 1984/3915/403 1997/3916/403 1996/3917/403 1985/3918/403
f 1930/889/404 1988/890/404 101/238/404 12/237/404
f 1983/3919/405 1994/3920/405 1993/3921/405 1980/3922/405
f 1976/3923/406 1991/3924/406 1990/3925/406 1927/3926/406
f 2010/3927/407 2013/3928/408 2017/3929/409 2002/3930/410
f 1929/739/292 2001/714/269 117/19/272 6/54/289
f 5/2/259 118/10/264 2003/711/267 1928/703/256
f 2001/3931/411 2059/3932/412 2060/3933/413 2046/3934/411
f 2004/907/414 1928/908/256 2003/909/267 2000/910/415
f 1931/911/416 2006/827/276 2005/828/366 1968/912/417
f 2007/913/418 1926/914/266 2006/827/276 1931/911/416
f 1971/832/370 2008/749/301 2009/750/257 1937/829/367
f 1937/829/367 2009/750/257 1928/908/256 2004/907/414
f 2010/915/419 1966/822/364 2008/749/301 1971/832/370
f 1968/912/417 2005/828/366 1967/706/261 2011/916/420
f 2011/916/420 1967/706/261 2012/705/260 2002/917/421
f 2000/910/415 2003/909/267 1926/914/266 2007/913/418
f 2002/917/421 2012/705/260 1966/822/364 2010/915/419
f 2014/3872/295 2034/3935/422 2032/3936/423 2022/3937/368
f 2017/3929/409 2027/3938/424 2035/3939/425 2015/3885/372
f 2018/3871/294 2028/3940/426 2034/3935/422 2014/3872/295
f 2022/3941/368 2032/3942/423 2031/3943/427 2021/3944/369
f 2002/3930/410 2017/3929/409 2015/3885/372 2011/3884/371
f 2004/3873/296 2014/3872/295 2022/3937/368 1937/3945/428
f 1968/912/417 2019/929/429 2020/930/430 1931/911/416
f 2007/3946/431 2016/3947/432 2018/3871/294 2000/3870/293
f 1971/3948/433 2021/3949/434 2013/3928/408 2010/3927/407
f 1931/3950/435 2020/3951/436 2016/3947/432 2007/3946/431
f 2033/3952/437 2031/3953/427 2032/3954/423 2034/3955/422
f 2036/3956/438 2030/3957/439 2029/3958/440 2035/3959/441
f 2038/3960/442 2039/3961/442 2043/3962/443 2025/3963/443
f 2023/3964/444 2041/3965/444 2039/3961/442 2038/3960/442
f 2019/3966/429 2029/3967/440 2030/3968/439 2020/3969/430
f 2016/3947/432 2036/3970/445 2028/3940/426 2018/3871/294
f 2021/3971/434 2031/3953/446 2033/3952/447 2013/3972/408
f 2020/3951/436 2030/3973/448 2036/3970/445 2016/3947/432
f 2013/3928/408 2033/3974/447 2027/3938/424 2017/3929/409
f 2015/3885/372 2035/3939/425 2029/3975/449 2019/3886/373
f 2023/3976/450 2033/3952/437 2034/3955/422 2024/3977/451
f 2026/3978/452 2036/3956/438 2035/3959/441 2025/3979/453
f 2024/3977/451 2034/3955/422 2028/3980/454 2037/3981/454
f 2025/3979/453 2035/3959/441 2027/3982/455 2038/3983/455
f 2037/3981/454 2028/3980/454 2036/3956/438 2026/3978/452
f 2038/3983/455 2027/3982/455 2033/3952/437 2023/3976/450
f 2040/3984/456 2044/3985/457 2043/3986/457 2039/3987/456
f 2042/3988/458 2040/3984/456 2039/3987/456 2041/3989/458
f 2025/3990/459 2043/3991/459 2044/3992/459 2026/3993/459
f 2026/3994/460 2044/3995/460 2040/3996/461 2037/3997/461
f 2037/3997/461 2040/3996/461 2042/3998/462 2024/3999/462
f 2024/4000/463 2042/4001/463 2041/4002/463 2023/4003/463
f 1966/822/364 2012/705/260 2046/709/263 2045/823/365
f 2050/4004/464 2064/4005/464 2066/4006/464 2054/4007/464
f 2046/4008/465 2060/4009/466 2068/4010/467 2045/4011/465
f 2045/4012/365 2068/4013/468 2067/4014/469 1929/4015/363
f 1929/739/292 2067/1001/470 2059/1002/471 2001/714/269
f 2062/4016/472 2058/4017/473 2057/4018/473 2070/4019/474
f 2067/1001/470 2069/1007/475 2061/1008/476 2059/1002/471
f 2060/4009/466 2062/4016/472 2070/4019/474 2068/4010/467
f 2047/4020/477 2071/4021/477 2073/4022/477 2051/4023/477
f 2057/4024/478 2058/4025/479 2056/4026/480 2055/4027/481
f 2070/4028/482 2057/4024/478 2055/4027/481 2069/4029/475
f 2061/4030/483 2056/4026/480 2058/4025/479 2062/4031/484
f 2069/1007/475 2055/1021/481 2056/1022/480 2061/1008/476
f 2050/4032/485 2060/3933/413 2059/3932/412 2048/4033/485
f 2052/4034/485 2061/4035/483 2062/4036/484 2054/4037/485
f 2054/4037/485 2062/4036/484 2060/3933/413 2050/4032/485
f 2048/4033/485 2059/3932/412 2061/4035/483 2052/4034/485
f 2063/4038/485 2065/4039/485 2066/4040/485 2064/4041/485
f 2048/4042/263 2063/4043/263 2064/4044/263 2050/4045/263
f 2052/4046/486 2065/4047/486 2063/4048/486 2048/4049/486
f 2054/4050/487 2066/4051/487 2065/4052/487 2052/4053/487
f 2047/4054/488 2067/4014/469 2068/4013/468 2049/4055/488
f 2053/4056/488 2070/4057/482 2069/4058/475 2051/4059/488
f 2051/4059/488 2069/4058/475 2067/4014/469 2047/4054/488
f 2049/4055/488 2068/4013/468 2070/4057/482 2053/4056/488
f 2072/4060/488 2074/4061/488 2073/4062/488 2071/4063/488
f 2049/4064/489 2072/4065/489 2071/4066/489 2047/4067/489
f 2053/4068/490 2074/4069/490 2072/4070/490 2049/4071/490
f 2051/4072/491 2073/4073/491 2074/4074/491 2053/4075/491
f 2095/4076/492 2116/4077/492 2115/4078/493 2096/4079/493
f 2096/4080/493 2115/4081/493 2117/4082/494 2097/4083/494
f 2097/4083/494 2117/4082/494 2118/4084/495 2098/4085/495
f 2098/4085/495 2118/4084/495 2119/4086/496 2099/4087/496
f 2099/4088/496 2119/4089/496 2120/4090/497 2100/4091/497
f 2100/4091/497 2120/4090/497 2121/4092/498 2101/4093/498
f 2101/4094/498 2121/4095/498 2122/4096/499 2102/4097/499
f 2102/4097/499 2122/4096/499 2123/4098/500 2103/4099/500
f 2088/4100/493 2131/4101/493 2132/4102/494 2090/4103/494
f 2103/4099/500 2123/4098/500 2124/4104/501 2104/4105/501
f 2104/4106/501 2124/4107/501 2116/4077/492 2095/4076/492
f 2091/4108/495 2113/4109/495 2112/4110/494 2089/4111/494
f 2075/4112/254 2095/4113/254 2096/4114/254 2077/4115/254
f 2077/4115/254 2096/4114/254 2097/4116/254 2079/4117/254
f 2079/4117/254 2097/4116/254 2098/4118/254 2081/4119/254
f 2081/4119/254 2098/4118/254 2099/4120/254 2083/4121/254
f 2083/4121/254 2099/4120/254 2100/4122/254 2085/4123/254
f 2085/4123/254 2100/4122/254 2101/4124/254 2087/4125/254
f 2087/4125/254 2101/4124/254 2102/4126/254 2089/4127/254
f 2089/4127/254 2102/4126/254 2103/4128/254 2091/4129/254
f 2091/4129/254 2103/4128/254 2104/4130/254 2093/4131/254
f 2093/4131/254 2104/4130/254 2095/4113/254 2075/4112/254
f 2105/4132/254 2106/4133/254 2107/4134/254 2108/4135/254 2109/4136/254 2110/4137/254 2111/4138/254 2112/4139/254 2113/4140/254 2114/4141/254
f 2085/4142/492 2110/4143/492 2109/4144/501 2083/4145/501
f 2079/4146/499 2107/4147/499 2106/4148/498 2077/4149/498
f 2093/4150/496 2114/4151/496 2113/4109/495 2091/4108/495
f 2087/4152/493 2111/4153/493 2110/4143/492 2085/4142/492
f 2081/4154/500 2108/4155/500 2107/4147/499 2079/4146/499
f 2075/4156/497 2105/4157/497 2114/4158/496 2093/4159/496
f 2089/4111/494 2112/4110/494 2111/4160/493 2087/4161/493
f 2083/4162/501 2109/4163/501 2108/4155/500 2081/4154/500
f 2077/4164/498 2106/4165/498 2105/4157/497 2075/4156/497
f 2078/4166/255 2115/4167/255 2116/4168/255 2076/4169/255
f 2080/4170/255 2117/4171/255 2115/4167/255 2078/4166/255
f 2082/4172/255 2118/4173/255 2117/4171/255 2080/4170/255
f 2084/4174/255 2119/4175/255 2118/4173/255 2082/4172/255
f 2086/4176/255 2120/4177/255 2119/4175/255 2084/4174/255
f 2088/4178/255 2121/4179/255 2120/4177/255 2086/4176/255
f 2090/4180/255 2122/4181/255 2121/4179/255 2088/4178/255
f 2092/4182/255 2123/4183/255 2122/4181/255 2090/4180/255
f 2094/4184/255 2124/4185/255 2123/4183/255 2092/4182/255
f 2076/4169/255 2116/4168/255 2124/4185/255 2094/4184/255
f 2125/4186/255 2126/4187/255 2134/4188/255 2133/4189/255 2132/4190/255 2131/4191/255 2130/4192/255 2129/4193/255 2128/4194/255 2127/4195/255
f 2082/4196/500 2128/4197/500 2129/4198/501 2084/4199/501
f 2076/4200/497 2126/4201/497 2125/4202/498 2078/4203/498
f 2090/4103/494 2132/4102/494 2133/4204/495 2092/4205/495
f 2084/4206/501 2129/4207/501 2130/4208/492 2086/4209/492
f 2078/4210/498 2125/4211/498 2127/4212/499 2080/4213/499
f 2092/4205/495 2133/4204/495 2134/4214/496 2094/4215/496
f 2086/4209/492 2130/4208/492 2131/4216/493 2088/4217/493
f 2080/4213/499 2127/4212/499 2128/4197/500 2082/4196/500
f 2094/4218/496 2134/4219/496 2126/4201/497 2076/4200/497
f 2155/4220/492 2176/4221/492 2175/4222/493 2156/4223/493
f 2156/4224/493 2175/4225/493 2177/4226/494 2157/4227/494
f 2157/4227/494 2177/4226/494 2178/4228/495 2158/4229/495
f 2158/4229/495 2178/4228/495 2179/4230/496 2159/4231/496
f 2159/4232/496 2179/4233/496 2180/4234/497 2160/4235/497
f 2160/4235/497 2180/4234/497 2181/4236/498 2161/4237/498
f 2161/4238/498 2181/4239/498 2182/4240/499 2162/4241/499
f 2162/4241/499 2182/4240/499 2183/4242/500 2163/4243/500
f 2148/4244/493 2191/4245/493 2192/4246/494 2150/4247/494
f 2163/4243/500 2183/4242/500 2184/4248/501 2164/4249/501
f 2164/4250/501 2184/4251/501 2176/4221/492 2155/4220/492
f 2151/4252/495 2173/4253/495 2172/4254/494 2149/4255/494
f 2135/4256/254 2155/4257/254 2156/4258/254 2137/4259/254
f 2137/4259/254 2156/4258/254 2157/4260/254 2139/4261/254
f 2139/4261/254 2157/4260/254 2158/4262/254 2141/4263/254
f 2141/4263/254 2158/4262/254 2159/4264/254 2143/4265/254
f 2143/4265/254 2159/4264/254 2160/4266/254 2145/4267/254
f 2145/4267/254 2160/4266/254 2161/4268/254 2147/4269/254
f 2147/4269/254 2161/4268/254 2162/4270/254 2149/4271/254
f 2149/4271/254 2162/4270/254 2163/4272/254 2151/4273/254
f 2151/4273/254 2163/4272/254 2164/4274/254 2153/4275/254
f 2153/4275/254 2164/4274/254 2155/4257/254 2135/4256/254
f 2165/4276/254 2166/4277/254 2167/4278/254 2168/4279/254 2169/4280/254 2170/4281/254 2171/4282/254 2172/4283/254 2173/4284/254 2174/4285/254
f 2145/4286/492 2170/4287/492 2169/4288/501 2143/4289/501
f 2139/4290/499 2167/4291/499 2166/4292/498 2137/4293/498
f 2153/4294/496 2174/4295/496 2173/4253/495 2151/4252/495
f 2147/4296/493 2171/4297/493 2170/4287/492 2145/4286/492
f 2141/4298/500 2168/4299/500 2167/4291/499 2139/4290/499
f 2135/4300/497 2165/4301/497 2174/4302/496 2153/4303/496
f 2149/4255/494 2172/4254/494 2171/4304/493 2147/4305/493
f 2143/4306/501 2169/4307/501 2168/4299/500 2141/4298/500
f 2137/4308/498 2166/4309/498 2165/4301/497 2135/4300/497
f 2138/4310/255 2175/4311/255 2176/4312/255 2136/4313/255
f 2140/4314/255 2177/4315/255 2175/4311/255 2138/4310/255
f 2142/4316/255 2178/4317/255 2177/4315/255 2140/4314/255
f 2144/4318/255 2179/4319/255 2178/4317/255 2142/4316/255
f 2146/4320/255 2180/4321/255 2179/4319/255 2144/4318/255
f 2148/4322/255 2181/4323/255 2180/4321/255 2146/4320/255
f 2150/4324/255 2182/4325/255 2181/4323/255 2148/4322/255
f 2152/4326/255 2183/4327/255 2182/4325/255 2150/4324/255
f 2154/4328/255 2184/4329/255 2183/4327/255 2152/4326/255
f 2136/4313/255 2176/4312/255 2184/4329/255 2154/4328/255
f 2185/4330/255 2186/4331/255 2194/4332/255 2193/4333/255 2192/4334/255 2191/4335/255 2190/4336/255 2189/4337/255 2188/4338/255 2187/4339/255
f 2142/4340/500 2188/4341/500 2189/4342/501 2144/4343/501
f 2136/4344/497 2186/4345/497 2185/4346/498 2138/4347/498
f 2150/4247/494 2192/4246/494 2193/4348/495 2152/4349/495
f 2144/4350/501 2189/4351/501 2190/4352/492 2146/4353/492
f 2138/4354/498 2185/4355/498 2187/4356/499 2140/4357/499
f 2152/4349/495 2193/4348/495 2194/4358/496 2154/4359/496
f 2146/4353/492 2190/4352/492 2191/4360/493 2148/4361/493
f 2140/4357/499 2187/4356/499 2188/4341/500 2142/4340/500
f 2154/4362/496 2194/4363/496 2186/4345/497 2136/4344/497
