# Blender 5.1.1
# www.blender.org
mtllib trolleo.mtl
o Cylinder
v 8.426658 0.159993 -1.109266
v 8.426658 3.669993 -1.109266
v 8.442984 0.159993 -1.108753
v 8.442984 3.669993 -1.108753
v 8.459245 0.159993 -1.107216
v 8.459245 3.669993 -1.107216
v 8.475377 0.159993 -1.104661
v 8.475377 3.669993 -1.104661
v 8.491317 0.159993 -1.101098
v 8.491317 3.669993 -1.101098
v 8.507002 0.159993 -1.096541
v 8.507002 3.669993 -1.096541
v 8.522370 0.159993 -1.091008
v 8.522370 3.669993 -1.091008
v 8.537360 0.159993 -1.084521
v 8.537360 3.669993 -1.084521
v 8.551913 0.159993 -1.077106
v 8.551913 3.669993 -1.077106
v 8.565972 0.159993 -1.068791
v 8.565972 3.669993 -1.068791
v 8.579482 0.159993 -1.059610
v 8.579482 3.669993 -1.059610
v 8.592388 0.159993 -1.049600
v 8.592388 3.669993 -1.049600
v 8.604640 0.159993 -1.038798
v 8.604640 3.669993 -1.038798
v 8.616190 0.159993 -1.027248
v 8.616190 3.669993 -1.027248
v 8.626991 0.159993 -1.014996
v 8.626991 3.669993 -1.014996
v 8.637002 0.159993 -1.002090
v 8.637002 3.669993 -1.002090
v 8.646183 0.159993 -0.988581
v 8.646183 3.669993 -0.988581
v 8.654497 0.159993 -0.974522
v 8.654497 3.669993 -0.974522
v 8.661913 0.159993 -0.959969
v 8.661913 3.669993 -0.959969
v 8.668400 0.159993 -0.944978
v 8.668400 3.669993 -0.944978
v 8.673932 0.159993 -0.929610
v 8.673932 3.669993 -0.929610
v 8.678490 0.159993 -0.913925
v 8.678490 3.669993 -0.913925
v 8.682053 0.159993 -0.897985
v 8.682053 3.669993 -0.897985
v 8.684608 0.159993 -0.881853
v 8.684608 3.669993 -0.881853
v 8.686145 0.159993 -0.865592
v 8.686145 3.669993 -0.865592
v 8.686658 0.159993 -0.849266
v 8.686658 3.669993 -0.849266
v 8.686145 0.159993 -0.832941
v 8.686145 3.669993 -0.832941
v 8.684608 0.159993 -0.816679
v 8.684608 3.669993 -0.816679
v 8.682053 0.159993 -0.800547
v 8.682053 3.669993 -0.800547
v 8.678490 0.159993 -0.784607
v 8.678490 3.669993 -0.784607
v 8.673932 0.159993 -0.768922
v 8.673932 3.669993 -0.768922
v 8.668400 0.159993 -0.753554
v 8.668400 3.669993 -0.753554
v 8.661913 0.159993 -0.738563
v 8.661913 3.669993 -0.738563
v 8.654497 0.159993 -0.724010
v 8.654497 3.669993 -0.724010
v 8.646183 0.159993 -0.709951
v 8.646183 3.669993 -0.709951
v 8.637002 0.159993 -0.696442
v 8.637002 3.669993 -0.696442
v 8.626991 0.159993 -0.683536
v 8.626991 3.669993 -0.683536
v 8.616190 0.159993 -0.671284
v 8.616190 3.669993 -0.671284
v 8.604640 0.159993 -0.659734
v 8.604640 3.669993 -0.659734
v 8.592388 0.159993 -0.648933
v 8.592388 3.669993 -0.648933
v 8.579482 0.159993 -0.638922
v 8.579482 3.669993 -0.638922
v 8.565972 0.159993 -0.629741
v 8.565972 3.669993 -0.629741
v 8.551913 0.159993 -0.621426
v 8.551913 3.669993 -0.621426
v 8.537360 0.159993 -0.614011
v 8.537360 3.669993 -0.614011
v 8.522370 0.159993 -0.607524
v 8.522370 3.669993 -0.607524
v 8.507002 0.159993 -0.601991
v 8.507002 3.669993 -0.601991
v 8.491317 0.159993 -0.597434
v 8.491317 3.669993 -0.597434
v 8.475377 0.159993 -0.593871
v 8.475377 3.669993 -0.593871
v 8.459245 0.159993 -0.591316
v 8.459245 3.669993 -0.591316
v 8.442984 0.159993 -0.589779
v 8.442984 3.669993 -0.589779
v 8.426658 0.159993 -0.589266
v 8.426658 3.669993 -0.589266
v 8.410332 0.159993 -0.589779
v 8.410332 3.669993 -0.589779
v 8.394071 0.159993 -0.591316
v 8.394071 3.669993 -0.591316
v 8.377938 0.159993 -0.593871
v 8.377938 3.669993 -0.593871
v 8.361999 0.159993 -0.597434
v 8.361999 3.669993 -0.597434
v 8.346313 0.159993 -0.601991
v 8.346313 3.669993 -0.601991
v 8.330945 0.159993 -0.607524
v 8.330945 3.669993 -0.607524
v 8.315955 0.159993 -0.614011
v 8.315955 3.669993 -0.614011
v 8.301402 0.159993 -0.621426
v 8.301402 3.669993 -0.621426
v 8.287343 0.159993 -0.629741
v 8.287343 3.669993 -0.629741
v 8.273833 0.159993 -0.638922
v 8.273833 3.669993 -0.638922
v 8.260927 0.159993 -0.648933
v 8.260927 3.669993 -0.648933
v 8.248675 0.159993 -0.659734
v 8.248675 3.669993 -0.659734
v 8.237125 0.159993 -0.671284
v 8.237125 3.669993 -0.671284
v 8.226324 0.159993 -0.683536
v 8.226324 3.669993 -0.683536
v 8.216313 0.159993 -0.696442
v 8.216313 3.669993 -0.696442
v 8.207132 0.159993 -0.709951
v 8.207132 3.669993 -0.709951
v 8.198818 0.159993 -0.724010
v 8.198818 3.669993 -0.724010
v 8.191402 0.159993 -0.738563
v 8.191402 3.669993 -0.738563
v 8.184916 0.159993 -0.753554
v 8.184916 3.669993 -0.753554
v 8.179383 0.159993 -0.768922
v 8.179383 3.669993 -0.768922
v 8.174826 0.159993 -0.784607
v 8.174826 3.669993 -0.784607
v 8.171263 0.159993 -0.800547
v 8.171263 3.669993 -0.800547
v 8.168708 0.159993 -0.816679
v 8.168708 3.669993 -0.816679
v 8.167171 0.159993 -0.832941
v 8.167171 3.669993 -0.832941
v 8.166657 0.159993 -0.849266
v 8.166657 3.669993 -0.849266
v 8.167171 0.159993 -0.865592
v 8.167171 3.669993 -0.865592
v 8.168708 0.159993 -0.881853
v 8.168708 3.669993 -0.881853
v 8.171263 0.159993 -0.897985
v 8.171263 3.669993 -0.897985
v 8.174826 0.159993 -0.913925
v 8.174826 3.669993 -0.913925
v 8.179383 0.159993 -0.929610
v 8.179383 3.669993 -0.929610
v 8.184916 0.159993 -0.944978
v 8.184916 3.669993 -0.944978
v 8.191402 0.159993 -0.959969
v 8.191402 3.669993 -0.959969
v 8.198818 0.159993 -0.974522
v 8.198818 3.669993 -0.974522
v 8.207132 0.159993 -0.988581
v 8.207132 3.669993 -0.988581
v 8.216313 0.159993 -1.002090
v 8.216313 3.669993 -1.002090
v 8.226324 0.159993 -1.014996
v 8.226324 3.669993 -1.014996
v 8.237125 0.159993 -1.027248
v 8.237125 3.669993 -1.027248
v 8.248675 0.159993 -1.038798
v 8.248675 3.669993 -1.038798
v 8.260927 0.159993 -1.049600
v 8.260927 3.669993 -1.049600
v 8.273833 0.159993 -1.059610
v 8.273833 3.669993 -1.059610
v 8.287343 0.159993 -1.068791
v 8.287343 3.669993 -1.068791
v 8.301402 0.159993 -1.077106
v 8.301402 3.669993 -1.077106
v 8.315955 0.159993 -1.084521
v 8.315955 3.669993 -1.084521
v 8.330945 0.159993 -1.091008
v 8.330945 3.669993 -1.091008
v 8.346313 0.159993 -1.096541
v 8.346313 3.669993 -1.096541
v 8.361999 0.159993 -1.101098
v 8.361999 3.669993 -1.101098
v 8.377938 0.159993 -1.104661
v 8.377938 3.669993 -1.104661
v 8.394071 0.159993 -1.107216
v 8.394071 3.669993 -1.107216
v 8.410332 0.159993 -1.108753
v 8.410332 3.669993 -1.108753
vn 0.0314 -0.0000 -0.9995
vn 0.0941 -0.0000 -0.9956
vn 0.1564 -0.0000 -0.9877
vn 0.2181 -0.0000 -0.9759
vn 0.2790 -0.0000 -0.9603
vn 0.3387 -0.0000 -0.9409
vn 0.3971 -0.0000 -0.9178
vn 0.4540 -0.0000 -0.8910
vn 0.5090 -0.0000 -0.8607
vn 0.5621 -0.0000 -0.8271
vn 0.6129 -0.0000 -0.7902
vn 0.6613 -0.0000 -0.7501
vn 0.7071 -0.0000 -0.7071
vn 0.7501 -0.0000 -0.6613
vn 0.7902 -0.0000 -0.6129
vn 0.8271 -0.0000 -0.5621
vn 0.8607 -0.0000 -0.5090
vn 0.8910 -0.0000 -0.4540
vn 0.9178 -0.0000 -0.3971
vn 0.9409 -0.0000 -0.3387
vn 0.9603 -0.0000 -0.2790
vn 0.9759 -0.0000 -0.2181
vn 0.9877 -0.0000 -0.1564
vn 0.9956 -0.0000 -0.0941
vn 0.9995 -0.0000 -0.0314
vn 0.9995 -0.0000 0.0314
vn 0.9956 -0.0000 0.0941
vn 0.9877 -0.0000 0.1564
vn 0.9759 -0.0000 0.2181
vn 0.9603 -0.0000 0.2790
vn 0.9409 -0.0000 0.3387
vn 0.9178 -0.0000 0.3971
vn 0.8910 -0.0000 0.4540
vn 0.8607 -0.0000 0.5090
vn 0.8271 -0.0000 0.5621
vn 0.7902 -0.0000 0.6129
vn 0.7501 -0.0000 0.6613
vn 0.7071 -0.0000 0.7071
vn 0.6613 -0.0000 0.7501
vn 0.6129 -0.0000 0.7902
vn 0.5621 -0.0000 0.8271
vn 0.5090 -0.0000 0.8607
vn 0.4540 -0.0000 0.8910
vn 0.3971 -0.0000 0.9178
vn 0.3387 -0.0000 0.9409
vn 0.2790 -0.0000 0.9603
vn 0.2181 -0.0000 0.9759
vn 0.1564 -0.0000 0.9877
vn 0.0941 -0.0000 0.9956
vn 0.0314 -0.0000 0.9995
vn -0.0314 -0.0000 0.9995
vn -0.0941 -0.0000 0.9956
vn -0.1564 -0.0000 0.9877
vn -0.2181 -0.0000 0.9759
vn -0.2790 -0.0000 0.9603
vn -0.3387 -0.0000 0.9409
vn -0.3971 -0.0000 0.9178
vn -0.4540 -0.0000 0.8910
vn -0.5090 -0.0000 0.8607
vn -0.5621 -0.0000 0.8271
vn -0.6129 -0.0000 0.7902
vn -0.6613 -0.0000 0.7501
vn -0.7071 -0.0000 0.7071
vn -0.7501 -0.0000 0.6613
vn -0.7902 -0.0000 0.6129
vn -0.8271 -0.0000 0.5621
vn -0.8607 -0.0000 0.5090
vn -0.8910 -0.0000 0.4540
vn -0.9178 -0.0000 0.3971
vn -0.9409 -0.0000 0.3387
vn -0.9603 -0.0000 0.2790
vn -0.9759 -0.0000 0.2181
vn -0.9877 -0.0000 0.1564
vn -0.9956 -0.0000 0.0941
vn -0.9995 -0.0000 0.0314
vn -0.9995 -0.0000 -0.0314
vn -0.9956 -0.0000 -0.0941
vn -0.9877 -0.0000 -0.1564
vn -0.9759 -0.0000 -0.2181
vn -0.9603 -0.0000 -0.2790
vn -0.9409 -0.0000 -0.3387
vn -0.9178 -0.0000 -0.3971
vn -0.8910 -0.0000 -0.4540
vn -0.8607 -0.0000 -0.5090
vn -0.8271 -0.0000 -0.5621
vn -0.7902 -0.0000 -0.6129
vn -0.7501 -0.0000 -0.6613
vn -0.7071 -0.0000 -0.7071
vn -0.6613 -0.0000 -0.7501
vn -0.6129 -0.0000 -0.7902
vn -0.5621 -0.0000 -0.8271
vn -0.5090 -0.0000 -0.8607
vn -0.4540 -0.0000 -0.8910
vn -0.3971 -0.0000 -0.9178
vn -0.3387 -0.0000 -0.9409
vn -0.2790 -0.0000 -0.9603
vn -0.2181 -0.0000 -0.9759
vn -0.1564 -0.0000 -0.9877
vn -0.0000 1.0000 -0.0000
vn -0.0941 -0.0000 -0.9956
vn -0.0314 -0.0000 -0.9995
vn -0.0000 -1.0000 -0.0000
vt 1.000000 0.500000
vt 1.000000 1.000000
vt 0.990000 1.000000
vt 0.990000 0.500000
vt 0.980000 1.000000
vt 0.980000 0.500000
vt 0.970000 1.000000
vt 0.970000 0.500000
vt 0.960000 1.000000
vt 0.960000 0.500000
vt 0.950000 1.000000
vt 0.950000 0.500000
vt 0.940000 1.000000
vt 0.940000 0.500000
vt 0.930000 1.000000
vt 0.930000 0.500000
vt 0.920000 1.000000
vt 0.920000 0.500000
vt 0.910000 1.000000
vt 0.910000 0.500000
vt 0.900000 1.000000
vt 0.900000 0.500000
vt 0.890000 1.000000
vt 0.890000 0.500000
vt 0.880000 1.000000
vt 0.880000 0.500000
vt 0.870000 1.000000
vt 0.870000 0.500000
vt 0.860000 1.000000
vt 0.860000 0.500000
vt 0.850000 1.000000
vt 0.850000 0.500000
vt 0.840000 1.000000
vt 0.840000 0.500000
vt 0.830000 1.000000
vt 0.830000 0.500000
vt 0.820000 1.000000
vt 0.820000 0.500000
vt 0.810000 1.000000
vt 0.810000 0.500000
vt 0.800000 1.000000
vt 0.800000 0.500000
vt 0.790000 1.000000
vt 0.790000 0.500000
vt 0.780000 1.000000
vt 0.780000 0.500000
vt 0.770000 1.000000
vt 0.770000 0.500000
vt 0.760000 1.000000
vt 0.760000 0.500000
vt 0.750000 1.000000
vt 0.750000 0.500000
vt 0.740000 1.000000
vt 0.740000 0.500000
vt 0.730000 1.000000
vt 0.730000 0.500000
vt 0.720000 1.000000
vt 0.720000 0.500000
vt 0.710000 1.000000
vt 0.710000 0.500000
vt 0.700000 1.000000
vt 0.700000 0.500000
vt 0.690000 1.000000
vt 0.690000 0.500000
vt 0.680000 1.000000
vt 0.680000 0.500000
vt 0.670000 1.000000
vt 0.670000 0.500000
vt 0.660000 1.000000
vt 0.660000 0.500000
vt 0.650000 1.000000
vt 0.650000 0.500000
vt 0.640000 1.000000
vt 0.640000 0.500000
vt 0.630000 1.000000
vt 0.630000 0.500000
vt 0.620000 1.000000
vt 0.620000 0.500000
vt 0.610000 1.000000
vt 0.610000 0.500000
vt 0.600000 1.000000
vt 0.600000 0.500000
vt 0.590000 1.000000
vt 0.590000 0.500000
vt 0.580000 1.000000
vt 0.580000 0.500000
vt 0.570000 1.000000
vt 0.570000 0.500000
vt 0.560000 1.000000
vt 0.560000 0.500000
vt 0.550000 1.000000
vt 0.550000 0.500000
vt 0.540000 1.000000
vt 0.540000 0.500000
vt 0.530000 1.000000
vt 0.530000 0.500000
vt 0.520000 1.000000
vt 0.520000 0.500000
vt 0.510000 1.000000
vt 0.510000 0.500000
vt 0.500000 1.000000
vt 0.500000 0.500000
vt 0.490000 1.000000
vt 0.490000 0.500000
vt 0.480000 1.000000
vt 0.480000 0.500000
vt 0.470001 1.000000
vt 0.470001 0.500000
vt 0.460001 1.000000
vt 0.460001 0.500000
vt 0.450001 1.000000
vt 0.450001 0.500000
vt 0.440001 1.000000
vt 0.440001 0.500000
vt 0.430001 1.000000
vt 0.430001 0.500000
vt 0.420001 1.000000
vt 0.420001 0.500000
vt 0.410001 1.000000
vt 0.410001 0.500000
vt 0.400001 1.000000
vt 0.400001 0.500000
vt 0.390001 1.000000
vt 0.390001 0.500000
vt 0.380001 1.000000
vt 0.380001 0.500000
vt 0.370001 1.000000
vt 0.370001 0.500000
vt 0.360001 1.000000
vt 0.360001 0.500000
vt 0.350001 1.000000
vt 0.350001 0.500000
vt 0.340001 1.000000
vt 0.340001 0.500000
vt 0.330001 1.000000
vt 0.330001 0.500000
vt 0.320001 1.000000
vt 0.320001 0.500000
vt 0.310001 1.000000
vt 0.310001 0.500000
vt 0.300001 1.000000
vt 0.300001 0.500000
vt 0.290001 1.000000
vt 0.290001 0.500000
vt 0.280001 1.000000
vt 0.280001 0.500000
vt 0.270001 1.000000
vt 0.270001 0.500000
vt 0.260001 1.000000
vt 0.260001 0.500000
vt 0.250001 1.000000
vt 0.250001 0.500000
vt 0.240001 1.000000
vt 0.240001 0.500000
vt 0.230001 1.000000
vt 0.230001 0.500000
vt 0.220001 1.000000
vt 0.220001 0.500000
vt 0.210001 1.000000
vt 0.210001 0.500000
vt 0.200001 1.000000
vt 0.200001 0.500000
vt 0.190001 1.000000
vt 0.190001 0.500000
vt 0.180001 1.000000
vt 0.180001 0.500000
vt 0.170001 1.000000
vt 0.170001 0.500000
vt 0.160001 1.000000
vt 0.160001 0.500000
vt 0.150001 1.000000
vt 0.150001 0.500000
vt 0.140001 1.000000
vt 0.140001 0.500000
vt 0.130001 1.000000
vt 0.130001 0.500000
vt 0.120001 1.000000
vt 0.120001 0.500000
vt 0.110001 1.000000
vt 0.110001 0.500000
vt 0.100001 1.000000
vt 0.100001 0.500000
vt 0.090001 1.000000
vt 0.090001 0.500000
vt 0.080001 1.000000
vt 0.080001 0.500000
vt 0.070001 1.000000
vt 0.070001 0.500000
vt 0.060001 1.000000
vt 0.060001 0.500000
vt 0.050001 1.000000
vt 0.050001 0.500000
vt 0.040001 1.000000
vt 0.040001 0.500000
vt 0.030001 1.000000
vt 0.030001 0.500000
vt 0.020001 1.000000
vt 0.020001 0.500000
vt 0.265070 0.489526
vt 0.250000 0.490000
vt 0.234930 0.489526
vt 0.219920 0.488108
vt 0.205028 0.485749
vt 0.190314 0.482460
vt 0.175836 0.478254
vt 0.161650 0.473146
vt 0.147813 0.467158
vt 0.134379 0.460314
vt 0.121402 0.452639
vt 0.108932 0.444164
vt 0.097018 0.434923
vt 0.085709 0.424952
vt 0.075048 0.414291
vt 0.065077 0.402982
vt 0.055836 0.391068
vt 0.047361 0.378598
vt 0.039686 0.365621
vt 0.032842 0.352187
vt 0.026854 0.338350
vt 0.021746 0.324164
vt 0.017540 0.309686
vt 0.014251 0.294972
vt 0.011892 0.280080
vt 0.010474 0.265070
vt 0.010000 0.250000
vt 0.010474 0.234930
vt 0.011892 0.219920
vt 0.014251 0.205028
vt 0.017540 0.190314
vt 0.021746 0.175836
vt 0.026854 0.161650
vt 0.032842 0.147813
vt 0.039686 0.134379
vt 0.047361 0.121402
vt 0.055836 0.108932
vt 0.065077 0.097018
vt 0.075048 0.085709
vt 0.085709 0.075048
vt 0.097018 0.065077
vt 0.108932 0.055836
vt 0.121402 0.047361
vt 0.134379 0.039686
vt 0.147813 0.032842
vt 0.161650 0.026854
vt 0.175836 0.021746
vt 0.190314 0.017540
vt 0.205028 0.014251
vt 0.219920 0.011892
vt 0.234930 0.010474
vt 0.250000 0.010000
vt 0.265070 0.010474
vt 0.280080 0.011892
vt 0.294972 0.014251
vt 0.309686 0.017540
vt 0.324164 0.021746
vt 0.338350 0.026854
vt 0.352187 0.032842
vt 0.365621 0.039686
vt 0.378598 0.047361
vt 0.391068 0.055836
vt 0.402982 0.065077
vt 0.414291 0.075048
vt 0.424952 0.085709
vt 0.434923 0.097018
vt 0.444164 0.108932
vt 0.452639 0.121402
vt 0.460314 0.134379
vt 0.467158 0.147813
vt 0.473146 0.161650
vt 0.478254 0.175836
vt 0.482460 0.190314
vt 0.485749 0.205028
vt 0.488108 0.219920
vt 0.489526 0.234930
vt 0.490000 0.250000
vt 0.489526 0.265070
vt 0.488108 0.280080
vt 0.485749 0.294972
vt 0.482460 0.309686
vt 0.478254 0.324164
vt 0.473146 0.338350
vt 0.467158 0.352187
vt 0.460314 0.365621
vt 0.452639 0.378598
vt 0.444164 0.391068
vt 0.434923 0.402982
vt 0.424952 0.414291
vt 0.414291 0.424952
vt 0.402982 0.434923
vt 0.391068 0.444164
vt 0.378598 0.452639
vt 0.365621 0.460314
vt 0.352187 0.467158
vt 0.338350 0.473146
vt 0.324164 0.478254
vt 0.309686 0.482460
vt 0.294972 0.485749
vt 0.280080 0.488108
vt 0.010001 1.000000
vt 0.010001 0.500000
vt 0.000001 1.000000
vt 0.000001 0.500000
vt 0.750000 0.490000
vt 0.765070 0.489526
vt 0.780080 0.488108
vt 0.794972 0.485749
vt 0.809686 0.482460
vt 0.824164 0.478254
vt 0.838350 0.473146
vt 0.852187 0.467158
vt 0.865621 0.460314
vt 0.878598 0.452639
vt 0.891068 0.444164
vt 0.902982 0.434923
vt 0.914291 0.424952
vt 0.924952 0.414291
vt 0.934923 0.402982
vt 0.944164 0.391068
vt 0.952639 0.378598
vt 0.960314 0.365621
vt 0.967158 0.352187
vt 0.973146 0.338350
vt 0.978254 0.324164
vt 0.982460 0.309686
vt 0.985749 0.294972
vt 0.988108 0.280080
vt 0.989526 0.265070
vt 0.990000 0.250000
vt 0.989526 0.234930
vt 0.988108 0.219920
vt 0.985749 0.205028
vt 0.982460 0.190314
vt 0.978254 0.175836
vt 0.973146 0.161650
vt 0.967158 0.147813
vt 0.960314 0.134379
vt 0.952639 0.121402
vt 0.944164 0.108932
vt 0.934923 0.097018
vt 0.924952 0.085709
vt 0.914291 0.075048
vt 0.902982 0.065077
vt 0.891068 0.055836
vt 0.878598 0.047361
vt 0.865621 0.039686
vt 0.852187 0.032842
vt 0.838350 0.026854
vt 0.824164 0.021746
vt 0.809686 0.017540
vt 0.794972 0.014251
vt 0.780080 0.011892
vt 0.765070 0.010474
vt 0.750000 0.010000
vt 0.734930 0.010474
vt 0.719920 0.011892
vt 0.705028 0.014251
vt 0.690314 0.017540
vt 0.675836 0.021746
vt 0.661650 0.026854
vt 0.647813 0.032842
vt 0.634379 0.039686
vt 0.621402 0.047361
vt 0.608932 0.055836
vt 0.597018 0.065077
vt 0.585709 0.075048
vt 0.575048 0.085709
vt 0.565077 0.097018
vt 0.555836 0.108932
vt 0.547361 0.121402
vt 0.539686 0.134379
vt 0.532842 0.147813
vt 0.526854 0.161650
vt 0.521746 0.175836
vt 0.517540 0.190314
vt 0.514251 0.205028
vt 0.511892 0.219920
vt 0.510474 0.234930
vt 0.510000 0.250000
vt 0.510474 0.265070
vt 0.511892 0.280080
vt 0.514251 0.294972
vt 0.517540 0.309686
vt 0.521746 0.324164
vt 0.526854 0.338350
vt 0.532842 0.352187
vt 0.539686 0.365621
vt 0.547361 0.378598
vt 0.555836 0.391068
vt 0.565077 0.402982
vt 0.575048 0.414291
vt 0.585709 0.424952
vt 0.597018 0.434923
vt 0.608932 0.444164
vt 0.621402 0.452639
vt 0.634379 0.460314
vt 0.647813 0.467158
vt 0.661650 0.473146
vt 0.675836 0.478254
vt 0.690314 0.482460
vt 0.705028 0.485749
vt 0.719920 0.488108
vt 0.734930 0.489526
s 0
usemtl Material.002
f 1/1/1 2/2/1 4/3/1 3/4/1
f 3/4/2 4/3/2 6/5/2 5/6/2
f 5/6/3 6/5/3 8/7/3 7/8/3
f 7/8/4 8/7/4 10/9/4 9/10/4
f 9/10/5 10/9/5 12/11/5 11/12/5
f 11/12/6 12/11/6 14/13/6 13/14/6
f 13/14/7 14/13/7 16/15/7 15/16/7
f 15/16/8 16/15/8 18/17/8 17/18/8
f 17/18/9 18/17/9 20/19/9 19/20/9
f 19/20/10 20/19/10 22/21/10 21/22/10
f 21/22/11 22/21/11 24/23/11 23/24/11
f 23/24/12 24/23/12 26/25/12 25/26/12
f 25/26/13 26/25/13 28/27/13 27/28/13
f 27/28/14 28/27/14 30/29/14 29/30/14
f 29/30/15 30/29/15 32/31/15 31/32/15
f 31/32/16 32/31/16 34/33/16 33/34/16
f 33/34/17 34/33/17 36/35/17 35/36/17
f 35/36/18 36/35/18 38/37/18 37/38/18
f 37/38/19 38/37/19 40/39/19 39/40/19
f 39/40/20 40/39/20 42/41/20 41/42/20
f 41/42/21 42/41/21 44/43/21 43/44/21
f 43/44/22 44/43/22 46/45/22 45/46/22
f 45/46/23 46/45/23 48/47/23 47/48/23
f 47/48/24 48/47/24 50/49/24 49/50/24
f 49/50/25 50/49/25 52/51/25 51/52/25
f 51/52/26 52/51/26 54/53/26 53/54/26
f 53/54/27 54/53/27 56/55/27 55/56/27
f 55/56/28 56/55/28 58/57/28 57/58/28
f 57/58/29 58/57/29 60/59/29 59/60/29
f 59/60/30 60/59/30 62/61/30 61/62/30
f 61/62/31 62/61/31 64/63/31 63/64/31
f 63/64/32 64/63/32 66/65/32 65/66/32
f 65/66/33 66/65/33 68/67/33 67/68/33
f 67/68/34 68/67/34 70/69/34 69/70/34
f 69/70/35 70/69/35 72/71/35 71/72/35
f 71/72/36 72/71/36 74/73/36 73/74/36
f 73/74/37 74/73/37 76/75/37 75/76/37
f 75/76/38 76/75/38 78/77/38 77/78/38
f 77/78/39 78/77/39 80/79/39 79/80/39
f 79/80/40 80/79/40 82/81/40 81/82/40
f 81/82/41 82/81/41 84/83/41 83/84/41
f 83/84/42 84/83/42 86/85/42 85/86/42
f 85/86/43 86/85/43 88/87/43 87/88/43
f 87/88/44 88/87/44 90/89/44 89/90/44
f 89/90/45 90/89/45 92/91/45 91/92/45
f 91/92/46 92/91/46 94/93/46 93/94/46
f 93/94/47 94/93/47 96/95/47 95/96/47
f 95/96/48 96/95/48 98/97/48 97/98/48
f 97/98/49 98/97/49 100/99/49 99/100/49
f 99/100/50 100/99/50 102/101/50 101/102/50
f 101/102/51 102/101/51 104/103/51 103/104/51
f 103/104/52 104/103/52 106/105/52 105/106/52
f 105/106/53 106/105/53 108/107/53 107/108/53
f 107/108/54 108/107/54 110/109/54 109/110/54
f 109/110/55 110/109/55 112/111/55 111/112/55
f 111/112/56 112/111/56 114/113/56 113/114/56
f 113/114/57 114/113/57 116/115/57 115/116/57
f 115/116/58 116/115/58 118/117/58 117/118/58
f 117/118/59 118/117/59 120/119/59 119/120/59
f 119/120/60 120/119/60 122/121/60 121/122/60
f 121/122/61 122/121/61 124/123/61 123/124/61
f 123/124/62 124/123/62 126/125/62 125/126/62
f 125/126/63 126/125/63 128/127/63 127/128/63
f 127/128/64 128/127/64 130/129/64 129/130/64
f 129/130/65 130/129/65 132/131/65 131/132/65
f 131/132/66 132/131/66 134/133/66 133/134/66
f 133/134/67 134/133/67 136/135/67 135/136/67
f 135/136/68 136/135/68 138/137/68 137/138/68
f 137/138/69 138/137/69 140/139/69 139/140/69
f 139/140/70 140/139/70 142/141/70 141/142/70
f 141/142/71 142/141/71 144/143/71 143/144/71
f 143/144/72 144/143/72 146/145/72 145/146/72
f 145/146/73 146/145/73 148/147/73 147/148/73
f 147/148/74 148/147/74 150/149/74 149/150/74
f 149/150/75 150/149/75 152/151/75 151/152/75
f 151/152/76 152/151/76 154/153/76 153/154/76
f 153/154/77 154/153/77 156/155/77 155/156/77
f 155/156/78 156/155/78 158/157/78 157/158/78
f 157/158/79 158/157/79 160/159/79 159/160/79
f 159/160/80 160/159/80 162/161/80 161/162/80
f 161/162/81 162/161/81 164/163/81 163/164/81
f 163/164/82 164/163/82 166/165/82 165/166/82
f 165/166/83 166/165/83 168/167/83 167/168/83
f 167/168/84 168/167/84 170/169/84 169/170/84
f 169/170/85 170/169/85 172/171/85 171/172/85
f 171/172/86 172/171/86 174/173/86 173/174/86
f 173/174/87 174/173/87 176/175/87 175/176/87
f 175/176/88 176/175/88 178/177/88 177/178/88
f 177/178/89 178/177/89 180/179/89 179/180/89
f 179/180/90 180/179/90 182/181/90 181/182/90
f 181/182/91 182/181/91 184/183/91 183/184/91
f 183/184/92 184/183/92 186/185/92 185/186/92
f 185/186/93 186/185/93 188/187/93 187/188/93
f 187/188/94 188/187/94 190/189/94 189/190/94
f 189/190/95 190/189/95 192/191/95 191/192/95
f 191/192/96 192/191/96 194/193/96 193/194/96
f 193/194/97 194/193/97 196/195/97 195/196/97
f 195/196/98 196/195/98 198/197/98 197/198/98
f 4/199/99 2/200/99 200/201/99 198/202/99 196/203/99 194/204/99 192/205/99 190/206/99 188/207/99 186/208/99 184/209/99 182/210/99 180/211/99 178/212/99 176/213/99 174/214/99 172/215/99 170/216/99 168/217/99 166/218/99 164/219/99 162/220/99 160/221/99 158/222/99 156/223/99 154/224/99 152/225/99 150/226/99 148/227/99 146/228/99 144/229/99 142/230/99 140/231/99 138/232/99 136/233/99 134/234/99 132/235/99 130/236/99 128/237/99 126/238/99 124/239/99 122/240/99 120/241/99 118/242/99 116/243/99 114/244/99 112/245/99 110/246/99 108/247/99 106/248/99 104/249/99 102/250/99 100/251/99 98/252/99 96/253/99 94/254/99 92/255/99 90/256/99 88/257/99 86/258/99 84/259/99 82/260/99 80/261/99 78/262/99 76/263/99 74/264/99 72/265/99 70/266/99 68/267/99 66/268/99 64/269/99 62/270/99 60/271/99 58/272/99 56/273/99 54/274/99 52/275/99 50/276/99 48/277/99 46/278/99 44/279/99 42/280/99 40/281/99 38/282/99 36/283/99 34/284/99 32/285/99 30/286/99 28/287/99 26/288/99 24/289/99 22/290/99 20/291/99 18/292/99 16/293/99 14/294/99 12/295/99 10/296/99 8/297/99 6/298/99
f 197/198/100 198/197/100 200/299/100 199/300/100
f 199/300/101 200/299/101 2/301/101 1/302/101
f 1/303/102 3/304/102 5/305/102 7/306/102 9/307/102 11/308/102 13/309/102 15/310/102 17/311/102 19/312/102 21/313/102 23/314/102 25/315/102 27/316/102 29/317/102 31/318/102 33/319/102 35/320/102 37/321/102 39/322/102 41/323/102 43/324/102 45/325/102 47/326/102 49/327/102 51/328/102 53/329/102 55/330/102 57/331/102 59/332/102 61/333/102 63/334/102 65/335/102 67/336/102 69/337/102 71/338/102 73/339/102 75/340/102 77/341/102 79/342/102 81/343/102 83/344/102 85/345/102 87/346/102 89/347/102 91/348/102 93/349/102 95/350/102 97/351/102 99/352/102 101/353/102 103/354/102 105/355/102 107/356/102 109/357/102 111/358/102 113/359/102 115/360/102 117/361/102 119/362/102 121/363/102 123/364/102 125/365/102 127/366/102 129/367/102 131/368/102 133/369/102 135/370/102 137/371/102 139/372/102 141/373/102 143/374/102 145/375/102 147/376/102 149/377/102 151/378/102 153/379/102 155/380/102 157/381/102 159/382/102 161/383/102 163/384/102 165/385/102 167/386/102 169/387/102 171/388/102 173/389/102 175/390/102 177/391/102 179/392/102 181/393/102 183/394/102 185/395/102 187/396/102 189/397/102 191/398/102 193/399/102 195/400/102 197/401/102 199/402/102
o Cylinder.001
v 8.426658 0.159993 -6.244266
v 8.426658 3.669993 -6.244266
v 8.442984 0.159993 -6.243752
v 8.442984 3.669993 -6.243752
v 8.459245 0.159993 -6.242215
v 8.459245 3.669993 -6.242215
v 8.475377 0.159993 -6.239660
v 8.475377 3.669993 -6.239660
v 8.491317 0.159993 -6.236097
v 8.491317 3.669993 -6.236097
v 8.507002 0.159993 -6.231540
v 8.507002 3.669993 -6.231540
v 8.522370 0.159993 -6.226007
v 8.522370 3.669993 -6.226007
v 8.537360 0.159993 -6.219521
v 8.537360 3.669993 -6.219521
v 8.551913 0.159993 -6.212105
v 8.551913 3.669993 -6.212105
v 8.565972 0.159993 -6.203791
v 8.565972 3.669993 -6.203791
v 8.579482 0.159993 -6.194610
v 8.579482 3.669993 -6.194610
v 8.592388 0.159993 -6.184599
v 8.592388 3.669993 -6.184599
v 8.604640 0.159993 -6.173797
v 8.604640 3.669993 -6.173797
v 8.616190 0.159993 -6.162248
v 8.616190 3.669993 -6.162248
v 8.626991 0.159993 -6.149996
v 8.626991 3.669993 -6.149996
v 8.637002 0.159993 -6.137090
v 8.637002 3.669993 -6.137090
v 8.646183 0.159993 -6.123580
v 8.646183 3.669993 -6.123580
v 8.654497 0.159993 -6.109521
v 8.654497 3.669993 -6.109521
v 8.661913 0.159993 -6.094968
v 8.661913 3.669993 -6.094968
v 8.668400 0.159993 -6.079978
v 8.668400 3.669993 -6.079978
v 8.673932 0.159993 -6.064610
v 8.673932 3.669993 -6.064610
v 8.678490 0.159993 -6.048925
v 8.678490 3.669993 -6.048925
v 8.682053 0.159993 -6.032984
v 8.682053 3.669993 -6.032984
v 8.684608 0.159993 -6.016852
v 8.684608 3.669993 -6.016852
v 8.686145 0.159993 -6.000591
v 8.686145 3.669993 -6.000591
v 8.686658 0.159993 -5.984265
v 8.686658 3.669993 -5.984265
v 8.686145 0.159993 -5.967940
v 8.686145 3.669993 -5.967940
v 8.684608 0.159993 -5.951679
v 8.684608 3.669993 -5.951679
v 8.682053 0.159993 -5.935546
v 8.682053 3.669993 -5.935546
v 8.678490 0.159993 -5.919606
v 8.678490 3.669993 -5.919606
v 8.673932 0.159993 -5.903921
v 8.673932 3.669993 -5.903921
v 8.668400 0.159993 -5.888553
v 8.668400 3.669993 -5.888553
v 8.661913 0.159993 -5.873563
v 8.661913 3.669993 -5.873563
v 8.654497 0.159993 -5.859009
v 8.654497 3.669993 -5.859009
v 8.646183 0.159993 -5.844950
v 8.646183 3.669993 -5.844950
v 8.637002 0.159993 -5.831441
v 8.637002 3.669993 -5.831441
v 8.626991 0.159993 -5.818535
v 8.626991 3.669993 -5.818535
v 8.616190 0.159993 -5.806283
v 8.616190 3.669993 -5.806283
v 8.604640 0.159993 -5.794734
v 8.604640 3.669993 -5.794734
v 8.592388 0.159993 -5.783932
v 8.592388 3.669993 -5.783932
v 8.579482 0.159993 -5.773921
v 8.579482 3.669993 -5.773921
v 8.565972 0.159993 -5.764740
v 8.565972 3.669993 -5.764740
v 8.551913 0.159993 -5.756425
v 8.551913 3.669993 -5.756425
v 8.537360 0.159993 -5.749010
v 8.537360 3.669993 -5.749010
v 8.522370 0.159993 -5.742524
v 8.522370 3.669993 -5.742524
v 8.507002 0.159993 -5.736990
v 8.507002 3.669993 -5.736990
v 8.491317 0.159993 -5.732434
v 8.491317 3.669993 -5.732434
v 8.475377 0.159993 -5.728871
v 8.475377 3.669993 -5.728871
v 8.459245 0.159993 -5.726315
v 8.459245 3.669993 -5.726315
v 8.442984 0.159993 -5.724778
v 8.442984 3.669993 -5.724778
v 8.426658 0.159993 -5.724265
v 8.426658 3.669993 -5.724265
v 8.410332 0.159993 -5.724778
v 8.410332 3.669993 -5.724778
v 8.394071 0.159993 -5.726315
v 8.394071 3.669993 -5.726315
v 8.377938 0.159993 -5.728871
v 8.377938 3.669993 -5.728871
v 8.361999 0.159993 -5.732434
v 8.361999 3.669993 -5.732434
v 8.346313 0.159993 -5.736990
v 8.346313 3.669993 -5.736990
v 8.330945 0.159993 -5.742524
v 8.330945 3.669993 -5.742524
v 8.315955 0.159993 -5.749010
v 8.315955 3.669993 -5.749010
v 8.301402 0.159993 -5.756425
v 8.301402 3.669993 -5.756425
v 8.287343 0.159993 -5.764740
v 8.287343 3.669993 -5.764740
v 8.273833 0.159993 -5.773921
v 8.273833 3.669993 -5.773921
v 8.260927 0.159993 -5.783932
v 8.260927 3.669993 -5.783932
v 8.248675 0.159993 -5.794734
v 8.248675 3.669993 -5.794734
v 8.237125 0.159993 -5.806283
v 8.237125 3.669993 -5.806283
v 8.226324 0.159993 -5.818535
v 8.226324 3.669993 -5.818535
v 8.216313 0.159993 -5.831441
v 8.216313 3.669993 -5.831441
v 8.207132 0.159993 -5.844950
v 8.207132 3.669993 -5.844950
v 8.198818 0.159993 -5.859009
v 8.198818 3.669993 -5.859009
v 8.191402 0.159993 -5.873563
v 8.191402 3.669993 -5.873563
v 8.184916 0.159993 -5.888553
v 8.184916 3.669993 -5.888553
v 8.179383 0.159993 -5.903921
v 8.179383 3.669993 -5.903921
v 8.174826 0.159993 -5.919606
v 8.174826 3.669993 -5.919606
v 8.171263 0.159993 -5.935546
v 8.171263 3.669993 -5.935546
v 8.168708 0.159993 -5.951679
v 8.168708 3.669993 -5.951679
v 8.167171 0.159993 -5.967940
v 8.167171 3.669993 -5.967940
v 8.166657 0.159993 -5.984265
v 8.166657 3.669993 -5.984265
v 8.167171 0.159993 -6.000591
v 8.167171 3.669993 -6.000591
v 8.168708 0.159993 -6.016852
v 8.168708 3.669993 -6.016852
v 8.171263 0.159993 -6.032984
v 8.171263 3.669993 -6.032984
v 8.174826 0.159993 -6.048925
v 8.174826 3.669993 -6.048925
v 8.179383 0.159993 -6.064610
v 8.179383 3.669993 -6.064610
v 8.184916 0.159993 -6.079978
v 8.184916 3.669993 -6.079978
v 8.191402 0.159993 -6.094968
v 8.191402 3.669993 -6.094968
v 8.198818 0.159993 -6.109521
v 8.198818 3.669993 -6.109521
v 8.207132 0.159993 -6.123580
v 8.207132 3.669993 -6.123580
v 8.216313 0.159993 -6.137090
v 8.216313 3.669993 -6.137090
v 8.226324 0.159993 -6.149996
v 8.226324 3.669993 -6.149996
v 8.237125 0.159993 -6.162248
v 8.237125 3.669993 -6.162248
v 8.248675 0.159993 -6.173797
v 8.248675 3.669993 -6.173797
v 8.260927 0.159993 -6.184599
v 8.260927 3.669993 -6.184599
v 8.273833 0.159993 -6.194610
v 8.273833 3.669993 -6.194610
v 8.287343 0.159993 -6.203791
v 8.287343 3.669993 -6.203791
v 8.301402 0.159993 -6.212105
v 8.301402 3.669993 -6.212105
v 8.315955 0.159993 -6.219521
v 8.315955 3.669993 -6.219521
v 8.330945 0.159993 -6.226007
v 8.330945 3.669993 -6.226007
v 8.346313 0.159993 -6.231540
v 8.346313 3.669993 -6.231540
v 8.361999 0.159993 -6.236097
v 8.361999 3.669993 -6.236097
v 8.377938 0.159993 -6.239660
v 8.377938 3.669993 -6.239660
v 8.394071 0.159993 -6.242215
v 8.394071 3.669993 -6.242215
v 8.410332 0.159993 -6.243752
v 8.410332 3.669993 -6.243752
vn 0.0314 -0.0000 -0.9995
vn 0.0941 -0.0000 -0.9956
vn 0.1564 -0.0000 -0.9877
vn 0.2181 -0.0000 -0.9759
vn 0.2790 -0.0000 -0.9603
vn 0.3387 -0.0000 -0.9409
vn 0.3971 -0.0000 -0.9178
vn 0.4540 -0.0000 -0.8910
vn 0.5090 -0.0000 -0.8607
vn 0.5621 -0.0000 -0.8271
vn 0.6129 -0.0000 -0.7902
vn 0.6613 -0.0000 -0.7501
vn 0.7071 -0.0000 -0.7071
vn 0.7501 -0.0000 -0.6613
vn 0.7902 -0.0000 -0.6129
vn 0.8271 -0.0000 -0.5621
vn 0.8607 -0.0000 -0.5090
vn 0.8910 -0.0000 -0.4540
vn 0.9178 -0.0000 -0.3971
vn 0.9409 -0.0000 -0.3387
vn 0.9603 -0.0000 -0.2790
vn 0.9759 -0.0000 -0.2181
vn 0.9877 -0.0000 -0.1564
vn 0.9956 -0.0000 -0.0941
vn 0.9995 -0.0000 -0.0314
vn 0.9995 -0.0000 0.0314
vn 0.9956 -0.0000 0.0941
vn 0.9877 -0.0000 0.1564
vn 0.9759 -0.0000 0.2181
vn 0.9603 -0.0000 0.2790
vn 0.9409 -0.0000 0.3387
vn 0.9178 -0.0000 0.3971
vn 0.8910 -0.0000 0.4540
vn 0.8607 -0.0000 0.5090
vn 0.8271 -0.0000 0.5621
vn 0.7902 -0.0000 0.6129
vn 0.7501 -0.0000 0.6613
vn 0.7071 -0.0000 0.7071
vn 0.6613 -0.0000 0.7501
vn 0.6129 -0.0000 0.7902
vn 0.5621 -0.0000 0.8271
vn 0.5090 -0.0000 0.8607
vn 0.4540 -0.0000 0.8910
vn 0.3971 -0.0000 0.9178
vn 0.3387 -0.0000 0.9409
vn 0.2790 -0.0000 0.9603
vn 0.2181 -0.0000 0.9759
vn 0.1564 -0.0000 0.9877
vn 0.0941 -0.0000 0.9956
vn 0.0314 -0.0000 0.9995
vn -0.0314 -0.0000 0.9995
vn -0.0941 -0.0000 0.9956
vn -0.1564 -0.0000 0.9877
vn -0.2181 -0.0000 0.9759
vn -0.2790 -0.0000 0.9603
vn -0.3387 -0.0000 0.9409
vn -0.3971 -0.0000 0.9178
vn -0.4540 -0.0000 0.8910
vn -0.5090 -0.0000 0.8607
vn -0.5621 -0.0000 0.8271
vn -0.6129 -0.0000 0.7902
vn -0.6613 -0.0000 0.7501
vn -0.7071 -0.0000 0.7071
vn -0.7501 -0.0000 0.6613
vn -0.7902 -0.0000 0.6129
vn -0.8271 -0.0000 0.5621
vn -0.8607 -0.0000 0.5090
vn -0.8910 -0.0000 0.4540
vn -0.9178 -0.0000 0.3971
vn -0.9409 -0.0000 0.3387
vn -0.9603 -0.0000 0.2790
vn -0.9759 -0.0000 0.2181
vn -0.9877 -0.0000 0.1564
vn -0.9956 -0.0000 0.0941
vn -0.9995 -0.0000 0.0314
vn -0.9995 -0.0000 -0.0314
vn -0.9956 -0.0000 -0.0941
vn -0.9877 -0.0000 -0.1564
vn -0.9759 -0.0000 -0.2181
vn -0.9603 -0.0000 -0.2790
vn -0.9409 -0.0000 -0.3387
vn -0.9178 -0.0000 -0.3971
vn -0.8910 -0.0000 -0.4540
vn -0.8607 -0.0000 -0.5090
vn -0.8271 -0.0000 -0.5621
vn -0.7902 -0.0000 -0.6129
vn -0.7501 -0.0000 -0.6613
vn -0.7071 -0.0000 -0.7071
vn -0.6613 -0.0000 -0.7501
vn -0.6129 -0.0000 -0.7902
vn -0.5621 -0.0000 -0.8271
vn -0.5090 -0.0000 -0.8607
vn -0.4540 -0.0000 -0.8910
vn -0.3971 -0.0000 -0.9178
vn -0.3387 -0.0000 -0.9409
vn -0.2790 -0.0000 -0.9603
vn -0.2181 -0.0000 -0.9759
vn -0.1564 -0.0000 -0.9877
vn -0.0000 1.0000 -0.0000
vn -0.0941 -0.0000 -0.9956
vn -0.0314 -0.0000 -0.9995
vn -0.0000 -1.0000 -0.0000
vt 1.000000 0.500000
vt 1.000000 1.000000
vt 0.990000 1.000000
vt 0.990000 0.500000
vt 0.980000 1.000000
vt 0.980000 0.500000
vt 0.970000 1.000000
vt 0.970000 0.500000
vt 0.960000 1.000000
vt 0.960000 0.500000
vt 0.950000 1.000000
vt 0.950000 0.500000
vt 0.940000 1.000000
vt 0.940000 0.500000
vt 0.930000 1.000000
vt 0.930000 0.500000
vt 0.920000 1.000000
vt 0.920000 0.500000
vt 0.910000 1.000000
vt 0.910000 0.500000
vt 0.900000 1.000000
vt 0.900000 0.500000
vt 0.890000 1.000000
vt 0.890000 0.500000
vt 0.880000 1.000000
vt 0.880000 0.500000
vt 0.870000 1.000000
vt 0.870000 0.500000
vt 0.860000 1.000000
vt 0.860000 0.500000
vt 0.850000 1.000000
vt 0.850000 0.500000
vt 0.840000 1.000000
vt 0.840000 0.500000
vt 0.830000 1.000000
vt 0.830000 0.500000
vt 0.820000 1.000000
vt 0.820000 0.500000
vt 0.810000 1.000000
vt 0.810000 0.500000
vt 0.800000 1.000000
vt 0.800000 0.500000
vt 0.790000 1.000000
vt 0.790000 0.500000
vt 0.780000 1.000000
vt 0.780000 0.500000
vt 0.770000 1.000000
vt 0.770000 0.500000
vt 0.760000 1.000000
vt 0.760000 0.500000
vt 0.750000 1.000000
vt 0.750000 0.500000
vt 0.740000 1.000000
vt 0.740000 0.500000
vt 0.730000 1.000000
vt 0.730000 0.500000
vt 0.720000 1.000000
vt 0.720000 0.500000
vt 0.710000 1.000000
vt 0.710000 0.500000
vt 0.700000 1.000000
vt 0.700000 0.500000
vt 0.690000 1.000000
vt 0.690000 0.500000
vt 0.680000 1.000000
vt 0.680000 0.500000
vt 0.670000 1.000000
vt 0.670000 0.500000
vt 0.660000 1.000000
vt 0.660000 0.500000
vt 0.650000 1.000000
vt 0.650000 0.500000
vt 0.640000 1.000000
vt 0.640000 0.500000
vt 0.630000 1.000000
vt 0.630000 0.500000
vt 0.620000 1.000000
vt 0.620000 0.500000
vt 0.610000 1.000000
vt 0.610000 0.500000
vt 0.600000 1.000000
vt 0.600000 0.500000
vt 0.590000 1.000000
vt 0.590000 0.500000
vt 0.580000 1.000000
vt 0.580000 0.500000
vt 0.570000 1.000000
vt 0.570000 0.500000
vt 0.560000 1.000000
vt 0.560000 0.500000
vt 0.550000 1.000000
vt 0.550000 0.500000
vt 0.540000 1.000000
vt 0.540000 0.500000
vt 0.530000 1.000000
vt 0.530000 0.500000
vt 0.520000 1.000000
vt 0.520000 0.500000
vt 0.510000 1.000000
vt 0.510000 0.500000
vt 0.500000 1.000000
vt 0.500000 0.500000
vt 0.490000 1.000000
vt 0.490000 0.500000
vt 0.480000 1.000000
vt 0.480000 0.500000
vt 0.470001 1.000000
vt 0.470001 0.500000
vt 0.460001 1.000000
vt 0.460001 0.500000
vt 0.450001 1.000000
vt 0.450001 0.500000
vt 0.440001 1.000000
vt 0.440001 0.500000
vt 0.430001 1.000000
vt 0.430001 0.500000
vt 0.420001 1.000000
vt 0.420001 0.500000
vt 0.410001 1.000000
vt 0.410001 0.500000
vt 0.400001 1.000000
vt 0.400001 0.500000
vt 0.390001 1.000000
vt 0.390001 0.500000
vt 0.380001 1.000000
vt 0.380001 0.500000
vt 0.370001 1.000000
vt 0.370001 0.500000
vt 0.360001 1.000000
vt 0.360001 0.500000
vt 0.350001 1.000000
vt 0.350001 0.500000
vt 0.340001 1.000000
vt 0.340001 0.500000
vt 0.330001 1.000000
vt 0.330001 0.500000
vt 0.320001 1.000000
vt 0.320001 0.500000
vt 0.310001 1.000000
vt 0.310001 0.500000
vt 0.300001 1.000000
vt 0.300001 0.500000
vt 0.290001 1.000000
vt 0.290001 0.500000
vt 0.280001 1.000000
vt 0.280001 0.500000
vt 0.270001 1.000000
vt 0.270001 0.500000
vt 0.260001 1.000000
vt 0.260001 0.500000
vt 0.250001 1.000000
vt 0.250001 0.500000
vt 0.240001 1.000000
vt 0.240001 0.500000
vt 0.230001 1.000000
vt 0.230001 0.500000
vt 0.220001 1.000000
vt 0.220001 0.500000
vt 0.210001 1.000000
vt 0.210001 0.500000
vt 0.200001 1.000000
vt 0.200001 0.500000
vt 0.190001 1.000000
vt 0.190001 0.500000
vt 0.180001 1.000000
vt 0.180001 0.500000
vt 0.170001 1.000000
vt 0.170001 0.500000
vt 0.160001 1.000000
vt 0.160001 0.500000
vt 0.150001 1.000000
vt 0.150001 0.500000
vt 0.140001 1.000000
vt 0.140001 0.500000
vt 0.130001 1.000000
vt 0.130001 0.500000
vt 0.120001 1.000000
vt 0.120001 0.500000
vt 0.110001 1.000000
vt 0.110001 0.500000
vt 0.100001 1.000000
vt 0.100001 0.500000
vt 0.090001 1.000000
vt 0.090001 0.500000
vt 0.080001 1.000000
vt 0.080001 0.500000
vt 0.070001 1.000000
vt 0.070001 0.500000
vt 0.060001 1.000000
vt 0.060001 0.500000
vt 0.050001 1.000000
vt 0.050001 0.500000
vt 0.040001 1.000000
vt 0.040001 0.500000
vt 0.030001 1.000000
vt 0.030001 0.500000
vt 0.020001 1.000000
vt 0.020001 0.500000
vt 0.265070 0.489526
vt 0.250000 0.490000
vt 0.234930 0.489526
vt 0.219920 0.488108
vt 0.205028 0.485749
vt 0.190314 0.482460
vt 0.175836 0.478254
vt 0.161650 0.473146
vt 0.147813 0.467158
vt 0.134379 0.460314
vt 0.121402 0.452639
vt 0.108932 0.444164
vt 0.097018 0.434923
vt 0.085709 0.424952
vt 0.075048 0.414291
vt 0.065077 0.402982
vt 0.055836 0.391068
vt 0.047361 0.378598
vt 0.039686 0.365621
vt 0.032842 0.352187
vt 0.026854 0.338350
vt 0.021746 0.324164
vt 0.017540 0.309686
vt 0.014251 0.294972
vt 0.011892 0.280080
vt 0.010474 0.265070
vt 0.010000 0.250000
vt 0.010474 0.234930
vt 0.011892 0.219920
vt 0.014251 0.205028
vt 0.017540 0.190314
vt 0.021746 0.175836
vt 0.026854 0.161650
vt 0.032842 0.147813
vt 0.039686 0.134379
vt 0.047361 0.121402
vt 0.055836 0.108932
vt 0.065077 0.097018
vt 0.075048 0.085709
vt 0.085709 0.075048
vt 0.097018 0.065077
vt 0.108932 0.055836
vt 0.121402 0.047361
vt 0.134379 0.039686
vt 0.147813 0.032842
vt 0.161650 0.026854
vt 0.175836 0.021746
vt 0.190314 0.017540
vt 0.205028 0.014251
vt 0.219920 0.011892
vt 0.234930 0.010474
vt 0.250000 0.010000
vt 0.265070 0.010474
vt 0.280080 0.011892
vt 0.294972 0.014251
vt 0.309686 0.017540
vt 0.324164 0.021746
vt 0.338350 0.026854
vt 0.352187 0.032842
vt 0.365621 0.039686
vt 0.378598 0.047361
vt 0.391068 0.055836
vt 0.402982 0.065077
vt 0.414291 0.075048
vt 0.424952 0.085709
vt 0.434923 0.097018
vt 0.444164 0.108932
vt 0.452639 0.121402
vt 0.460314 0.134379
vt 0.467158 0.147813
vt 0.473146 0.161650
vt 0.478254 0.175836
vt 0.482460 0.190314
vt 0.485749 0.205028
vt 0.488108 0.219920
vt 0.489526 0.234930
vt 0.490000 0.250000
vt 0.489526 0.265070
vt 0.488108 0.280080
vt 0.485749 0.294972
vt 0.482460 0.309686
vt 0.478254 0.324164
vt 0.473146 0.338350
vt 0.467158 0.352187
vt 0.460314 0.365621
vt 0.452639 0.378598
vt 0.444164 0.391068
vt 0.434923 0.402982
vt 0.424952 0.414291
vt 0.414291 0.424952
vt 0.402982 0.434923
vt 0.391068 0.444164
vt 0.378598 0.452639
vt 0.365621 0.460314
vt 0.352187 0.467158
vt 0.338350 0.473146
vt 0.324164 0.478254
vt 0.309686 0.482460
vt 0.294972 0.485749
vt 0.280080 0.488108
vt 0.010001 1.000000
vt 0.010001 0.500000
vt 0.000001 1.000000
vt 0.000001 0.500000
vt 0.750000 0.490000
vt 0.765070 0.489526
vt 0.780080 0.488108
vt 0.794972 0.485749
vt 0.809686 0.482460
vt 0.824164 0.478254
vt 0.838350 0.473146
vt 0.852187 0.467158
vt 0.865621 0.460314
vt 0.878598 0.452639
vt 0.891068 0.444164
vt 0.902982 0.434923
vt 0.914291 0.424952
vt 0.924952 0.414291
vt 0.934923 0.402982
vt 0.944164 0.391068
vt 0.952639 0.378598
vt 0.960314 0.365621
vt 0.967158 0.352187
vt 0.973146 0.338350
vt 0.978254 0.324164
vt 0.982460 0.309686
vt 0.985749 0.294972
vt 0.988108 0.280080
vt 0.989526 0.265070
vt 0.990000 0.250000
vt 0.989526 0.234930
vt 0.988108 0.219920
vt 0.985749 0.205028
vt 0.982460 0.190314
vt 0.978254 0.175836
vt 0.973146 0.161650
vt 0.967158 0.147813
vt 0.960314 0.134379
vt 0.952639 0.121402
vt 0.944164 0.108932
vt 0.934923 0.097018
vt 0.924952 0.085709
vt 0.914291 0.075048
vt 0.902982 0.065077
vt 0.891068 0.055836
vt 0.878598 0.047361
vt 0.865621 0.039686
vt 0.852187 0.032842
vt 0.838350 0.026854
vt 0.824164 0.021746
vt 0.809686 0.017540
vt 0.794972 0.014251
vt 0.780080 0.011892
vt 0.765070 0.010474
vt 0.750000 0.010000
vt 0.734930 0.010474
vt 0.719920 0.011892
vt 0.705028 0.014251
vt 0.690314 0.017540
vt 0.675836 0.021746
vt 0.661650 0.026854
vt 0.647813 0.032842
vt 0.634379 0.039686
vt 0.621402 0.047361
vt 0.608932 0.055836
vt 0.597018 0.065077
vt 0.585709 0.075048
vt 0.575048 0.085709
vt 0.565077 0.097018
vt 0.555836 0.108932
vt 0.547361 0.121402
vt 0.539686 0.134379
vt 0.532842 0.147813
vt 0.526854 0.161650
vt 0.521746 0.175836
vt 0.517540 0.190314
vt 0.514251 0.205028
vt 0.511892 0.219920
vt 0.510474 0.234930
vt 0.510000 0.250000
vt 0.510474 0.265070
vt 0.511892 0.280080
vt 0.514251 0.294972
vt 0.517540 0.309686
vt 0.521746 0.324164
vt 0.526854 0.338350
vt 0.532842 0.352187
vt 0.539686 0.365621
vt 0.547361 0.378598
vt 0.555836 0.391068
vt 0.565077 0.402982
vt 0.575048 0.414291
vt 0.585709 0.424952
vt 0.597018 0.434923
vt 0.608932 0.444164
vt 0.621402 0.452639
vt 0.634379 0.460314
vt 0.647813 0.467158
vt 0.661650 0.473146
vt 0.675836 0.478254
vt 0.690314 0.482460
vt 0.705028 0.485749
vt 0.719920 0.488108
vt 0.734930 0.489526
s 0
usemtl Material.001
f 201/403/103 202/404/103 204/405/103 203/406/103
f 203/406/104 204/405/104 206/407/104 205/408/104
f 205/408/105 206/407/105 208/409/105 207/410/105
f 207/410/106 208/409/106 210/411/106 209/412/106
f 209/412/107 210/411/107 212/413/107 211/414/107
f 211/414/108 212/413/108 214/415/108 213/416/108
f 213/416/109 214/415/109 216/417/109 215/418/109
f 215/418/110 216/417/110 218/419/110 217/420/110
f 217/420/111 218/419/111 220/421/111 219/422/111
f 219/422/112 220/421/112 222/423/112 221/424/112
f 221/424/113 222/423/113 224/425/113 223/426/113
f 223/426/114 224/425/114 226/427/114 225/428/114
f 225/428/115 226/427/115 228/429/115 227/430/115
f 227/430/116 228/429/116 230/431/116 229/432/116
f 229/432/117 230/431/117 232/433/117 231/434/117
f 231/434/118 232/433/118 234/435/118 233/436/118
f 233/436/119 234/435/119 236/437/119 235/438/119
f 235/438/120 236/437/120 238/439/120 237/440/120
f 237/440/121 238/439/121 240/441/121 239/442/121
f 239/442/122 240/441/122 242/443/122 241/444/122
f 241/444/123 242/443/123 244/445/123 243/446/123
f 243/446/124 244/445/124 246/447/124 245/448/124
f 245/448/125 246/447/125 248/449/125 247/450/125
f 247/450/126 248/449/126 250/451/126 249/452/126
f 249/452/127 250/451/127 252/453/127 251/454/127
f 251/454/128 252/453/128 254/455/128 253/456/128
f 253/456/129 254/455/129 256/457/129 255/458/129
f 255/458/130 256/457/130 258/459/130 257/460/130
f 257/460/131 258/459/131 260/461/131 259/462/131
f 259/462/132 260/461/132 262/463/132 261/464/132
f 261/464/133 262/463/133 264/465/133 263/466/133
f 263/466/134 264/465/134 266/467/134 265/468/134
f 265/468/135 266/467/135 268/469/135 267/470/135
f 267/470/136 268/469/136 270/471/136 269/472/136
f 269/472/137 270/471/137 272/473/137 271/474/137
f 271/474/138 272/473/138 274/475/138 273/476/138
f 273/476/139 274/475/139 276/477/139 275/478/139
f 275/478/140 276/477/140 278/479/140 277/480/140
f 277/480/141 278/479/141 280/481/141 279/482/141
f 279/482/142 280/481/142 282/483/142 281/484/142
f 281/484/143 282/483/143 284/485/143 283/486/143
f 283/486/144 284/485/144 286/487/144 285/488/144
f 285/488/145 286/487/145 288/489/145 287/490/145
f 287/490/146 288/489/146 290/491/146 289/492/146
f 289/492/147 290/491/147 292/493/147 291/494/147
f 291/494/148 292/493/148 294/495/148 293/496/148
f 293/496/149 294/495/149 296/497/149 295/498/149
f 295/498/150 296/497/150 298/499/150 297/500/150
f 297/500/151 298/499/151 300/501/151 299/502/151
f 299/502/152 300/501/152 302/503/152 301/504/152
f 301/504/153 302/503/153 304/505/153 303/506/153
f 303/506/154 304/505/154 306/507/154 305/508/154
f 305/508/155 306/507/155 308/509/155 307/510/155
f 307/510/156 308/509/156 310/511/156 309/512/156
f 309/512/157 310/511/157 312/513/157 311/514/157
f 311/514/158 312/513/158 314/515/158 313/516/158
f 313/516/159 314/515/159 316/517/159 315/518/159
f 315/518/160 316/517/160 318/519/160 317/520/160
f 317/520/161 318/519/161 320/521/161 319/522/161
f 319/522/162 320/521/162 322/523/162 321/524/162
f 321/524/163 322/523/163 324/525/163 323/526/163
f 323/526/164 324/525/164 326/527/164 325/528/164
f 325/528/165 326/527/165 328/529/165 327/530/165
f 327/530/166 328/529/166 330/531/166 329/532/166
f 329/532/167 330/531/167 332/533/167 331/534/167
f 331/534/168 332/533/168 334/535/168 333/536/168
f 333/536/169 334/535/169 336/537/169 335/538/169
f 335/538/170 336/537/170 338/539/170 337/540/170
f 337/540/171 338/539/171 340/541/171 339/542/171
f 339/542/172 340/541/172 342/543/172 341/544/172
f 341/544/173 342/543/173 344/545/173 343/546/173
f 343/546/174 344/545/174 346/547/174 345/548/174
f 345/548/175 346/547/175 348/549/175 347/550/175
f 347/550/176 348/549/176 350/551/176 349/552/176
f 349/552/177 350/551/177 352/553/177 351/554/177
f 351/554/178 352/553/178 354/555/178 353/556/178
f 353/556/179 354/555/179 356/557/179 355/558/179
f 355/558/180 356/557/180 358/559/180 357/560/180
f 357/560/181 358/559/181 360/561/181 359/562/181
f 359/562/182 360/561/182 362/563/182 361/564/182
f 361/564/183 362/563/183 364/565/183 363/566/183
f 363/566/184 364/565/184 366/567/184 365/568/184
f 365/568/185 366/567/185 368/569/185 367/570/185
f 367/570/186 368/569/186 370/571/186 369/572/186
f 369/572/187 370/571/187 372/573/187 371/574/187
f 371/574/188 372/573/188 374/575/188 373/576/188
f 373/576/189 374/575/189 376/577/189 375/578/189
f 375/578/190 376/577/190 378/579/190 377/580/190
f 377/580/191 378/579/191 380/581/191 379/582/191
f 379/582/192 380/581/192 382/583/192 381/584/192
f 381/584/193 382/583/193 384/585/193 383/586/193
f 383/586/194 384/585/194 386/587/194 385/588/194
f 385/588/195 386/587/195 388/589/195 387/590/195
f 387/590/196 388/589/196 390/591/196 389/592/196
f 389/592/197 390/591/197 392/593/197 391/594/197
f 391/594/198 392/593/198 394/595/198 393/596/198
f 393/596/199 394/595/199 396/597/199 395/598/199
f 395/598/200 396/597/200 398/599/200 397/600/200
f 204/601/201 202/602/201 400/603/201 398/604/201 396/605/201 394/606/201 392/607/201 390/608/201 388/609/201 386/610/201 384/611/201 382/612/201 380/613/201 378/614/201 376/615/201 374/616/201 372/617/201 370/618/201 368/619/201 366/620/201 364/621/201 362/622/201 360/623/201 358/624/201 356/625/201 354/626/201 352/627/201 350/628/201 348/629/201 346/630/201 344/631/201 342/632/201 340/633/201 338/634/201 336/635/201 334/636/201 332/637/201 330/638/201 328/639/201 326/640/201 324/641/201 322/642/201 320/643/201 318/644/201 316/645/201 314/646/201 312/647/201 310/648/201 308/649/201 306/650/201 304/651/201 302/652/201 300/653/201 298/654/201 296/655/201 294/656/201 292/657/201 290/658/201 288/659/201 286/660/201 284/661/201 282/662/201 280/663/201 278/664/201 276/665/201 274/666/201 272/667/201 270/668/201 268/669/201 266/670/201 264/671/201 262/672/201 260/673/201 258/674/201 256/675/201 254/676/201 252/677/201 250/678/201 248/679/201 246/680/201 244/681/201 242/682/201 240/683/201 238/684/201 236/685/201 234/686/201 232/687/201 230/688/201 228/689/201 226/690/201 224/691/201 222/692/201 220/693/201 218/694/201 216/695/201 214/696/201 212/697/201 210/698/201 208/699/201 206/700/201
f 397/600/202 398/599/202 400/701/202 399/702/202
f 399/702/203 400/701/203 202/703/203 201/704/203
f 201/705/204 203/706/204 205/707/204 207/708/204 209/709/204 211/710/204 213/711/204 215/712/204 217/713/204 219/714/204 221/715/204 223/716/204 225/717/204 227/718/204 229/719/204 231/720/204 233/721/204 235/722/204 237/723/204 239/724/204 241/725/204 243/726/204 245/727/204 247/728/204 249/729/204 251/730/204 253/731/204 255/732/204 257/733/204 259/734/204 261/735/204 263/736/204 265/737/204 267/738/204 269/739/204 271/740/204 273/741/204 275/742/204 277/743/204 279/744/204 281/745/204 283/746/204 285/747/204 287/748/204 289/749/204 291/750/204 293/751/204 295/752/204 297/753/204 299/754/204 301/755/204 303/756/204 305/757/204 307/758/204 309/759/204 311/760/204 313/761/204 315/762/204 317/763/204 319/764/204 321/765/204 323/766/204 325/767/204 327/768/204 329/769/204 331/770/204 333/771/204 335/772/204 337/773/204 339/774/204 341/775/204 343/776/204 345/777/204 347/778/204 349/779/204 351/780/204 353/781/204 355/782/204 357/783/204 359/784/204 361/785/204 363/786/204 365/787/204 367/788/204 369/789/204 371/790/204 373/791/204 375/792/204 377/793/204 379/794/204 381/795/204 383/796/204 385/797/204 387/798/204 389/799/204 391/800/204 393/801/204 395/802/204 397/803/204 399/804/204
o Cylinder.002
v -3.878342 0.159993 -1.099266
v -3.878342 3.669993 -1.099266
v -3.848517 0.159993 -1.098773
v -3.831987 3.669993 -1.098773
v -3.818809 0.159993 -1.097295
v -3.785815 3.669993 -1.097295
v -3.789336 0.159993 -1.094838
v -3.740008 3.669993 -1.094838
v -3.760215 0.159993 -1.091412
v -3.694747 3.669993 -1.091412
v -3.731559 0.159993 -1.087030
v -3.650210 3.669993 -1.087030
v -3.703483 0.159993 -1.081710
v -3.606574 3.669993 -1.081710
v -3.676097 0.159993 -1.075473
v -3.564011 3.669993 -1.075473
v -3.649509 0.159993 -1.068343
v -3.522687 3.669993 -1.068343
v -3.623824 0.159993 -1.060348
v -3.482768 3.669993 -1.060348
v -3.599144 0.159993 -1.051520
v -3.444410 3.669993 -1.051520
v -3.575566 0.159993 -1.041894
v -3.407764 3.669993 -1.041894
v -3.553182 0.159993 -1.031508
v -3.372975 3.669993 -1.031508
v -3.532082 0.159993 -1.020403
v -3.340181 3.669993 -1.020403
v -3.512348 0.159993 -1.008622
v -3.309511 3.669993 -1.008622
v -3.494059 0.159993 -0.996212
v -3.281085 3.669993 -0.996212
v -3.477286 0.159993 -0.983223
v -3.255017 3.669993 -0.983223
v -3.462096 0.159993 -0.969705
v -3.231409 3.669993 -0.969705
v -3.448549 0.159993 -0.955711
v -3.210354 3.669993 -0.955711
v -3.436698 0.159993 -0.941297
v -3.191935 3.669993 -0.941297
v -3.426590 0.159993 -0.926520
v -3.176225 3.669993 -0.926520
v -3.418265 0.159993 -0.911439
v -3.163286 3.669993 -0.911439
v -3.411756 0.159993 -0.896111
v -3.153169 3.669993 -0.896111
v -3.407088 0.159993 -0.880599
v -3.145913 3.669993 -0.880599
v -3.404279 0.159993 -0.864964
v -3.141549 3.669993 -0.864964
v -3.403342 0.159993 -0.849266
v -3.140092 3.669993 -0.849266
v -3.404279 0.159993 -0.833568
v -3.141549 3.669993 -0.833568
v -3.407088 0.159993 -0.817933
v -3.145913 3.669993 -0.817933
v -3.411756 0.159993 -0.802421
v -3.153169 3.669993 -0.802421
v -3.418265 0.159993 -0.787094
v -3.163286 3.669993 -0.787094
v -3.426590 0.159993 -0.772012
v -3.176225 3.669993 -0.772012
v -3.436698 0.159993 -0.757235
v -3.191935 3.669993 -0.757235
v -3.448549 0.159993 -0.742821
v -3.210354 3.669993 -0.742821
v -3.462096 0.159993 -0.728828
v -3.231409 3.669993 -0.728828
v -3.477286 0.159993 -0.715309
v -3.255017 3.669993 -0.715309
v -3.494059 0.159993 -0.702320
v -3.281085 3.669993 -0.702320
v -3.512348 0.159993 -0.689910
v -3.309511 3.669993 -0.689910
v -3.532082 0.159993 -0.678129
v -3.340181 3.669993 -0.678129
v -3.553182 0.159993 -0.667024
v -3.372975 3.669993 -0.667024
v -3.575566 0.159993 -0.656638
v -3.407764 3.669993 -0.656638
v -3.599144 0.159993 -0.647012
v -3.444410 3.669993 -0.647012
v -3.623824 0.159993 -0.638184
v -3.482768 3.669993 -0.638184
v -3.649509 0.159993 -0.630189
v -3.522687 3.669993 -0.630189
v -3.676097 0.159993 -0.623059
v -3.564011 3.669993 -0.623059
v -3.703483 0.159993 -0.616822
v -3.606574 3.669993 -0.616822
v -3.731559 0.159993 -0.611502
v -3.650210 3.669993 -0.611502
v -3.760215 0.159993 -0.607120
v -3.694747 3.669993 -0.607120
v -3.789336 0.159993 -0.603694
v -3.740008 3.669993 -0.603694
v -3.818809 0.159993 -0.601237
v -3.785815 3.669993 -0.601237
v -3.848517 0.159993 -0.599759
v -3.831987 3.669993 -0.599759
v -3.878342 0.159993 -0.599266
v -3.878342 3.669993 -0.599266
v -3.908168 0.159993 -0.599759
v -3.924697 3.669993 -0.599759
v -3.937876 0.159993 -0.601237
v -3.970869 3.669993 -0.601237
v -3.967348 0.159993 -0.603694
v -4.016676 3.669993 -0.603694
v -3.996470 0.159993 -0.607120
v -4.061937 3.669993 -0.607120
v -4.025126 0.159993 -0.611502
v -4.106474 3.669993 -0.611502
v -4.053201 0.159993 -0.616822
v -4.150110 3.669993 -0.616822
v -4.080587 0.159993 -0.623059
v -4.192674 3.669993 -0.623059
v -4.107175 0.159993 -0.630189
v -4.233997 3.669993 -0.630189
v -4.132860 0.159993 -0.638184
v -4.273916 3.669993 -0.638184
v -4.157540 0.159993 -0.647012
v -4.312274 3.669993 -0.647012
v -4.181118 0.159993 -0.656638
v -4.348920 3.669993 -0.656638
v -4.203502 0.159993 -0.667024
v -4.383709 3.669993 -0.667024
v -4.224602 0.159993 -0.678129
v -4.416503 3.669993 -0.678129
v -4.244336 0.159993 -0.689910
v -4.447174 3.669993 -0.689910
v -4.262625 0.159993 -0.702320
v -4.475599 3.669993 -0.702320
v -4.279398 0.159993 -0.715309
v -4.501667 3.669993 -0.715309
v -4.294588 0.159993 -0.728828
v -4.525276 3.669993 -0.728828
v -4.308135 0.159993 -0.742821
v -4.546331 3.669993 -0.742821
v -4.319986 0.159993 -0.757235
v -4.564750 3.669993 -0.757235
v -4.330094 0.159993 -0.772012
v -4.580460 3.669993 -0.772012
v -4.338419 0.159993 -0.787094
v -4.593399 3.669993 -0.787094
v -4.344929 0.159993 -0.802421
v -4.603516 3.669993 -0.802421
v -4.349597 0.159993 -0.817933
v -4.610771 3.669993 -0.817933
v -4.352405 0.159993 -0.833568
v -4.615135 3.669993 -0.833568
v -4.353342 0.159993 -0.849266
v -4.616592 3.669993 -0.849266
v -4.352405 0.159993 -0.864964
v -4.615135 3.669993 -0.864964
v -4.349597 0.159993 -0.880599
v -4.610771 3.669993 -0.880599
v -4.344929 0.159993 -0.896111
v -4.603516 3.669993 -0.896111
v -4.338419 0.159993 -0.911439
v -4.593399 3.669993 -0.911439
v -4.330094 0.159993 -0.926520
v -4.580460 3.669993 -0.926520
v -4.319986 0.159993 -0.941297
v -4.564750 3.669993 -0.941297
v -4.308135 0.159993 -0.955711
v -4.546331 3.669993 -0.955711
v -4.294588 0.159993 -0.969705
v -4.525276 3.669993 -0.969705
v -4.279398 0.159993 -0.983223
v -4.501667 3.669993 -0.983223
v -4.262625 0.159993 -0.996212
v -4.475599 3.669993 -0.996212
v -4.244336 0.159993 -1.008622
v -4.447174 3.669993 -1.008622
v -4.224602 0.159993 -1.020403
v -4.416503 3.669993 -1.020403
v -4.203502 0.159993 -1.031508
v -4.383709 3.669993 -1.031508
v -4.181118 0.159993 -1.041894
v -4.348920 3.669993 -1.041894
v -4.157540 0.159993 -1.051520
v -4.312274 3.669993 -1.051520
v -4.132860 0.159993 -1.060348
v -4.273916 3.669993 -1.060348
v -4.107175 0.159993 -1.068343
v -4.233997 3.669993 -1.068343
v -4.080587 0.159993 -1.075473
v -4.192674 3.669993 -1.075473
v -4.053201 0.159993 -1.081710
v -4.150110 3.669993 -1.081710
v -4.025126 0.159993 -1.087030
v -4.106474 3.669993 -1.087030
v -3.996470 0.159993 -1.091412
v -4.061937 3.669993 -1.091412
v -3.967348 0.159993 -1.094838
v -4.016676 3.669993 -1.094838
v -3.937876 0.159993 -1.097295
v -3.970869 3.669993 -1.097295
v -3.908168 0.159993 -1.098773
v -3.924697 3.669993 -1.098773
vn 0.0130 -0.0000 -0.9999
vn 0.0389 -0.0003 -0.9992
vn 0.0651 -0.0008 -0.9979
vn 0.0917 -0.0015 -0.9958
vn 0.1189 -0.0025 -0.9929
vn 0.1468 -0.0037 -0.9892
vn 0.1756 -0.0052 -0.9845
vn 0.2055 -0.0070 -0.9786
vn 0.2368 -0.0090 -0.9715
vn 0.2697 -0.0114 -0.9629
vn 0.3045 -0.0140 -0.9524
vn 0.3414 -0.0169 -0.9398
vn 0.3809 -0.0202 -0.9244
vn 0.4234 -0.0238 -0.9057
vn 0.4690 -0.0278 -0.8828
vn 0.5183 -0.0321 -0.8546
vn 0.5713 -0.0369 -0.8199
vn 0.6283 -0.0420 -0.7768
vn 0.6889 -0.0474 -0.7233
vn 0.7520 -0.0530 -0.6570
vn 0.8159 -0.0587 -0.5752
vn 0.8772 -0.0642 -0.4758
vn 0.9312 -0.0689 -0.3579
vn 0.9721 -0.0725 -0.2230
vn 0.9943 -0.0745 -0.0758
vn 0.9943 -0.0745 0.0758
vn 0.9721 -0.0725 0.2230
vn 0.9312 -0.0689 0.3579
vn 0.8772 -0.0642 0.4758
vn 0.8159 -0.0587 0.5752
vn 0.7520 -0.0530 0.6570
vn 0.6889 -0.0474 0.7233
vn 0.6283 -0.0420 0.7768
vn 0.5713 -0.0369 0.8199
vn 0.5183 -0.0321 0.8546
vn 0.4690 -0.0278 0.8828
vn 0.4234 -0.0238 0.9057
vn 0.3809 -0.0202 0.9244
vn 0.3414 -0.0169 0.9398
vn 0.3045 -0.0140 0.9524
vn 0.2697 -0.0114 0.9629
vn 0.2368 -0.0090 0.9715
vn 0.2055 -0.0070 0.9786
vn 0.1756 -0.0052 0.9845
vn 0.1468 -0.0037 0.9892
vn 0.1189 -0.0025 0.9929
vn 0.0917 -0.0015 0.9958
vn 0.0651 -0.0008 0.9979
vn 0.0389 -0.0003 0.9992
vn 0.0130 -0.0000 0.9999
vn -0.0130 -0.0000 0.9999
vn -0.0389 -0.0003 0.9992
vn -0.0651 -0.0008 0.9979
vn -0.0917 -0.0015 0.9958
vn -0.1189 -0.0025 0.9929
vn -0.1468 -0.0037 0.9892
vn -0.1756 -0.0052 0.9845
vn -0.2055 -0.0070 0.9786
vn -0.2368 -0.0090 0.9715
vn -0.2697 -0.0114 0.9629
vn -0.3045 -0.0140 0.9524
vn -0.3414 -0.0169 0.9398
vn -0.3809 -0.0202 0.9244
vn -0.4234 -0.0238 0.9057
vn -0.4690 -0.0278 0.8828
vn -0.5183 -0.0321 0.8546
vn -0.5713 -0.0369 0.8199
vn -0.6283 -0.0420 0.7768
vn -0.6889 -0.0474 0.7233
vn -0.7520 -0.0530 0.6570
vn -0.8159 -0.0587 0.5752
vn -0.8772 -0.0642 0.4758
vn -0.9312 -0.0689 0.3579
vn -0.9721 -0.0725 0.2230
vn -0.9943 -0.0745 0.0758
vn -0.9943 -0.0745 -0.0758
vn -0.9721 -0.0725 -0.2230
vn -0.9312 -0.0689 -0.3579
vn -0.8772 -0.0642 -0.4758
vn -0.8159 -0.0587 -0.5752
vn -0.7520 -0.0530 -0.6570
vn -0.6889 -0.0474 -0.7233
vn -0.6283 -0.0420 -0.7768
vn -0.5713 -0.0369 -0.8199
vn -0.5183 -0.0321 -0.8546
vn -0.4690 -0.0278 -0.8828
vn -0.4234 -0.0238 -0.9057
vn -0.3809 -0.0202 -0.9244
vn -0.3414 -0.0169 -0.9398
vn -0.3045 -0.0140 -0.9524
vn -0.2697 -0.0114 -0.9629
vn -0.2368 -0.0090 -0.9715
vn -0.2055 -0.0070 -0.9786
vn -0.1756 -0.0052 -0.9845
vn -0.1468 -0.0037 -0.9892
vn -0.1189 -0.0025 -0.9929
vn -0.0917 -0.0015 -0.9958
vn -0.0651 -0.0008 -0.9979
vn -0.0000 1.0000 -0.0000
vn -0.0389 -0.0003 -0.9992
vn -0.0130 -0.0000 -0.9999
vn -0.0000 -1.0000 -0.0000
vt 1.000000 0.500000
vt 1.000000 1.000000
vt 0.990000 1.000000
vt 0.990000 0.500000
vt 0.980000 1.000000
vt 0.980000 0.500000
vt 0.970000 1.000000
vt 0.970000 0.500000
vt 0.960000 1.000000
vt 0.960000 0.500000
vt 0.950000 1.000000
vt 0.950000 0.500000
vt 0.940000 1.000000
vt 0.940000 0.500000
vt 0.930000 1.000000
vt 0.930000 0.500000
vt 0.920000 1.000000
vt 0.920000 0.500000
vt 0.910000 1.000000
vt 0.910000 0.500000
vt 0.900000 1.000000
vt 0.900000 0.500000
vt 0.890000 1.000000
vt 0.890000 0.500000
vt 0.880000 1.000000
vt 0.880000 0.500000
vt 0.870000 1.000000
vt 0.870000 0.500000
vt 0.860000 1.000000
vt 0.860000 0.500000
vt 0.850000 1.000000
vt 0.850000 0.500000
vt 0.840000 1.000000
vt 0.840000 0.500000
vt 0.830000 1.000000
vt 0.830000 0.500000
vt 0.820000 1.000000
vt 0.820000 0.500000
vt 0.810000 1.000000
vt 0.810000 0.500000
vt 0.800000 1.000000
vt 0.800000 0.500000
vt 0.790000 1.000000
vt 0.790000 0.500000
vt 0.780000 1.000000
vt 0.780000 0.500000
vt 0.770000 1.000000
vt 0.770000 0.500000
vt 0.760000 1.000000
vt 0.760000 0.500000
vt 0.750000 1.000000
vt 0.750000 0.500000
vt 0.740000 1.000000
vt 0.740000 0.500000
vt 0.730000 1.000000
vt 0.730000 0.500000
vt 0.720000 1.000000
vt 0.720000 0.500000
vt 0.710000 1.000000
vt 0.710000 0.500000
vt 0.700000 1.000000
vt 0.700000 0.500000
vt 0.690000 1.000000
vt 0.690000 0.500000
vt 0.680000 1.000000
vt 0.680000 0.500000
vt 0.670000 1.000000
vt 0.670000 0.500000
vt 0.660000 1.000000
vt 0.660000 0.500000
vt 0.650000 1.000000
vt 0.650000 0.500000
vt 0.640000 1.000000
vt 0.640000 0.500000
vt 0.630000 1.000000
vt 0.630000 0.500000
vt 0.620000 1.000000
vt 0.620000 0.500000
vt 0.610000 1.000000
vt 0.610000 0.500000
vt 0.600000 1.000000
vt 0.600000 0.500000
vt 0.590000 1.000000
vt 0.590000 0.500000
vt 0.580000 1.000000
vt 0.580000 0.500000
vt 0.570000 1.000000
vt 0.570000 0.500000
vt 0.560000 1.000000
vt 0.560000 0.500000
vt 0.550000 1.000000
vt 0.550000 0.500000
vt 0.540000 1.000000
vt 0.540000 0.500000
vt 0.530000 1.000000
vt 0.530000 0.500000
vt 0.520000 1.000000
vt 0.520000 0.500000
vt 0.510000 1.000000
vt 0.510000 0.500000
vt 0.500000 1.000000
vt 0.500000 0.500000
vt 0.490000 1.000000
vt 0.490000 0.500000
vt 0.480000 1.000000
vt 0.480000 0.500000
vt 0.470001 1.000000
vt 0.470001 0.500000
vt 0.460001 1.000000
vt 0.460001 0.500000
vt 0.450001 1.000000
vt 0.450001 0.500000
vt 0.440001 1.000000
vt 0.440001 0.500000
vt 0.430001 1.000000
vt 0.430001 0.500000
vt 0.420001 1.000000
vt 0.420001 0.500000
vt 0.410001 1.000000
vt 0.410001 0.500000
vt 0.400001 1.000000
vt 0.400001 0.500000
vt 0.390001 1.000000
vt 0.390001 0.500000
vt 0.380001 1.000000
vt 0.380001 0.500000
vt 0.370001 1.000000
vt 0.370001 0.500000
vt 0.360001 1.000000
vt 0.360001 0.500000
vt 0.350001 1.000000
vt 0.350001 0.500000
vt 0.340001 1.000000
vt 0.340001 0.500000
vt 0.330001 1.000000
vt 0.330001 0.500000
vt 0.320001 1.000000
vt 0.320001 0.500000
vt 0.310001 1.000000
vt 0.310001 0.500000
vt 0.300001 1.000000
vt 0.300001 0.500000
vt 0.290001 1.000000
vt 0.290001 0.500000
vt 0.280001 1.000000
vt 0.280001 0.500000
vt 0.270001 1.000000
vt 0.270001 0.500000
vt 0.260001 1.000000
vt 0.260001 0.500000
vt 0.250001 1.000000
vt 0.250001 0.500000
vt 0.240001 1.000000
vt 0.240001 0.500000
vt 0.230001 1.000000
vt 0.230001 0.500000
vt 0.220001 1.000000
vt 0.220001 0.500000
vt 0.210001 1.000000
vt 0.210001 0.500000
vt 0.200001 1.000000
vt 0.200001 0.500000
vt 0.190001 1.000000
vt 0.190001 0.500000
vt 0.180001 1.000000
vt 0.180001 0.500000
vt 0.170001 1.000000
vt 0.170001 0.500000
vt 0.160001 1.000000
vt 0.160001 0.500000
vt 0.150001 1.000000
vt 0.150001 0.500000
vt 0.140001 1.000000
vt 0.140001 0.500000
vt 0.130001 1.000000
vt 0.130001 0.500000
vt 0.120001 1.000000
vt 0.120001 0.500000
vt 0.110001 1.000000
vt 0.110001 0.500000
vt 0.100001 1.000000
vt 0.100001 0.500000
vt 0.090001 1.000000
vt 0.090001 0.500000
vt 0.080001 1.000000
vt 0.080001 0.500000
vt 0.070001 1.000000
vt 0.070001 0.500000
vt 0.060001 1.000000
vt 0.060001 0.500000
vt 0.050001 1.000000
vt 0.050001 0.500000
vt 0.040001 1.000000
vt 0.040001 0.500000
vt 0.030001 1.000000
vt 0.030001 0.500000
vt 0.020001 1.000000
vt 0.020001 0.500000
vt 0.265070 0.489526
vt 0.250000 0.490000
vt 0.234930 0.489526
vt 0.219920 0.488108
vt 0.205028 0.485749
vt 0.190314 0.482460
vt 0.175836 0.478254
vt 0.161650 0.473146
vt 0.147813 0.467158
vt 0.134379 0.460314
vt 0.121402 0.452639
vt 0.108932 0.444164
vt 0.097018 0.434923
vt 0.085709 0.424952
vt 0.075048 0.414291
vt 0.065077 0.402982
vt 0.055836 0.391068
vt 0.047361 0.378598
vt 0.039686 0.365621
vt 0.032842 0.352187
vt 0.026854 0.338350
vt 0.021746 0.324164
vt 0.017540 0.309686
vt 0.014251 0.294972
vt 0.011892 0.280080
vt 0.010474 0.265070
vt 0.010000 0.250000
vt 0.010474 0.234930
vt 0.011892 0.219920
vt 0.014251 0.205028
vt 0.017540 0.190314
vt 0.021746 0.175836
vt 0.026854 0.161650
vt 0.032842 0.147813
vt 0.039686 0.134379
vt 0.047361 0.121402
vt 0.055836 0.108932
vt 0.065077 0.097018
vt 0.075048 0.085709
vt 0.085709 0.075048
vt 0.097018 0.065077
vt 0.108932 0.055836
vt 0.121402 0.047361
vt 0.134379 0.039686
vt 0.147813 0.032842
vt 0.161650 0.026854
vt 0.175836 0.021746
vt 0.190314 0.017540
vt 0.205028 0.014251
vt 0.219920 0.011892
vt 0.234930 0.010474
vt 0.250000 0.010000
vt 0.265070 0.010474
vt 0.280080 0.011892
vt 0.294972 0.014251
vt 0.309686 0.017540
vt 0.324164 0.021746
vt 0.338350 0.026854
vt 0.352187 0.032842
vt 0.365621 0.039686
vt 0.378598 0.047361
vt 0.391068 0.055836
vt 0.402982 0.065077
vt 0.414291 0.075048
vt 0.424952 0.085709
vt 0.434923 0.097018
vt 0.444164 0.108932
vt 0.452639 0.121402
vt 0.460314 0.134379
vt 0.467158 0.147813
vt 0.473146 0.161650
vt 0.478254 0.175836
vt 0.482460 0.190314
vt 0.485749 0.205028
vt 0.488108 0.219920
vt 0.489526 0.234930
vt 0.490000 0.250000
vt 0.489526 0.265070
vt 0.488108 0.280080
vt 0.485749 0.294972
vt 0.482460 0.309686
vt 0.478254 0.324164
vt 0.473146 0.338350
vt 0.467158 0.352187
vt 0.460314 0.365621
vt 0.452639 0.378598
vt 0.444164 0.391068
vt 0.434923 0.402982
vt 0.424952 0.414291
vt 0.414291 0.424952
vt 0.402982 0.434923
vt 0.391068 0.444164
vt 0.378598 0.452639
vt 0.365621 0.460314
vt 0.352187 0.467158
vt 0.338350 0.473146
vt 0.324164 0.478254
vt 0.309686 0.482460
vt 0.294972 0.485749
vt 0.280080 0.488108
vt 0.010001 1.000000
vt 0.010001 0.500000
vt 0.000001 1.000000
vt 0.000001 0.500000
vt 0.750000 0.490000
vt 0.765070 0.489526
vt 0.780080 0.488108
vt 0.794972 0.485749
vt 0.809686 0.482460
vt 0.824164 0.478254
vt 0.838350 0.473146
vt 0.852187 0.467158
vt 0.865621 0.460314
vt 0.878598 0.452639
vt 0.891068 0.444164
vt 0.902982 0.434923
vt 0.914291 0.424952
vt 0.924952 0.414291
vt 0.934923 0.402982
vt 0.944164 0.391068
vt 0.952639 0.378598
vt 0.960314 0.365621
vt 0.967158 0.352187
vt 0.973146 0.338350
vt 0.978254 0.324164
vt 0.982460 0.309686
vt 0.985749 0.294972
vt 0.988108 0.280080
vt 0.989526 0.265070
vt 0.990000 0.250000
vt 0.989526 0.234930
vt 0.988108 0.219920
vt 0.985749 0.205028
vt 0.982460 0.190314
vt 0.978254 0.175836
vt 0.973146 0.161650
vt 0.967158 0.147813
vt 0.960314 0.134379
vt 0.952639 0.121402
vt 0.944164 0.108932
vt 0.934923 0.097018
vt 0.924952 0.085709
vt 0.914291 0.075048
vt 0.902982 0.065077
vt 0.891068 0.055836
vt 0.878598 0.047361
vt 0.865621 0.039686
vt 0.852187 0.032842
vt 0.838350 0.026854
vt 0.824164 0.021746
vt 0.809686 0.017540
vt 0.794972 0.014251
vt 0.780080 0.011892
vt 0.765070 0.010474
vt 0.750000 0.010000
vt 0.734930 0.010474
vt 0.719920 0.011892
vt 0.705028 0.014251
vt 0.690314 0.017540
vt 0.675836 0.021746
vt 0.661650 0.026854
vt 0.647813 0.032842
vt 0.634379 0.039686
vt 0.621402 0.047361
vt 0.608932 0.055836
vt 0.597018 0.065077
vt 0.585709 0.075048
vt 0.575048 0.085709
vt 0.565077 0.097018
vt 0.555836 0.108932
vt 0.547361 0.121402
vt 0.539686 0.134379
vt 0.532842 0.147813
vt 0.526854 0.161650
vt 0.521746 0.175836
vt 0.517540 0.190314
vt 0.514251 0.205028
vt 0.511892 0.219920
vt 0.510474 0.234930
vt 0.510000 0.250000
vt 0.510474 0.265070
vt 0.511892 0.280080
vt 0.514251 0.294972
vt 0.517540 0.309686
vt 0.521746 0.324164
vt 0.526854 0.338350
vt 0.532842 0.352187
vt 0.539686 0.365621
vt 0.547361 0.378598
vt 0.555836 0.391068
vt 0.565077 0.402982
vt 0.575048 0.414291
vt 0.585709 0.424952
vt 0.597018 0.434923
vt 0.608932 0.444164
vt 0.621402 0.452639
vt 0.634379 0.460314
vt 0.647813 0.467158
vt 0.661650 0.473146
vt 0.675836 0.478254
vt 0.690314 0.482460
vt 0.705028 0.485749
vt 0.719920 0.488108
vt 0.734930 0.489526
s 0
usemtl Material.004
f 401/805/205 402/806/205 404/807/205 403/808/205
f 403/808/206 404/807/206 406/809/206 405/810/206
f 405/810/207 406/809/207 408/811/207 407/812/207
f 407/812/208 408/811/208 410/813/208 409/814/208
f 409/814/209 410/813/209 412/815/209 411/816/209
f 411/816/210 412/815/210 414/817/210 413/818/210
f 413/818/211 414/817/211 416/819/211 415/820/211
f 415/820/212 416/819/212 418/821/212 417/822/212
f 417/822/213 418/821/213 420/823/213 419/824/213
f 419/824/214 420/823/214 422/825/214 421/826/214
f 421/826/215 422/825/215 424/827/215 423/828/215
f 423/828/216 424/827/216 426/829/216 425/830/216
f 425/830/217 426/829/217 428/831/217 427/832/217
f 427/832/218 428/831/218 430/833/218 429/834/218
f 429/834/219 430/833/219 432/835/219 431/836/219
f 431/836/220 432/835/220 434/837/220 433/838/220
f 433/838/221 434/837/221 436/839/221 435/840/221
f 435/840/222 436/839/222 438/841/222 437/842/222
f 437/842/223 438/841/223 440/843/223 439/844/223
f 439/844/224 440/843/224 442/845/224 441/846/224
f 441/846/225 442/845/225 444/847/225 443/848/225
f 443/848/226 444/847/226 446/849/226 445/850/226
f 445/850/227 446/849/227 448/851/227 447/852/227
f 447/852/228 448/851/228 450/853/228 449/854/228
f 449/854/229 450/853/229 452/855/229 451/856/229
f 451/856/230 452/855/230 454/857/230 453/858/230
f 453/858/231 454/857/231 456/859/231 455/860/231
f 455/860/232 456/859/232 458/861/232 457/862/232
f 457/862/233 458/861/233 460/863/233 459/864/233
f 459/864/234 460/863/234 462/865/234 461/866/234
f 461/866/235 462/865/235 464/867/235 463/868/235
f 463/868/236 464/867/236 466/869/236 465/870/236
f 465/870/237 466/869/237 468/871/237 467/872/237
f 467/872/238 468/871/238 470/873/238 469/874/238
f 469/874/239 470/873/239 472/875/239 471/876/239
f 471/876/240 472/875/240 474/877/240 473/878/240
f 473/878/241 474/877/241 476/879/241 475/880/241
f 475/880/242 476/879/242 478/881/242 477/882/242
f 477/882/243 478/881/243 480/883/243 479/884/243
f 479/884/244 480/883/244 482/885/244 481/886/244
f 481/886/245 482/885/245 484/887/245 483/888/245
f 483/888/246 484/887/246 486/889/246 485/890/246
f 485/890/247 486/889/247 488/891/247 487/892/247
f 487/892/248 488/891/248 490/893/248 489/894/248
f 489/894/249 490/893/249 492/895/249 491/896/249
f 491/896/250 492/895/250 494/897/250 493/898/250
f 493/898/251 494/897/251 496/899/251 495/900/251
f 495/900/252 496/899/252 498/901/252 497/902/252
f 497/902/253 498/901/253 500/903/253 499/904/253
f 499/904/254 500/903/254 502/905/254 501/906/254
f 501/906/255 502/905/255 504/907/255 503/908/255
f 503/908/256 504/907/256 506/909/256 505/910/256
f 505/910/257 506/909/257 508/911/257 507/912/257
f 507/912/258 508/911/258 510/913/258 509/914/258
f 509/914/259 510/913/259 512/915/259 511/916/259
f 511/916/260 512/915/260 514/917/260 513/918/260
f 513/918/261 514/917/261 516/919/261 515/920/261
f 515/920/262 516/919/262 518/921/262 517/922/262
f 517/922/263 518/921/263 520/923/263 519/924/263
f 519/924/264 520/923/264 522/925/264 521/926/264
f 521/926/265 522/925/265 524/927/265 523/928/265
f 523/928/266 524/927/266 526/929/266 525/930/266
f 525/930/267 526/929/267 528/931/267 527/932/267
f 527/932/268 528/931/268 530/933/268 529/934/268
f 529/934/269 530/933/269 532/935/269 531/936/269
f 531/936/270 532/935/270 534/937/270 533/938/270
f 533/938/271 534/937/271 536/939/271 535/940/271
f 535/940/272 536/939/272 538/941/272 537/942/272
f 537/942/273 538/941/273 540/943/273 539/944/273
f 539/944/274 540/943/274 542/945/274 541/946/274
f 541/946/275 542/945/275 544/947/275 543/948/275
f 543/948/276 544/947/276 546/949/276 545/950/276
f 545/950/277 546/949/277 548/951/277 547/952/277
f 547/952/278 548/951/278 550/953/278 549/954/278
f 549/954/279 550/953/279 552/955/279 551/956/279
f 551/956/280 552/955/280 554/957/280 553/958/280
f 553/958/281 554/957/281 556/959/281 555/960/281
f 555/960/282 556/959/282 558/961/282 557/962/282
f 557/962/283 558/961/283 560/963/283 559/964/283
f 559/964/284 560/963/284 562/965/284 561/966/284
f 561/966/285 562/965/285 564/967/285 563/968/285
f 563/968/286 564/967/286 566/969/286 565/970/286
f 565/970/287 566/969/287 568/971/287 567/972/287
f 567/972/288 568/971/288 570/973/288 569/974/288
f 569/974/289 570/973/289 572/975/289 571/976/289
f 571/976/290 572/975/290 574/977/290 573/978/290
f 573/978/291 574/977/291 576/979/291 575/980/291
f 575/980/292 576/979/292 578/981/292 577/982/292
f 577/982/293 578/981/293 580/983/293 579/984/293
f 579/984/294 580/983/294 582/985/294 581/986/294
f 581/986/295 582/985/295 584/987/295 583/988/295
f 583/988/296 584/987/296 586/989/296 585/990/296
f 585/990/297 586/989/297 588/991/297 587/992/297
f 587/992/298 588/991/298 590/993/298 589/994/298
f 589/994/299 590/993/299 592/995/299 591/996/299
f 591/996/300 592/995/300 594/997/300 593/998/300
f 593/998/301 594/997/301 596/999/301 595/1000/301
f 595/1000/302 596/999/302 598/1001/302 597/1002/302
f 404/1003/303 402/1004/303 600/1005/303 598/1006/303 596/1007/303 594/1008/303 592/1009/303 590/1010/303 588/1011/303 586/1012/303 584/1013/303 582/1014/303 580/1015/303 578/1016/303 576/1017/303 574/1018/303 572/1019/303 570/1020/303 568/1021/303 566/1022/303 564/1023/303 562/1024/303 560/1025/303 558/1026/303 556/1027/303 554/1028/303 552/1029/303 550/1030/303 548/1031/303 546/1032/303 544/1033/303 542/1034/303 540/1035/303 538/1036/303 536/1037/303 534/1038/303 532/1039/303 530/1040/303 528/1041/303 526/1042/303 524/1043/303 522/1044/303 520/1045/303 518/1046/303 516/1047/303 514/1048/303 512/1049/303 510/1050/303 508/1051/303 506/1052/303 504/1053/303 502/1054/303 500/1055/303 498/1056/303 496/1057/303 494/1058/303 492/1059/303 490/1060/303 488/1061/303 486/1062/303 484/1063/303 482/1064/303 480/1065/303 478/1066/303 476/1067/303 474/1068/303 472/1069/303 470/1070/303 468/1071/303 466/1072/303 464/1073/303 462/1074/303 460/1075/303 458/1076/303 456/1077/303 454/1078/303 452/1079/303 450/1080/303 448/1081/303 446/1082/303 444/1083/303 442/1084/303 440/1085/303 438/1086/303 436/1087/303 434/1088/303 432/1089/303 430/1090/303 428/1091/303 426/1092/303 424/1093/303 422/1094/303 420/1095/303 418/1096/303 416/1097/303 414/1098/303 412/1099/303 410/1100/303 408/1101/303 406/1102/303
f 597/1002/304 598/1001/304 600/1103/304 599/1104/304
f 599/1104/305 600/1103/305 402/1105/305 401/1106/305
f 401/1107/306 403/1108/306 405/1109/306 407/1110/306 409/1111/306 411/1112/306 413/1113/306 415/1114/306 417/1115/306 419/1116/306 421/1117/306 423/1118/306 425/1119/306 427/1120/306 429/1121/306 431/1122/306 433/1123/306 435/1124/306 437/1125/306 439/1126/306 441/1127/306 443/1128/306 445/1129/306 447/1130/306 449/1131/306 451/1132/306 453/1133/306 455/1134/306 457/1135/306 459/1136/306 461/1137/306 463/1138/306 465/1139/306 467/1140/306 469/1141/306 471/1142/306 473/1143/306 475/1144/306 477/1145/306 479/1146/306 481/1147/306 483/1148/306 485/1149/306 487/1150/306 489/1151/306 491/1152/306 493/1153/306 495/1154/306 497/1155/306 499/1156/306 501/1157/306 503/1158/306 505/1159/306 507/1160/306 509/1161/306 511/1162/306 513/1163/306 515/1164/306 517/1165/306 519/1166/306 521/1167/306 523/1168/306 525/1169/306 527/1170/306 529/1171/306 531/1172/306 533/1173/306 535/1174/306 537/1175/306 539/1176/306 541/1177/306 543/1178/306 545/1179/306 547/1180/306 549/1181/306 551/1182/306 553/1183/306 555/1184/306 557/1185/306 559/1186/306 561/1187/306 563/1188/306 565/1189/306 567/1190/306 569/1191/306 571/1192/306 573/1193/306 575/1194/306 577/1195/306 579/1196/306 581/1197/306 583/1198/306 585/1199/306 587/1200/306 589/1201/306 591/1202/306 593/1203/306 595/1204/306 597/1205/306 599/1206/306
o Cylinder.003
v -3.878342 0.159993 -6.234266
v -3.878342 3.669993 -6.234266
v -3.848517 0.159993 -6.233772
v -3.831987 3.669993 -6.233772
v -3.818809 0.159993 -6.232295
v -3.785815 3.669993 -6.232295
v -3.789336 0.159993 -6.229837
v -3.740008 3.669993 -6.229837
v -3.760215 0.159993 -6.226412
v -3.694747 3.669993 -6.226412
v -3.731559 0.159993 -6.222030
v -3.650210 3.669993 -6.222030
v -3.703483 0.159993 -6.216710
v -3.606574 3.669993 -6.216710
v -3.676097 0.159993 -6.210473
v -3.564011 3.669993 -6.210473
v -3.649509 0.159993 -6.203342
v -3.522687 3.669993 -6.203342
v -3.623824 0.159993 -6.195348
v -3.482768 3.669993 -6.195348
v -3.599144 0.159993 -6.186520
v -3.444410 3.669993 -6.186520
v -3.575566 0.159993 -6.176894
v -3.407764 3.669993 -6.176894
v -3.553182 0.159993 -6.166508
v -3.372975 3.669993 -6.166508
v -3.532082 0.159993 -6.155403
v -3.340181 3.669993 -6.155403
v -3.512348 0.159993 -6.143622
v -3.309511 3.669993 -6.143622
v -3.494059 0.159993 -6.131212
v -3.281085 3.669993 -6.131212
v -3.477286 0.159993 -6.118223
v -3.255017 3.669993 -6.118223
v -3.462096 0.159993 -6.104704
v -3.231409 3.669993 -6.104704
v -3.448549 0.159993 -6.090711
v -3.210354 3.669993 -6.090711
v -3.436698 0.159993 -6.076297
v -3.191935 3.669993 -6.076297
v -3.426590 0.159993 -6.061520
v -3.176225 3.669993 -6.061520
v -3.418265 0.159993 -6.046438
v -3.163286 3.669993 -6.046438
v -3.411756 0.159993 -6.031111
v -3.153169 3.669993 -6.031111
v -3.407088 0.159993 -6.015599
v -3.145913 3.669993 -6.015599
v -3.404279 0.159993 -5.999963
v -3.141549 3.669993 -5.999963
v -3.403342 0.159993 -5.984266
v -3.140092 3.669993 -5.984266
v -3.404279 0.159993 -5.968568
v -3.141549 3.669993 -5.968568
v -3.407088 0.159993 -5.952932
v -3.145913 3.669993 -5.952932
v -3.411756 0.159993 -5.937420
v -3.153169 3.669993 -5.937420
v -3.418265 0.159993 -5.922093
v -3.163286 3.669993 -5.922093
v -3.426590 0.159993 -5.907012
v -3.176225 3.669993 -5.907012
v -3.436698 0.159993 -5.892235
v -3.191935 3.669993 -5.892235
v -3.448549 0.159993 -5.877821
v -3.210354 3.669993 -5.877821
v -3.462096 0.159993 -5.863827
v -3.231409 3.669993 -5.863827
v -3.477286 0.159993 -5.850309
v -3.255017 3.669993 -5.850309
v -3.494059 0.159993 -5.837319
v -3.281085 3.669993 -5.837319
v -3.512348 0.159993 -5.824910
v -3.309511 3.669993 -5.824910
v -3.532082 0.159993 -5.813129
v -3.340181 3.669993 -5.813129
v -3.553182 0.159993 -5.802024
v -3.372975 3.669993 -5.802024
v -3.575566 0.159993 -5.791637
v -3.407764 3.669993 -5.791637
v -3.599144 0.159993 -5.782012
v -3.444410 3.669993 -5.782012
v -3.623824 0.159993 -5.773184
v -3.482768 3.669993 -5.773184
v -3.649509 0.159993 -5.765189
v -3.522687 3.669993 -5.765189
v -3.676097 0.159993 -5.758059
v -3.564011 3.669993 -5.758059
v -3.703483 0.159993 -5.751822
v -3.606574 3.669993 -5.751822
v -3.731559 0.159993 -5.746501
v -3.650210 3.669993 -5.746501
v -3.760215 0.159993 -5.742120
v -3.694747 3.669993 -5.742120
v -3.789336 0.159993 -5.738694
v -3.740008 3.669993 -5.738694
v -3.818809 0.159993 -5.736237
v -3.785815 3.669993 -5.736237
v -3.848517 0.159993 -5.734759
v -3.831987 3.669993 -5.734759
v -3.878342 0.159993 -5.734266
v -3.878342 3.669993 -5.734266
v -3.908168 0.159993 -5.734759
v -3.924697 3.669993 -5.734759
v -3.937876 0.159993 -5.736237
v -3.970869 3.669993 -5.736237
v -3.967348 0.159993 -5.738694
v -4.016676 3.669993 -5.738694
v -3.996470 0.159993 -5.742120
v -4.061937 3.669993 -5.742120
v -4.025126 0.159993 -5.746501
v -4.106474 3.669993 -5.746501
v -4.053201 0.159993 -5.751822
v -4.150110 3.669993 -5.751822
v -4.080587 0.159993 -5.758059
v -4.192674 3.669993 -5.758059
v -4.107175 0.159993 -5.765189
v -4.233997 3.669993 -5.765189
v -4.132860 0.159993 -5.773184
v -4.273916 3.669993 -5.773184
v -4.157540 0.159993 -5.782012
v -4.312274 3.669993 -5.782012
v -4.181118 0.159993 -5.791637
v -4.348920 3.669993 -5.791637
v -4.203502 0.159993 -5.802024
v -4.383709 3.669993 -5.802024
v -4.224602 0.159993 -5.813129
v -4.416503 3.669993 -5.813129
v -4.244336 0.159993 -5.824910
v -4.447174 3.669993 -5.824910
v -4.262625 0.159993 -5.837319
v -4.475599 3.669993 -5.837319
v -4.279398 0.159993 -5.850309
v -4.501667 3.669993 -5.850309
v -4.294588 0.159993 -5.863827
v -4.525276 3.669993 -5.863827
v -4.308135 0.159993 -5.877821
v -4.546331 3.669993 -5.877821
v -4.319986 0.159993 -5.892235
v -4.564750 3.669993 -5.892235
v -4.330094 0.159993 -5.907012
v -4.580460 3.669993 -5.907012
v -4.338419 0.159993 -5.922093
v -4.593399 3.669993 -5.922093
v -4.344929 0.159993 -5.937420
v -4.603516 3.669993 -5.937420
v -4.349597 0.159993 -5.952932
v -4.610771 3.669993 -5.952932
v -4.352405 0.159993 -5.968568
v -4.615135 3.669993 -5.968568
v -4.353342 0.159993 -5.984266
v -4.616592 3.669993 -5.984266
v -4.352405 0.159993 -5.999963
v -4.615135 3.669993 -5.999963
v -4.349597 0.159993 -6.015599
v -4.610771 3.669993 -6.015599
v -4.344929 0.159993 -6.031111
v -4.603516 3.669993 -6.031111
v -4.338419 0.159993 -6.046438
v -4.593399 3.669993 -6.046438
v -4.330094 0.159993 -6.061520
v -4.580460 3.669993 -6.061520
v -4.319986 0.159993 -6.076297
v -4.564750 3.669993 -6.076297
v -4.308135 0.159993 -6.090711
v -4.546331 3.669993 -6.090711
v -4.294588 0.159993 -6.104704
v -4.525276 3.669993 -6.104704
v -4.279398 0.159993 -6.118223
v -4.501667 3.669993 -6.118223
v -4.262625 0.159993 -6.131212
v -4.475599 3.669993 -6.131212
v -4.244336 0.159993 -6.143622
v -4.447174 3.669993 -6.143622
v -4.224602 0.159993 -6.155403
v -4.416503 3.669993 -6.155403
v -4.203502 0.159993 -6.166508
v -4.383709 3.669993 -6.166508
v -4.181118 0.159993 -6.176894
v -4.348920 3.669993 -6.176894
v -4.157540 0.159993 -6.186520
v -4.312274 3.669993 -6.186520
v -4.132860 0.159993 -6.195348
v -4.273916 3.669993 -6.195348
v -4.107175 0.159993 -6.203342
v -4.233997 3.669993 -6.203342
v -4.080587 0.159993 -6.210473
v -4.192674 3.669993 -6.210473
v -4.053201 0.159993 -6.216710
v -4.150110 3.669993 -6.216710
v -4.025126 0.159993 -6.222030
v -4.106474 3.669993 -6.222030
v -3.996470 0.159993 -6.226412
v -4.061937 3.669993 -6.226412
v -3.967348 0.159993 -6.229837
v -4.016676 3.669993 -6.229837
v -3.937876 0.159993 -6.232295
v -3.970869 3.669993 -6.232295
v -3.908168 0.159993 -6.233772
v -3.924697 3.669993 -6.233772
vn 0.0130 -0.0000 -0.9999
vn 0.0389 -0.0003 -0.9992
vn 0.0651 -0.0008 -0.9979
vn 0.0917 -0.0015 -0.9958
vn 0.1189 -0.0025 -0.9929
vn 0.1468 -0.0037 -0.9892
vn 0.1756 -0.0052 -0.9845
vn 0.2055 -0.0070 -0.9786
vn 0.2368 -0.0090 -0.9715
vn 0.2697 -0.0114 -0.9629
vn 0.3045 -0.0140 -0.9524
vn 0.3414 -0.0169 -0.9398
vn 0.3809 -0.0202 -0.9244
vn 0.4234 -0.0238 -0.9057
vn 0.4690 -0.0278 -0.8828
vn 0.5183 -0.0321 -0.8546
vn 0.5713 -0.0369 -0.8199
vn 0.6283 -0.0420 -0.7768
vn 0.6889 -0.0474 -0.7233
vn 0.7520 -0.0530 -0.6570
vn 0.8159 -0.0587 -0.5752
vn 0.8772 -0.0642 -0.4758
vn 0.9312 -0.0689 -0.3579
vn 0.9721 -0.0725 -0.2230
vn 0.9943 -0.0745 -0.0758
vn 0.9943 -0.0745 0.0758
vn 0.9721 -0.0725 0.2230
vn 0.9312 -0.0689 0.3579
vn 0.8772 -0.0642 0.4758
vn 0.8159 -0.0587 0.5752
vn 0.7520 -0.0530 0.6570
vn 0.6889 -0.0474 0.7233
vn 0.6283 -0.0420 0.7768
vn 0.5713 -0.0369 0.8199
vn 0.5183 -0.0321 0.8546
vn 0.4690 -0.0278 0.8828
vn 0.4234 -0.0238 0.9057
vn 0.3809 -0.0202 0.9244
vn 0.3414 -0.0169 0.9398
vn 0.3045 -0.0140 0.9524
vn 0.2697 -0.0114 0.9629
vn 0.2368 -0.0090 0.9715
vn 0.2055 -0.0070 0.9786
vn 0.1756 -0.0052 0.9845
vn 0.1468 -0.0037 0.9892
vn 0.1189 -0.0025 0.9929
vn 0.0917 -0.0015 0.9958
vn 0.0651 -0.0008 0.9979
vn 0.0389 -0.0003 0.9992
vn 0.0130 -0.0000 0.9999
vn -0.0130 -0.0000 0.9999
vn -0.0389 -0.0003 0.9992
vn -0.0651 -0.0008 0.9979
vn -0.0917 -0.0015 0.9958
vn -0.1189 -0.0025 0.9929
vn -0.1468 -0.0037 0.9892
vn -0.1756 -0.0052 0.9845
vn -0.2055 -0.0070 0.9786
vn -0.2368 -0.0090 0.9715
vn -0.2697 -0.0114 0.9629
vn -0.3045 -0.0140 0.9524
vn -0.3414 -0.0169 0.9398
vn -0.3809 -0.0202 0.9244
vn -0.4234 -0.0238 0.9057
vn -0.4690 -0.0278 0.8828
vn -0.5183 -0.0321 0.8546
vn -0.5713 -0.0369 0.8199
vn -0.6283 -0.0420 0.7768
vn -0.6889 -0.0474 0.7233
vn -0.7520 -0.0530 0.6570
vn -0.8159 -0.0587 0.5752
vn -0.8772 -0.0642 0.4758
vn -0.9312 -0.0689 0.3579
vn -0.9721 -0.0725 0.2230
vn -0.9943 -0.0745 0.0758
vn -0.9943 -0.0745 -0.0758
vn -0.9721 -0.0725 -0.2230
vn -0.9312 -0.0689 -0.3579
vn -0.8772 -0.0642 -0.4758
vn -0.8159 -0.0587 -0.5752
vn -0.7520 -0.0530 -0.6570
vn -0.6889 -0.0474 -0.7233
vn -0.6283 -0.0420 -0.7768
vn -0.5713 -0.0369 -0.8199
vn -0.5183 -0.0321 -0.8546
vn -0.4690 -0.0278 -0.8828
vn -0.4234 -0.0238 -0.9057
vn -0.3809 -0.0202 -0.9244
vn -0.3414 -0.0169 -0.9398
vn -0.3045 -0.0140 -0.9524
vn -0.2697 -0.0114 -0.9629
vn -0.2368 -0.0090 -0.9715
vn -0.2055 -0.0070 -0.9786
vn -0.1756 -0.0052 -0.9845
vn -0.1468 -0.0037 -0.9892
vn -0.1189 -0.0025 -0.9929
vn -0.0917 -0.0015 -0.9958
vn -0.0651 -0.0008 -0.9979
vn -0.0000 1.0000 -0.0000
vn -0.0389 -0.0003 -0.9992
vn -0.0130 -0.0000 -0.9999
vn -0.0000 -1.0000 -0.0000
vt 1.000000 0.500000
vt 1.000000 1.000000
vt 0.990000 1.000000
vt 0.990000 0.500000
vt 0.980000 1.000000
vt 0.980000 0.500000
vt 0.970000 1.000000
vt 0.970000 0.500000
vt 0.960000 1.000000
vt 0.960000 0.500000
vt 0.950000 1.000000
vt 0.950000 0.500000
vt 0.940000 1.000000
vt 0.940000 0.500000
vt 0.930000 1.000000
vt 0.930000 0.500000
vt 0.920000 1.000000
vt 0.920000 0.500000
vt 0.910000 1.000000
vt 0.910000 0.500000
vt 0.900000 1.000000
vt 0.900000 0.500000
vt 0.890000 1.000000
vt 0.890000 0.500000
vt 0.880000 1.000000
vt 0.880000 0.500000
vt 0.870000 1.000000
vt 0.870000 0.500000
vt 0.860000 1.000000
vt 0.860000 0.500000
vt 0.850000 1.000000
vt 0.850000 0.500000
vt 0.840000 1.000000
vt 0.840000 0.500000
vt 0.830000 1.000000
vt 0.830000 0.500000
vt 0.820000 1.000000
vt 0.820000 0.500000
vt 0.810000 1.000000
vt 0.810000 0.500000
vt 0.800000 1.000000
vt 0.800000 0.500000
vt 0.790000 1.000000
vt 0.790000 0.500000
vt 0.780000 1.000000
vt 0.780000 0.500000
vt 0.770000 1.000000
vt 0.770000 0.500000
vt 0.760000 1.000000
vt 0.760000 0.500000
vt 0.750000 1.000000
vt 0.750000 0.500000
vt 0.740000 1.000000
vt 0.740000 0.500000
vt 0.730000 1.000000
vt 0.730000 0.500000
vt 0.720000 1.000000
vt 0.720000 0.500000
vt 0.710000 1.000000
vt 0.710000 0.500000
vt 0.700000 1.000000
vt 0.700000 0.500000
vt 0.690000 1.000000
vt 0.690000 0.500000
vt 0.680000 1.000000
vt 0.680000 0.500000
vt 0.670000 1.000000
vt 0.670000 0.500000
vt 0.660000 1.000000
vt 0.660000 0.500000
vt 0.650000 1.000000
vt 0.650000 0.500000
vt 0.640000 1.000000
vt 0.640000 0.500000
vt 0.630000 1.000000
vt 0.630000 0.500000
vt 0.620000 1.000000
vt 0.620000 0.500000
vt 0.610000 1.000000
vt 0.610000 0.500000
vt 0.600000 1.000000
vt 0.600000 0.500000
vt 0.590000 1.000000
vt 0.590000 0.500000
vt 0.580000 1.000000
vt 0.580000 0.500000
vt 0.570000 1.000000
vt 0.570000 0.500000
vt 0.560000 1.000000
vt 0.560000 0.500000
vt 0.550000 1.000000
vt 0.550000 0.500000
vt 0.540000 1.000000
vt 0.540000 0.500000
vt 0.530000 1.000000
vt 0.530000 0.500000
vt 0.520000 1.000000
vt 0.520000 0.500000
vt 0.510000 1.000000
vt 0.510000 0.500000
vt 0.500000 1.000000
vt 0.500000 0.500000
vt 0.490000 1.000000
vt 0.490000 0.500000
vt 0.480000 1.000000
vt 0.480000 0.500000
vt 0.470001 1.000000
vt 0.470001 0.500000
vt 0.460001 1.000000
vt 0.460001 0.500000
vt 0.450001 1.000000
vt 0.450001 0.500000
vt 0.440001 1.000000
vt 0.440001 0.500000
vt 0.430001 1.000000
vt 0.430001 0.500000
vt 0.420001 1.000000
vt 0.420001 0.500000
vt 0.410001 1.000000
vt 0.410001 0.500000
vt 0.400001 1.000000
vt 0.400001 0.500000
vt 0.390001 1.000000
vt 0.390001 0.500000
vt 0.380001 1.000000
vt 0.380001 0.500000
vt 0.370001 1.000000
vt 0.370001 0.500000
vt 0.360001 1.000000
vt 0.360001 0.500000
vt 0.350001 1.000000
vt 0.350001 0.500000
vt 0.340001 1.000000
vt 0.340001 0.500000
vt 0.330001 1.000000
vt 0.330001 0.500000
vt 0.320001 1.000000
vt 0.320001 0.500000
vt 0.310001 1.000000
vt 0.310001 0.500000
vt 0.300001 1.000000
vt 0.300001 0.500000
vt 0.290001 1.000000
vt 0.290001 0.500000
vt 0.280001 1.000000
vt 0.280001 0.500000
vt 0.270001 1.000000
vt 0.270001 0.500000
vt 0.260001 1.000000
vt 0.260001 0.500000
vt 0.250001 1.000000
vt 0.250001 0.500000
vt 0.240001 1.000000
vt 0.240001 0.500000
vt 0.230001 1.000000
vt 0.230001 0.500000
vt 0.220001 1.000000
vt 0.220001 0.500000
vt 0.210001 1.000000
vt 0.210001 0.500000
vt 0.200001 1.000000
vt 0.200001 0.500000
vt 0.190001 1.000000
vt 0.190001 0.500000
vt 0.180001 1.000000
vt 0.180001 0.500000
vt 0.170001 1.000000
vt 0.170001 0.500000
vt 0.160001 1.000000
vt 0.160001 0.500000
vt 0.150001 1.000000
vt 0.150001 0.500000
vt 0.140001 1.000000
vt 0.140001 0.500000
vt 0.130001 1.000000
vt 0.130001 0.500000
vt 0.120001 1.000000
vt 0.120001 0.500000
vt 0.110001 1.000000
vt 0.110001 0.500000
vt 0.100001 1.000000
vt 0.100001 0.500000
vt 0.090001 1.000000
vt 0.090001 0.500000
vt 0.080001 1.000000
vt 0.080001 0.500000
vt 0.070001 1.000000
vt 0.070001 0.500000
vt 0.060001 1.000000
vt 0.060001 0.500000
vt 0.050001 1.000000
vt 0.050001 0.500000
vt 0.040001 1.000000
vt 0.040001 0.500000
vt 0.030001 1.000000
vt 0.030001 0.500000
vt 0.020001 1.000000
vt 0.020001 0.500000
vt 0.265070 0.489526
vt 0.250000 0.490000
vt 0.234930 0.489526
vt 0.219920 0.488108
vt 0.205028 0.485749
vt 0.190314 0.482460
vt 0.175836 0.478254
vt 0.161650 0.473146
vt 0.147813 0.467158
vt 0.134379 0.460314
vt 0.121402 0.452639
vt 0.108932 0.444164
vt 0.097018 0.434923
vt 0.085709 0.424952
vt 0.075048 0.414291
vt 0.065077 0.402982
vt 0.055836 0.391068
vt 0.047361 0.378598
vt 0.039686 0.365621
vt 0.032842 0.352187
vt 0.026854 0.338350
vt 0.021746 0.324164
vt 0.017540 0.309686
vt 0.014251 0.294972
vt 0.011892 0.280080
vt 0.010474 0.265070
vt 0.010000 0.250000
vt 0.010474 0.234930
vt 0.011892 0.219920
vt 0.014251 0.205028
vt 0.017540 0.190314
vt 0.021746 0.175836
vt 0.026854 0.161650
vt 0.032842 0.147813
vt 0.039686 0.134379
vt 0.047361 0.121402
vt 0.055836 0.108932
vt 0.065077 0.097018
vt 0.075048 0.085709
vt 0.085709 0.075048
vt 0.097018 0.065077
vt 0.108932 0.055836
vt 0.121402 0.047361
vt 0.134379 0.039686
vt 0.147813 0.032842
vt 0.161650 0.026854
vt 0.175836 0.021746
vt 0.190314 0.017540
vt 0.205028 0.014251
vt 0.219920 0.011892
vt 0.234930 0.010474
vt 0.250000 0.010000
vt 0.265070 0.010474
vt 0.280080 0.011892
vt 0.294972 0.014251
vt 0.309686 0.017540
vt 0.324164 0.021746
vt 0.338350 0.026854
vt 0.352187 0.032842
vt 0.365621 0.039686
vt 0.378598 0.047361
vt 0.391068 0.055836
vt 0.402982 0.065077
vt 0.414291 0.075048
vt 0.424952 0.085709
vt 0.434923 0.097018
vt 0.444164 0.108932
vt 0.452639 0.121402
vt 0.460314 0.134379
vt 0.467158 0.147813
vt 0.473146 0.161650
vt 0.478254 0.175836
vt 0.482460 0.190314
vt 0.485749 0.205028
vt 0.488108 0.219920
vt 0.489526 0.234930
vt 0.490000 0.250000
vt 0.489526 0.265070
vt 0.488108 0.280080
vt 0.485749 0.294972
vt 0.482460 0.309686
vt 0.478254 0.324164
vt 0.473146 0.338350
vt 0.467158 0.352187
vt 0.460314 0.365621
vt 0.452639 0.378598
vt 0.444164 0.391068
vt 0.434923 0.402982
vt 0.424952 0.414291
vt 0.414291 0.424952
vt 0.402982 0.434923
vt 0.391068 0.444164
vt 0.378598 0.452639
vt 0.365621 0.460314
vt 0.352187 0.467158
vt 0.338350 0.473146
vt 0.324164 0.478254
vt 0.309686 0.482460
vt 0.294972 0.485749
vt 0.280080 0.488108
vt 0.010001 1.000000
vt 0.010001 0.500000
vt 0.000001 1.000000
vt 0.000001 0.500000
vt 0.750000 0.490000
vt 0.765070 0.489526
vt 0.780080 0.488108
vt 0.794972 0.485749
vt 0.809686 0.482460
vt 0.824164 0.478254
vt 0.838350 0.473146
vt 0.852187 0.467158
vt 0.865621 0.460314
vt 0.878598 0.452639
vt 0.891068 0.444164
vt 0.902982 0.434923
vt 0.914291 0.424952
vt 0.924952 0.414291
vt 0.934923 0.402982
vt 0.944164 0.391068
vt 0.952639 0.378598
vt 0.960314 0.365621
vt 0.967158 0.352187
vt 0.973146 0.338350
vt 0.978254 0.324164
vt 0.982460 0.309686
vt 0.985749 0.294972
vt 0.988108 0.280080
vt 0.989526 0.265070
vt 0.990000 0.250000
vt 0.989526 0.234930
vt 0.988108 0.219920
vt 0.985749 0.205028
vt 0.982460 0.190314
vt 0.978254 0.175836
vt 0.973146 0.161650
vt 0.967158 0.147813
vt 0.960314 0.134379
vt 0.952639 0.121402
vt 0.944164 0.108932
vt 0.934923 0.097018
vt 0.924952 0.085709
vt 0.914291 0.075048
vt 0.902982 0.065077
vt 0.891068 0.055836
vt 0.878598 0.047361
vt 0.865621 0.039686
vt 0.852187 0.032842
vt 0.838350 0.026854
vt 0.824164 0.021746
vt 0.809686 0.017540
vt 0.794972 0.014251
vt 0.780080 0.011892
vt 0.765070 0.010474
vt 0.750000 0.010000
vt 0.734930 0.010474
vt 0.719920 0.011892
vt 0.705028 0.014251
vt 0.690314 0.017540
vt 0.675836 0.021746
vt 0.661650 0.026854
vt 0.647813 0.032842
vt 0.634379 0.039686
vt 0.621402 0.047361
vt 0.608932 0.055836
vt 0.597018 0.065077
vt 0.585709 0.075048
vt 0.575048 0.085709
vt 0.565077 0.097018
vt 0.555836 0.108932
vt 0.547361 0.121402
vt 0.539686 0.134379
vt 0.532842 0.147813
vt 0.526854 0.161650
vt 0.521746 0.175836
vt 0.517540 0.190314
vt 0.514251 0.205028
vt 0.511892 0.219920
vt 0.510474 0.234930
vt 0.510000 0.250000
vt 0.510474 0.265070
vt 0.511892 0.280080
vt 0.514251 0.294972
vt 0.517540 0.309686
vt 0.521746 0.324164
vt 0.526854 0.338350
vt 0.532842 0.352187
vt 0.539686 0.365621
vt 0.547361 0.378598
vt 0.555836 0.391068
vt 0.565077 0.402982
vt 0.575048 0.414291
vt 0.585709 0.424952
vt 0.597018 0.434923
vt 0.608932 0.444164
vt 0.621402 0.452639
vt 0.634379 0.460314
vt 0.647813 0.467158
vt 0.661650 0.473146
vt 0.675836 0.478254
vt 0.690314 0.482460
vt 0.705028 0.485749
vt 0.719920 0.488108
vt 0.734930 0.489526
s 0
usemtl Material
f 601/1207/307 602/1208/307 604/1209/307 603/1210/307
f 603/1210/308 604/1209/308 606/1211/308 605/1212/308
f 605/1212/309 606/1211/309 608/1213/309 607/1214/309
f 607/1214/310 608/1213/310 610/1215/310 609/1216/310
f 609/1216/311 610/1215/311 612/1217/311 611/1218/311
f 611/1218/312 612/1217/312 614/1219/312 613/1220/312
f 613/1220/313 614/1219/313 616/1221/313 615/1222/313
f 615/1222/314 616/1221/314 618/1223/314 617/1224/314
f 617/1224/315 618/1223/315 620/1225/315 619/1226/315
f 619/1226/316 620/1225/316 622/1227/316 621/1228/316
f 621/1228/317 622/1227/317 624/1229/317 623/1230/317
f 623/1230/318 624/1229/318 626/1231/318 625/1232/318
f 625/1232/319 626/1231/319 628/1233/319 627/1234/319
f 627/1234/320 628/1233/320 630/1235/320 629/1236/320
f 629/1236/321 630/1235/321 632/1237/321 631/1238/321
f 631/1238/322 632/1237/322 634/1239/322 633/1240/322
f 633/1240/323 634/1239/323 636/1241/323 635/1242/323
f 635/1242/324 636/1241/324 638/1243/324 637/1244/324
f 637/1244/325 638/1243/325 640/1245/325 639/1246/325
f 639/1246/326 640/1245/326 642/1247/326 641/1248/326
f 641/1248/327 642/1247/327 644/1249/327 643/1250/327
f 643/1250/328 644/1249/328 646/1251/328 645/1252/328
f 645/1252/329 646/1251/329 648/1253/329 647/1254/329
f 647/1254/330 648/1253/330 650/1255/330 649/1256/330
f 649/1256/331 650/1255/331 652/1257/331 651/1258/331
f 651/1258/332 652/1257/332 654/1259/332 653/1260/332
f 653/1260/333 654/1259/333 656/1261/333 655/1262/333
f 655/1262/334 656/1261/334 658/1263/334 657/1264/334
f 657/1264/335 658/1263/335 660/1265/335 659/1266/335
f 659/1266/336 660/1265/336 662/1267/336 661/1268/336
f 661/1268/337 662/1267/337 664/1269/337 663/1270/337
f 663/1270/338 664/1269/338 666/1271/338 665/1272/338
f 665/1272/339 666/1271/339 668/1273/339 667/1274/339
f 667/1274/340 668/1273/340 670/1275/340 669/1276/340
f 669/1276/341 670/1275/341 672/1277/341 671/1278/341
f 671/1278/342 672/1277/342 674/1279/342 673/1280/342
f 673/1280/343 674/1279/343 676/1281/343 675/1282/343
f 675/1282/344 676/1281/344 678/1283/344 677/1284/344
f 677/1284/345 678/1283/345 680/1285/345 679/1286/345
f 679/1286/346 680/1285/346 682/1287/346 681/1288/346
f 681/1288/347 682/1287/347 684/1289/347 683/1290/347
f 683/1290/348 684/1289/348 686/1291/348 685/1292/348
f 685/1292/349 686/1291/349 688/1293/349 687/1294/349
f 687/1294/350 688/1293/350 690/1295/350 689/1296/350
f 689/1296/351 690/1295/351 692/1297/351 691/1298/351
f 691/1298/352 692/1297/352 694/1299/352 693/1300/352
f 693/1300/353 694/1299/353 696/1301/353 695/1302/353
f 695/1302/354 696/1301/354 698/1303/354 697/1304/354
f 697/1304/355 698/1303/355 700/1305/355 699/1306/355
f 699/1306/356 700/1305/356 702/1307/356 701/1308/356
f 701/1308/357 702/1307/357 704/1309/357 703/1310/357
f 703/1310/358 704/1309/358 706/1311/358 705/1312/358
f 705/1312/359 706/1311/359 708/1313/359 707/1314/359
f 707/1314/360 708/1313/360 710/1315/360 709/1316/360
f 709/1316/361 710/1315/361 712/1317/361 711/1318/361
f 711/1318/362 712/1317/362 714/1319/362 713/1320/362
f 713/1320/363 714/1319/363 716/1321/363 715/1322/363
f 715/1322/364 716/1321/364 718/1323/364 717/1324/364
f 717/1324/365 718/1323/365 720/1325/365 719/1326/365
f 719/1326/366 720/1325/366 722/1327/366 721/1328/366
f 721/1328/367 722/1327/367 724/1329/367 723/1330/367
f 723/1330/368 724/1329/368 726/1331/368 725/1332/368
f 725/1332/369 726/1331/369 728/1333/369 727/1334/369
f 727/1334/370 728/1333/370 730/1335/370 729/1336/370
f 729/1336/371 730/1335/371 732/1337/371 731/1338/371
f 731/1338/372 732/1337/372 734/1339/372 733/1340/372
f 733/1340/373 734/1339/373 736/1341/373 735/1342/373
f 735/1342/374 736/1341/374 738/1343/374 737/1344/374
f 737/1344/375 738/1343/375 740/1345/375 739/1346/375
f 739/1346/376 740/1345/376 742/1347/376 741/1348/376
f 741/1348/377 742/1347/377 744/1349/377 743/1350/377
f 743/1350/378 744/1349/378 746/1351/378 745/1352/378
f 745/1352/379 746/1351/379 748/1353/379 747/1354/379
f 747/1354/380 748/1353/380 750/1355/380 749/1356/380
f 749/1356/381 750/1355/381 752/1357/381 751/1358/381
f 751/1358/382 752/1357/382 754/1359/382 753/1360/382
f 753/1360/383 754/1359/383 756/1361/383 755/1362/383
f 755/1362/384 756/1361/384 758/1363/384 757/1364/384
f 757/1364/385 758/1363/385 760/1365/385 759/1366/385
f 759/1366/386 760/1365/386 762/1367/386 761/1368/386
f 761/1368/387 762/1367/387 764/1369/387 763/1370/387
f 763/1370/388 764/1369/388 766/1371/388 765/1372/388
f 765/1372/389 766/1371/389 768/1373/389 767/1374/389
f 767/1374/390 768/1373/390 770/1375/390 769/1376/390
f 769/1376/391 770/1375/391 772/1377/391 771/1378/391
f 771/1378/392 772/1377/392 774/1379/392 773/1380/392
f 773/1380/393 774/1379/393 776/1381/393 775/1382/393
f 775/1382/394 776/1381/394 778/1383/394 777/1384/394
f 777/1384/395 778/1383/395 780/1385/395 779/1386/395
f 779/1386/396 780/1385/396 782/1387/396 781/1388/396
f 781/1388/397 782/1387/397 784/1389/397 783/1390/397
f 783/1390/398 784/1389/398 786/1391/398 785/1392/398
f 785/1392/399 786/1391/399 788/1393/399 787/1394/399
f 787/1394/400 788/1393/400 790/1395/400 789/1396/400
f 789/1396/401 790/1395/401 792/1397/401 791/1398/401
f 791/1398/402 792/1397/402 794/1399/402 793/1400/402
f 793/1400/403 794/1399/403 796/1401/403 795/1402/403
f 795/1402/404 796/1401/404 798/1403/404 797/1404/404
f 604/1405/405 602/1406/405 800/1407/405 798/1408/405 796/1409/405 794/1410/405 792/1411/405 790/1412/405 788/1413/405 786/1414/405 784/1415/405 782/1416/405 780/1417/405 778/1418/405 776/1419/405 774/1420/405 772/1421/405 770/1422/405 768/1423/405 766/1424/405 764/1425/405 762/1426/405 760/1427/405 758/1428/405 756/1429/405 754/1430/405 752/1431/405 750/1432/405 748/1433/405 746/1434/405 744/1435/405 742/1436/405 740/1437/405 738/1438/405 736/1439/405 734/1440/405 732/1441/405 730/1442/405 728/1443/405 726/1444/405 724/1445/405 722/1446/405 720/1447/405 718/1448/405 716/1449/405 714/1450/405 712/1451/405 710/1452/405 708/1453/405 706/1454/405 704/1455/405 702/1456/405 700/1457/405 698/1458/405 696/1459/405 694/1460/405 692/1461/405 690/1462/405 688/1463/405 686/1464/405 684/1465/405 682/1466/405 680/1467/405 678/1468/405 676/1469/405 674/1470/405 672/1471/405 670/1472/405 668/1473/405 666/1474/405 664/1475/405 662/1476/405 660/1477/405 658/1478/405 656/1479/405 654/1480/405 652/1481/405 650/1482/405 648/1483/405 646/1484/405 644/1485/405 642/1486/405 640/1487/405 638/1488/405 636/1489/405 634/1490/405 632/1491/405 630/1492/405 628/1493/405 626/1494/405 624/1495/405 622/1496/405 620/1497/405 618/1498/405 616/1499/405 614/1500/405 612/1501/405 610/1502/405 608/1503/405 606/1504/405
f 797/1404/406 798/1403/406 800/1505/406 799/1506/406
f 799/1506/407 800/1505/407 602/1507/407 601/1508/407
f 601/1509/408 603/1510/408 605/1511/408 607/1512/408 609/1513/408 611/1514/408 613/1515/408 615/1516/408 617/1517/408 619/1518/408 621/1519/408 623/1520/408 625/1521/408 627/1522/408 629/1523/408 631/1524/408 633/1525/408 635/1526/408 637/1527/408 639/1528/408 641/1529/408 643/1530/408 645/1531/408 647/1532/408 649/1533/408 651/1534/408 653/1535/408 655/1536/408 657/1537/408 659/1538/408 661/1539/408 663/1540/408 665/1541/408 667/1542/408 669/1543/408 671/1544/408 673/1545/408 675/1546/408 677/1547/408 679/1548/408 681/1549/408 683/1550/408 685/1551/408 687/1552/408 689/1553/408 691/1554/408 693/1555/408 695/1556/408 697/1557/408 699/1558/408 701/1559/408 703/1560/408 705/1561/408 707/1562/408 709/1563/408 711/1564/408 713/1565/408 715/1566/408 717/1567/408 719/1568/408 721/1569/408 723/1570/408 725/1571/408 727/1572/408 729/1573/408 731/1574/408 733/1575/408 735/1576/408 737/1577/408 739/1578/408 741/1579/408 743/1580/408 745/1581/408 747/1582/408 749/1583/408 751/1584/408 753/1585/408 755/1586/408 757/1587/408 759/1588/408 761/1589/408 763/1590/408 765/1591/408 767/1592/408 769/1593/408 771/1594/408 773/1595/408 775/1596/408 777/1597/408 779/1598/408 781/1599/408 783/1600/408 785/1601/408 787/1602/408 789/1603/408 791/1604/408 793/1605/408 795/1606/408 797/1607/408 799/1608/408
o Cylinder.004
v 3.321658 0.159993 -6.234266
v 3.321658 3.669993 -6.234266
v 3.351483 0.159993 -6.233772
v 3.368013 3.669993 -6.233772
v 3.381191 0.159993 -6.232295
v 3.414185 3.669993 -6.232295
v 3.410664 0.159993 -6.229837
v 3.459992 3.669993 -6.229837
v 3.439785 0.159993 -6.226412
v 3.505253 3.669993 -6.226412
v 3.468441 0.159993 -6.222030
v 3.549789 3.669993 -6.222030
v 3.496517 0.159993 -6.216710
v 3.593426 3.669993 -6.216710
v 3.523903 0.159993 -6.210473
v 3.635989 3.669993 -6.210473
v 3.550491 0.159993 -6.203342
v 3.677312 3.669993 -6.203342
v 3.576175 0.159993 -6.195348
v 3.717232 3.669993 -6.195348
v 3.600856 0.159993 -6.186520
v 3.755590 3.669993 -6.186520
v 3.624434 0.159993 -6.176894
v 3.792236 3.669993 -6.176894
v 3.646817 0.159993 -6.166508
v 3.827024 3.669993 -6.166508
v 3.667918 0.159993 -6.155403
v 3.859819 3.669993 -6.155403
v 3.687651 0.159993 -6.143622
v 3.890489 3.669993 -6.143622
v 3.705941 0.159993 -6.131212
v 3.918915 3.669993 -6.131212
v 3.722713 0.159993 -6.118223
v 3.944983 3.669993 -6.118223
v 3.737903 0.159993 -6.104704
v 3.968591 3.669993 -6.104704
v 3.751451 0.159993 -6.090711
v 3.989646 3.669993 -6.090711
v 3.763301 0.159993 -6.076297
v 4.008065 3.669993 -6.076297
v 3.773409 0.159993 -6.061520
v 4.023775 3.669993 -6.061520
v 3.781735 0.159993 -6.046438
v 4.036714 3.669993 -6.046438
v 3.788244 0.159993 -6.031111
v 4.046831 3.669993 -6.031111
v 3.792912 0.159993 -6.015599
v 4.054086 3.669993 -6.015599
v 3.795720 0.159993 -5.999963
v 4.058451 3.669993 -5.999963
v 3.796658 0.159993 -5.984266
v 4.059908 3.669993 -5.984266
v 3.795720 0.159993 -5.968568
v 4.058451 3.669993 -5.968568
v 3.792912 0.159993 -5.952932
v 4.054086 3.669993 -5.952932
v 3.788244 0.159993 -5.937420
v 4.046831 3.669993 -5.937420
v 3.781735 0.159993 -5.922093
v 4.036714 3.669993 -5.922093
v 3.773409 0.159993 -5.907012
v 4.023775 3.669993 -5.907012
v 3.763301 0.159993 -5.892235
v 4.008065 3.669993 -5.892235
v 3.751451 0.159993 -5.877821
v 3.989646 3.669993 -5.877821
v 3.737903 0.159993 -5.863827
v 3.968591 3.669993 -5.863827
v 3.722713 0.159993 -5.850309
v 3.944983 3.669993 -5.850309
v 3.705941 0.159993 -5.837319
v 3.918915 3.669993 -5.837319
v 3.687651 0.159993 -5.824910
v 3.890489 3.669993 -5.824910
v 3.667918 0.159993 -5.813129
v 3.859819 3.669993 -5.813129
v 3.646817 0.159993 -5.802024
v 3.827024 3.669993 -5.802024
v 3.624434 0.159993 -5.791637
v 3.792236 3.669993 -5.791637
v 3.600856 0.159993 -5.782012
v 3.755590 3.669993 -5.782012
v 3.576175 0.159993 -5.773184
v 3.717232 3.669993 -5.773184
v 3.550491 0.159993 -5.765189
v 3.677312 3.669993 -5.765189
v 3.523903 0.159993 -5.758059
v 3.635989 3.669993 -5.758059
v 3.496517 0.159993 -5.751822
v 3.593426 3.669993 -5.751822
v 3.468441 0.159993 -5.746501
v 3.549789 3.669993 -5.746501
v 3.439785 0.159993 -5.742120
v 3.505253 3.669993 -5.742120
v 3.410664 0.159993 -5.738694
v 3.459992 3.669993 -5.738694
v 3.381191 0.159993 -5.736237
v 3.414185 3.669993 -5.736237
v 3.351483 0.159993 -5.734759
v 3.368013 3.669993 -5.734759
v 3.321658 0.159993 -5.734266
v 3.321658 3.669993 -5.734266
v 3.291832 0.159993 -5.734759
v 3.275303 3.669993 -5.734759
v 3.262124 0.159993 -5.736237
v 3.229131 3.669993 -5.736237
v 3.232651 0.159993 -5.738694
v 3.183323 3.669993 -5.738694
v 3.203530 0.159993 -5.742120
v 3.138062 3.669993 -5.742120
v 3.174875 0.159993 -5.746501
v 3.093526 3.669993 -5.746501
v 3.146798 0.159993 -5.751822
v 3.049890 3.669993 -5.751822
v 3.119412 0.159993 -5.758059
v 3.007326 3.669993 -5.758059
v 3.092825 0.159993 -5.765189
v 2.966003 3.669993 -5.765189
v 3.067140 0.159993 -5.773184
v 2.926084 3.669993 -5.773184
v 3.042460 0.159993 -5.782012
v 2.887725 3.669993 -5.782012
v 3.018881 0.159993 -5.791637
v 2.851079 3.669993 -5.791637
v 2.996498 0.159993 -5.802024
v 2.816291 3.669993 -5.802024
v 2.975398 0.159993 -5.813129
v 2.783497 3.669993 -5.813129
v 2.955664 0.159993 -5.824910
v 2.752826 3.669993 -5.824910
v 2.937375 0.159993 -5.837319
v 2.724401 3.669993 -5.837319
v 2.920602 0.159993 -5.850309
v 2.698333 3.669993 -5.850309
v 2.905412 0.159993 -5.863827
v 2.674724 3.669993 -5.863827
v 2.891865 0.159993 -5.877821
v 2.653669 3.669993 -5.877821
v 2.880014 0.159993 -5.892235
v 2.635250 3.669993 -5.892235
v 2.869906 0.159993 -5.907012
v 2.619540 3.669993 -5.907012
v 2.861581 0.159993 -5.922093
v 2.606601 3.669993 -5.922093
v 2.855071 0.159993 -5.937420
v 2.596484 3.669993 -5.937420
v 2.850403 0.159993 -5.952932
v 2.589229 3.669993 -5.952932
v 2.847595 0.159993 -5.968568
v 2.584864 3.669993 -5.968568
v 2.846658 0.159993 -5.984266
v 2.583408 3.669993 -5.984266
v 2.847595 0.159993 -5.999963
v 2.584864 3.669993 -5.999963
v 2.850403 0.159993 -6.015599
v 2.589229 3.669993 -6.015599
v 2.855071 0.159993 -6.031111
v 2.596484 3.669993 -6.031111
v 2.861581 0.159993 -6.046438
v 2.606601 3.669993 -6.046438
v 2.869906 0.159993 -6.061520
v 2.619540 3.669993 -6.061520
v 2.880014 0.159993 -6.076297
v 2.635250 3.669993 -6.076297
v 2.891865 0.159993 -6.090711
v 2.653669 3.669993 -6.090711
v 2.905412 0.159993 -6.104704
v 2.674724 3.669993 -6.104704
v 2.920602 0.159993 -6.118223
v 2.698333 3.669993 -6.118223
v 2.937375 0.159993 -6.131212
v 2.724401 3.669993 -6.131212
v 2.955664 0.159993 -6.143622
v 2.752826 3.669993 -6.143622
v 2.975398 0.159993 -6.155403
v 2.783497 3.669993 -6.155403
v 2.996498 0.159993 -6.166508
v 2.816291 3.669993 -6.166508
v 3.018881 0.159993 -6.176894
v 2.851079 3.669993 -6.176894
v 3.042460 0.159993 -6.186520
v 2.887725 3.669993 -6.186520
v 3.067140 0.159993 -6.195348
v 2.926084 3.669993 -6.195348
v 3.092825 0.159993 -6.203342
v 2.966003 3.669993 -6.203342
v 3.119412 0.159993 -6.210473
v 3.007326 3.669993 -6.210473
v 3.146798 0.159993 -6.216710
v 3.049890 3.669993 -6.216710
v 3.174875 0.159993 -6.222030
v 3.093526 3.669993 -6.222030
v 3.203530 0.159993 -6.226412
v 3.138062 3.669993 -6.226412
v 3.232651 0.159993 -6.229837
v 3.183323 3.669993 -6.229837
v 3.262124 0.159993 -6.232295
v 3.229131 3.669993 -6.232295
v 3.291832 0.159993 -6.233772
v 3.275303 3.669993 -6.233772
vn 0.0130 -0.0000 -0.9999
vn 0.0389 -0.0003 -0.9992
vn 0.0651 -0.0008 -0.9979
vn 0.0917 -0.0015 -0.9958
vn 0.1189 -0.0025 -0.9929
vn 0.1468 -0.0037 -0.9892
vn 0.1756 -0.0052 -0.9845
vn 0.2055 -0.0070 -0.9786
vn 0.2368 -0.0090 -0.9715
vn 0.2697 -0.0114 -0.9629
vn 0.3045 -0.0140 -0.9524
vn 0.3414 -0.0169 -0.9398
vn 0.3809 -0.0202 -0.9244
vn 0.4234 -0.0238 -0.9057
vn 0.4690 -0.0278 -0.8828
vn 0.5183 -0.0321 -0.8546
vn 0.5713 -0.0369 -0.8199
vn 0.6283 -0.0420 -0.7768
vn 0.6889 -0.0474 -0.7233
vn 0.7520 -0.0530 -0.6570
vn 0.8159 -0.0587 -0.5752
vn 0.8772 -0.0642 -0.4758
vn 0.9312 -0.0689 -0.3579
vn 0.9721 -0.0725 -0.2230
vn 0.9943 -0.0745 -0.0758
vn 0.9943 -0.0745 0.0758
vn 0.9721 -0.0725 0.2230
vn 0.9312 -0.0689 0.3579
vn 0.8772 -0.0642 0.4758
vn 0.8159 -0.0587 0.5752
vn 0.7520 -0.0530 0.6570
vn 0.6889 -0.0474 0.7233
vn 0.6283 -0.0420 0.7768
vn 0.5713 -0.0369 0.8199
vn 0.5183 -0.0321 0.8546
vn 0.4690 -0.0278 0.8828
vn 0.4234 -0.0238 0.9057
vn 0.3809 -0.0202 0.9244
vn 0.3414 -0.0169 0.9398
vn 0.3045 -0.0140 0.9524
vn 0.2697 -0.0114 0.9629
vn 0.2368 -0.0090 0.9715
vn 0.2055 -0.0070 0.9786
vn 0.1756 -0.0052 0.9845
vn 0.1468 -0.0037 0.9892
vn 0.1189 -0.0025 0.9929
vn 0.0917 -0.0015 0.9958
vn 0.0651 -0.0008 0.9979
vn 0.0389 -0.0003 0.9992
vn 0.0130 -0.0000 0.9999
vn -0.0130 -0.0000 0.9999
vn -0.0389 -0.0003 0.9992
vn -0.0651 -0.0008 0.9979
vn -0.0917 -0.0015 0.9958
vn -0.1189 -0.0025 0.9929
vn -0.1468 -0.0037 0.9892
vn -0.1756 -0.0052 0.9845
vn -0.2055 -0.0070 0.9786
vn -0.2368 -0.0090 0.9715
vn -0.2697 -0.0114 0.9629
vn -0.3045 -0.0140 0.9524
vn -0.3414 -0.0169 0.9398
vn -0.3809 -0.0202 0.9244
vn -0.4234 -0.0238 0.9057
vn -0.4690 -0.0278 0.8828
vn -0.5183 -0.0321 0.8546
vn -0.5713 -0.0369 0.8199
vn -0.6283 -0.0420 0.7768
vn -0.6889 -0.0474 0.7233
vn -0.7520 -0.0530 0.6570
vn -0.8159 -0.0587 0.5752
vn -0.8772 -0.0642 0.4758
vn -0.9312 -0.0689 0.3579
vn -0.9721 -0.0725 0.2230
vn -0.9943 -0.0745 0.0758
vn -0.9943 -0.0745 -0.0758
vn -0.9721 -0.0725 -0.2230
vn -0.9312 -0.0689 -0.3579
vn -0.8772 -0.0642 -0.4758
vn -0.8159 -0.0587 -0.5752
vn -0.7520 -0.0530 -0.6570
vn -0.6889 -0.0474 -0.7233
vn -0.6283 -0.0420 -0.7768
vn -0.5713 -0.0369 -0.8199
vn -0.5183 -0.0321 -0.8546
vn -0.4690 -0.0278 -0.8828
vn -0.4234 -0.0238 -0.9057
vn -0.3809 -0.0202 -0.9244
vn -0.3414 -0.0169 -0.9398
vn -0.3045 -0.0140 -0.9524
vn -0.2697 -0.0114 -0.9629
vn -0.2368 -0.0090 -0.9715
vn -0.2055 -0.0070 -0.9786
vn -0.1756 -0.0052 -0.9845
vn -0.1468 -0.0037 -0.9892
vn -0.1189 -0.0025 -0.9929
vn -0.0917 -0.0015 -0.9958
vn -0.0651 -0.0008 -0.9979
vn -0.0000 1.0000 -0.0000
vn -0.0389 -0.0003 -0.9992
vn -0.0130 -0.0000 -0.9999
vn -0.0000 -1.0000 -0.0000
vt 1.000000 0.500000
vt 1.000000 1.000000
vt 0.990000 1.000000
vt 0.990000 0.500000
vt 0.980000 1.000000
vt 0.980000 0.500000
vt 0.970000 1.000000
vt 0.970000 0.500000
vt 0.960000 1.000000
vt 0.960000 0.500000
vt 0.950000 1.000000
vt 0.950000 0.500000
vt 0.940000 1.000000
vt 0.940000 0.500000
vt 0.930000 1.000000
vt 0.930000 0.500000
vt 0.920000 1.000000
vt 0.920000 0.500000
vt 0.910000 1.000000
vt 0.910000 0.500000
vt 0.900000 1.000000
vt 0.900000 0.500000
vt 0.890000 1.000000
vt 0.890000 0.500000
vt 0.880000 1.000000
vt 0.880000 0.500000
vt 0.870000 1.000000
vt 0.870000 0.500000
vt 0.860000 1.000000
vt 0.860000 0.500000
vt 0.850000 1.000000
vt 0.850000 0.500000
vt 0.840000 1.000000
vt 0.840000 0.500000
vt 0.830000 1.000000
vt 0.830000 0.500000
vt 0.820000 1.000000
vt 0.820000 0.500000
vt 0.810000 1.000000
vt 0.810000 0.500000
vt 0.800000 1.000000
vt 0.800000 0.500000
vt 0.790000 1.000000
vt 0.790000 0.500000
vt 0.780000 1.000000
vt 0.780000 0.500000
vt 0.770000 1.000000
vt 0.770000 0.500000
vt 0.760000 1.000000
vt 0.760000 0.500000
vt 0.750000 1.000000
vt 0.750000 0.500000
vt 0.740000 1.000000
vt 0.740000 0.500000
vt 0.730000 1.000000
vt 0.730000 0.500000
vt 0.720000 1.000000
vt 0.720000 0.500000
vt 0.710000 1.000000
vt 0.710000 0.500000
vt 0.700000 1.000000
vt 0.700000 0.500000
vt 0.690000 1.000000
vt 0.690000 0.500000
vt 0.680000 1.000000
vt 0.680000 0.500000
vt 0.670000 1.000000
vt 0.670000 0.500000
vt 0.660000 1.000000
vt 0.660000 0.500000
vt 0.650000 1.000000
vt 0.650000 0.500000
vt 0.640000 1.000000
vt 0.640000 0.500000
vt 0.630000 1.000000
vt 0.630000 0.500000
vt 0.620000 1.000000
vt 0.620000 0.500000
vt 0.610000 1.000000
vt 0.610000 0.500000
vt 0.600000 1.000000
vt 0.600000 0.500000
vt 0.590000 1.000000
vt 0.590000 0.500000
vt 0.580000 1.000000
vt 0.580000 0.500000
vt 0.570000 1.000000
vt 0.570000 0.500000
vt 0.560000 1.000000
vt 0.560000 0.500000
vt 0.550000 1.000000
vt 0.550000 0.500000
vt 0.540000 1.000000
vt 0.540000 0.500000
vt 0.530000 1.000000
vt 0.530000 0.500000
vt 0.520000 1.000000
vt 0.520000 0.500000
vt 0.510000 1.000000
vt 0.510000 0.500000
vt 0.500000 1.000000
vt 0.500000 0.500000
vt 0.490000 1.000000
vt 0.490000 0.500000
vt 0.480000 1.000000
vt 0.480000 0.500000
vt 0.470001 1.000000
vt 0.470001 0.500000
vt 0.460001 1.000000
vt 0.460001 0.500000
vt 0.450001 1.000000
vt 0.450001 0.500000
vt 0.440001 1.000000
vt 0.440001 0.500000
vt 0.430001 1.000000
vt 0.430001 0.500000
vt 0.420001 1.000000
vt 0.420001 0.500000
vt 0.410001 1.000000
vt 0.410001 0.500000
vt 0.400001 1.000000
vt 0.400001 0.500000
vt 0.390001 1.000000
vt 0.390001 0.500000
vt 0.380001 1.000000
vt 0.380001 0.500000
vt 0.370001 1.000000
vt 0.370001 0.500000
vt 0.360001 1.000000
vt 0.360001 0.500000
vt 0.350001 1.000000
vt 0.350001 0.500000
vt 0.340001 1.000000
vt 0.340001 0.500000
vt 0.330001 1.000000
vt 0.330001 0.500000
vt 0.320001 1.000000
vt 0.320001 0.500000
vt 0.310001 1.000000
vt 0.310001 0.500000
vt 0.300001 1.000000
vt 0.300001 0.500000
vt 0.290001 1.000000
vt 0.290001 0.500000
vt 0.280001 1.000000
vt 0.280001 0.500000
vt 0.270001 1.000000
vt 0.270001 0.500000
vt 0.260001 1.000000
vt 0.260001 0.500000
vt 0.250001 1.000000
vt 0.250001 0.500000
vt 0.240001 1.000000
vt 0.240001 0.500000
vt 0.230001 1.000000
vt 0.230001 0.500000
vt 0.220001 1.000000
vt 0.220001 0.500000
vt 0.210001 1.000000
vt 0.210001 0.500000
vt 0.200001 1.000000
vt 0.200001 0.500000
vt 0.190001 1.000000
vt 0.190001 0.500000
vt 0.180001 1.000000
vt 0.180001 0.500000
vt 0.170001 1.000000
vt 0.170001 0.500000
vt 0.160001 1.000000
vt 0.160001 0.500000
vt 0.150001 1.000000
vt 0.150001 0.500000
vt 0.140001 1.000000
vt 0.140001 0.500000
vt 0.130001 1.000000
vt 0.130001 0.500000
vt 0.120001 1.000000
vt 0.120001 0.500000
vt 0.110001 1.000000
vt 0.110001 0.500000
vt 0.100001 1.000000
vt 0.100001 0.500000
vt 0.090001 1.000000
vt 0.090001 0.500000
vt 0.080001 1.000000
vt 0.080001 0.500000
vt 0.070001 1.000000
vt 0.070001 0.500000
vt 0.060001 1.000000
vt 0.060001 0.500000
vt 0.050001 1.000000
vt 0.050001 0.500000
vt 0.040001 1.000000
vt 0.040001 0.500000
vt 0.030001 1.000000
vt 0.030001 0.500000
vt 0.020001 1.000000
vt 0.020001 0.500000
vt 0.265070 0.489526
vt 0.250000 0.490000
vt 0.234930 0.489526
vt 0.219920 0.488108
vt 0.205028 0.485749
vt 0.190314 0.482460
vt 0.175836 0.478254
vt 0.161650 0.473146
vt 0.147813 0.467158
vt 0.134379 0.460314
vt 0.121402 0.452639
vt 0.108932 0.444164
vt 0.097018 0.434923
vt 0.085709 0.424952
vt 0.075048 0.414291
vt 0.065077 0.402982
vt 0.055836 0.391068
vt 0.047361 0.378598
vt 0.039686 0.365621
vt 0.032842 0.352187
vt 0.026854 0.338350
vt 0.021746 0.324164
vt 0.017540 0.309686
vt 0.014251 0.294972
vt 0.011892 0.280080
vt 0.010474 0.265070
vt 0.010000 0.250000
vt 0.010474 0.234930
vt 0.011892 0.219920
vt 0.014251 0.205028
vt 0.017540 0.190314
vt 0.021746 0.175836
vt 0.026854 0.161650
vt 0.032842 0.147813
vt 0.039686 0.134379
vt 0.047361 0.121402
vt 0.055836 0.108932
vt 0.065077 0.097018
vt 0.075048 0.085709
vt 0.085709 0.075048
vt 0.097018 0.065077
vt 0.108932 0.055836
vt 0.121402 0.047361
vt 0.134379 0.039686
vt 0.147813 0.032842
vt 0.161650 0.026854
vt 0.175836 0.021746
vt 0.190314 0.017540
vt 0.205028 0.014251
vt 0.219920 0.011892
vt 0.234930 0.010474
vt 0.250000 0.010000
vt 0.265070 0.010474
vt 0.280080 0.011892
vt 0.294972 0.014251
vt 0.309686 0.017540
vt 0.324164 0.021746
vt 0.338350 0.026854
vt 0.352187 0.032842
vt 0.365621 0.039686
vt 0.378598 0.047361
vt 0.391068 0.055836
vt 0.402982 0.065077
vt 0.414291 0.075048
vt 0.424952 0.085709
vt 0.434923 0.097018
vt 0.444164 0.108932
vt 0.452639 0.121402
vt 0.460314 0.134379
vt 0.467158 0.147813
vt 0.473146 0.161650
vt 0.478254 0.175836
vt 0.482460 0.190314
vt 0.485749 0.205028
vt 0.488108 0.219920
vt 0.489526 0.234930
vt 0.490000 0.250000
vt 0.489526 0.265070
vt 0.488108 0.280080
vt 0.485749 0.294972
vt 0.482460 0.309686
vt 0.478254 0.324164
vt 0.473146 0.338350
vt 0.467158 0.352187
vt 0.460314 0.365621
vt 0.452639 0.378598
vt 0.444164 0.391068
vt 0.434923 0.402982
vt 0.424952 0.414291
vt 0.414291 0.424952
vt 0.402982 0.434923
vt 0.391068 0.444164
vt 0.378598 0.452639
vt 0.365621 0.460314
vt 0.352187 0.467158
vt 0.338350 0.473146
vt 0.324164 0.478254
vt 0.309686 0.482460
vt 0.294972 0.485749
vt 0.280080 0.488108
vt 0.010001 1.000000
vt 0.010001 0.500000
vt 0.000001 1.000000
vt 0.000001 0.500000
vt 0.750000 0.490000
vt 0.765070 0.489526
vt 0.780080 0.488108
vt 0.794972 0.485749
vt 0.809686 0.482460
vt 0.824164 0.478254
vt 0.838350 0.473146
vt 0.852187 0.467158
vt 0.865621 0.460314
vt 0.878598 0.452639
vt 0.891068 0.444164
vt 0.902982 0.434923
vt 0.914291 0.424952
vt 0.924952 0.414291
vt 0.934923 0.402982
vt 0.944164 0.391068
vt 0.952639 0.378598
vt 0.960314 0.365621
vt 0.967158 0.352187
vt 0.973146 0.338350
vt 0.978254 0.324164
vt 0.982460 0.309686
vt 0.985749 0.294972
vt 0.988108 0.280080
vt 0.989526 0.265070
vt 0.990000 0.250000
vt 0.989526 0.234930
vt 0.988108 0.219920
vt 0.985749 0.205028
vt 0.982460 0.190314
vt 0.978254 0.175836
vt 0.973146 0.161650
vt 0.967158 0.147813
vt 0.960314 0.134379
vt 0.952639 0.121402
vt 0.944164 0.108932
vt 0.934923 0.097018
vt 0.924952 0.085709
vt 0.914291 0.075048
vt 0.902982 0.065077
vt 0.891068 0.055836
vt 0.878598 0.047361
vt 0.865621 0.039686
vt 0.852187 0.032842
vt 0.838350 0.026854
vt 0.824164 0.021746
vt 0.809686 0.017540
vt 0.794972 0.014251
vt 0.780080 0.011892
vt 0.765070 0.010474
vt 0.750000 0.010000
vt 0.734930 0.010474
vt 0.719920 0.011892
vt 0.705028 0.014251
vt 0.690314 0.017540
vt 0.675836 0.021746
vt 0.661650 0.026854
vt 0.647813 0.032842
vt 0.634379 0.039686
vt 0.621402 0.047361
vt 0.608932 0.055836
vt 0.597018 0.065077
vt 0.585709 0.075048
vt 0.575048 0.085709
vt 0.565077 0.097018
vt 0.555836 0.108932
vt 0.547361 0.121402
vt 0.539686 0.134379
vt 0.532842 0.147813
vt 0.526854 0.161650
vt 0.521746 0.175836
vt 0.517540 0.190314
vt 0.514251 0.205028
vt 0.511892 0.219920
vt 0.510474 0.234930
vt 0.510000 0.250000
vt 0.510474 0.265070
vt 0.511892 0.280080
vt 0.514251 0.294972
vt 0.517540 0.309686
vt 0.521746 0.324164
vt 0.526854 0.338350
vt 0.532842 0.352187
vt 0.539686 0.365621
vt 0.547361 0.378598
vt 0.555836 0.391068
vt 0.565077 0.402982
vt 0.575048 0.414291
vt 0.585709 0.424952
vt 0.597018 0.434923
vt 0.608932 0.444164
vt 0.621402 0.452639
vt 0.634379 0.460314
vt 0.647813 0.467158
vt 0.661650 0.473146
vt 0.675836 0.478254
vt 0.690314 0.482460
vt 0.705028 0.485749
vt 0.719920 0.488108
vt 0.734930 0.489526
s 0
usemtl Material.005
f 801/1609/409 802/1610/409 804/1611/409 803/1612/409
f 803/1612/410 804/1611/410 806/1613/410 805/1614/410
f 805/1614/411 806/1613/411 808/1615/411 807/1616/411
f 807/1616/412 808/1615/412 810/1617/412 809/1618/412
f 809/1618/413 810/1617/413 812/1619/413 811/1620/413
f 811/1620/414 812/1619/414 814/1621/414 813/1622/414
f 813/1622/415 814/1621/415 816/1623/415 815/1624/415
f 815/1624/416 816/1623/416 818/1625/416 817/1626/416
f 817/1626/417 818/1625/417 820/1627/417 819/1628/417
f 819/1628/418 820/1627/418 822/1629/418 821/1630/418
f 821/1630/419 822/1629/419 824/1631/419 823/1632/419
f 823/1632/420 824/1631/420 826/1633/420 825/1634/420
f 825/1634/421 826/1633/421 828/1635/421 827/1636/421
f 827/1636/422 828/1635/422 830/1637/422 829/1638/422
f 829/1638/423 830/1637/423 832/1639/423 831/1640/423
f 831/1640/424 832/1639/424 834/1641/424 833/1642/424
f 833/1642/425 834/1641/425 836/1643/425 835/1644/425
f 835/1644/426 836/1643/426 838/1645/426 837/1646/426
f 837/1646/427 838/1645/427 840/1647/427 839/1648/427
f 839/1648/428 840/1647/428 842/1649/428 841/1650/428
f 841/1650/429 842/1649/429 844/1651/429 843/1652/429
f 843/1652/430 844/1651/430 846/1653/430 845/1654/430
f 845/1654/431 846/1653/431 848/1655/431 847/1656/431
f 847/1656/432 848/1655/432 850/1657/432 849/1658/432
f 849/1658/433 850/1657/433 852/1659/433 851/1660/433
f 851/1660/434 852/1659/434 854/1661/434 853/1662/434
f 853/1662/435 854/1661/435 856/1663/435 855/1664/435
f 855/1664/436 856/1663/436 858/1665/436 857/1666/436
f 857/1666/437 858/1665/437 860/1667/437 859/1668/437
f 859/1668/438 860/1667/438 862/1669/438 861/1670/438
f 861/1670/439 862/1669/439 864/1671/439 863/1672/439
f 863/1672/440 864/1671/440 866/1673/440 865/1674/440
f 865/1674/441 866/1673/441 868/1675/441 867/1676/441
f 867/1676/442 868/1675/442 870/1677/442 869/1678/442
f 869/1678/443 870/1677/443 872/1679/443 871/1680/443
f 871/1680/444 872/1679/444 874/1681/444 873/1682/444
f 873/1682/445 874/1681/445 876/1683/445 875/1684/445
f 875/1684/446 876/1683/446 878/1685/446 877/1686/446
f 877/1686/447 878/1685/447 880/1687/447 879/1688/447
f 879/1688/448 880/1687/448 882/1689/448 881/1690/448
f 881/1690/449 882/1689/449 884/1691/449 883/1692/449
f 883/1692/450 884/1691/450 886/1693/450 885/1694/450
f 885/1694/451 886/1693/451 888/1695/451 887/1696/451
f 887/1696/452 888/1695/452 890/1697/452 889/1698/452
f 889/1698/453 890/1697/453 892/1699/453 891/1700/453
f 891/1700/454 892/1699/454 894/1701/454 893/1702/454
f 893/1702/455 894/1701/455 896/1703/455 895/1704/455
f 895/1704/456 896/1703/456 898/1705/456 897/1706/456
f 897/1706/457 898/1705/457 900/1707/457 899/1708/457
f 899/1708/458 900/1707/458 902/1709/458 901/1710/458
f 901/1710/459 902/1709/459 904/1711/459 903/1712/459
f 903/1712/460 904/1711/460 906/1713/460 905/1714/460
f 905/1714/461 906/1713/461 908/1715/461 907/1716/461
f 907/1716/462 908/1715/462 910/1717/462 909/1718/462
f 909/1718/463 910/1717/463 912/1719/463 911/1720/463
f 911/1720/464 912/1719/464 914/1721/464 913/1722/464
f 913/1722/465 914/1721/465 916/1723/465 915/1724/465
f 915/1724/466 916/1723/466 918/1725/466 917/1726/466
f 917/1726/467 918/1725/467 920/1727/467 919/1728/467
f 919/1728/468 920/1727/468 922/1729/468 921/1730/468
f 921/1730/469 922/1729/469 924/1731/469 923/1732/469
f 923/1732/470 924/1731/470 926/1733/470 925/1734/470
f 925/1734/471 926/1733/471 928/1735/471 927/1736/471
f 927/1736/472 928/1735/472 930/1737/472 929/1738/472
f 929/1738/473 930/1737/473 932/1739/473 931/1740/473
f 931/1740/474 932/1739/474 934/1741/474 933/1742/474
f 933/1742/475 934/1741/475 936/1743/475 935/1744/475
f 935/1744/476 936/1743/476 938/1745/476 937/1746/476
f 937/1746/477 938/1745/477 940/1747/477 939/1748/477
f 939/1748/478 940/1747/478 942/1749/478 941/1750/478
f 941/1750/479 942/1749/479 944/1751/479 943/1752/479
f 943/1752/480 944/1751/480 946/1753/480 945/1754/480
f 945/1754/481 946/1753/481 948/1755/481 947/1756/481
f 947/1756/482 948/1755/482 950/1757/482 949/1758/482
f 949/1758/483 950/1757/483 952/1759/483 951/1760/483
f 951/1760/484 952/1759/484 954/1761/484 953/1762/484
f 953/1762/485 954/1761/485 956/1763/485 955/1764/485
f 955/1764/486 956/1763/486 958/1765/486 957/1766/486
f 957/1766/487 958/1765/487 960/1767/487 959/1768/487
f 959/1768/488 960/1767/488 962/1769/488 961/1770/488
f 961/1770/489 962/1769/489 964/1771/489 963/1772/489
f 963/1772/490 964/1771/490 966/1773/490 965/1774/490
f 965/1774/491 966/1773/491 968/1775/491 967/1776/491
f 967/1776/492 968/1775/492 970/1777/492 969/1778/492
f 969/1778/493 970/1777/493 972/1779/493 971/1780/493
f 971/1780/494 972/1779/494 974/1781/494 973/1782/494
f 973/1782/495 974/1781/495 976/1783/495 975/1784/495
f 975/1784/496 976/1783/496 978/1785/496 977/1786/496
f 977/1786/497 978/1785/497 980/1787/497 979/1788/497
f 979/1788/498 980/1787/498 982/1789/498 981/1790/498
f 981/1790/499 982/1789/499 984/1791/499 983/1792/499
f 983/1792/500 984/1791/500 986/1793/500 985/1794/500
f 985/1794/501 986/1793/501 988/1795/501 987/1796/501
f 987/1796/502 988/1795/502 990/1797/502 989/1798/502
f 989/1798/503 990/1797/503 992/1799/503 991/1800/503
f 991/1800/504 992/1799/504 994/1801/504 993/1802/504
f 993/1802/505 994/1801/505 996/1803/505 995/1804/505
f 995/1804/506 996/1803/506 998/1805/506 997/1806/506
f 804/1807/507 802/1808/507 1000/1809/507 998/1810/507 996/1811/507 994/1812/507 992/1813/507 990/1814/507 988/1815/507 986/1816/507 984/1817/507 982/1818/507 980/1819/507 978/1820/507 976/1821/507 974/1822/507 972/1823/507 970/1824/507 968/1825/507 966/1826/507 964/1827/507 962/1828/507 960/1829/507 958/1830/507 956/1831/507 954/1832/507 952/1833/507 950/1834/507 948/1835/507 946/1836/507 944/1837/507 942/1838/507 940/1839/507 938/1840/507 936/1841/507 934/1842/507 932/1843/507 930/1844/507 928/1845/507 926/1846/507 924/1847/507 922/1848/507 920/1849/507 918/1850/507 916/1851/507 914/1852/507 912/1853/507 910/1854/507 908/1855/507 906/1856/507 904/1857/507 902/1858/507 900/1859/507 898/1860/507 896/1861/507 894/1862/507 892/1863/507 890/1864/507 888/1865/507 886/1866/507 884/1867/507 882/1868/507 880/1869/507 878/1870/507 876/1871/507 874/1872/507 872/1873/507 870/1874/507 868/1875/507 866/1876/507 864/1877/507 862/1878/507 860/1879/507 858/1880/507 856/1881/507 854/1882/507 852/1883/507 850/1884/507 848/1885/507 846/1886/507 844/1887/507 842/1888/507 840/1889/507 838/1890/507 836/1891/507 834/1892/507 832/1893/507 830/1894/507 828/1895/507 826/1896/507 824/1897/507 822/1898/507 820/1899/507 818/1900/507 816/1901/507 814/1902/507 812/1903/507 810/1904/507 808/1905/507 806/1906/507
f 997/1806/508 998/1805/508 1000/1907/508 999/1908/508
f 999/1908/509 1000/1907/509 802/1909/509 801/1910/509
f 801/1911/510 803/1912/510 805/1913/510 807/1914/510 809/1915/510 811/1916/510 813/1917/510 815/1918/510 817/1919/510 819/1920/510 821/1921/510 823/1922/510 825/1923/510 827/1924/510 829/1925/510 831/1926/510 833/1927/510 835/1928/510 837/1929/510 839/1930/510 841/1931/510 843/1932/510 845/1933/510 847/1934/510 849/1935/510 851/1936/510 853/1937/510 855/1938/510 857/1939/510 859/1940/510 861/1941/510 863/1942/510 865/1943/510 867/1944/510 869/1945/510 871/1946/510 873/1947/510 875/1948/510 877/1949/510 879/1950/510 881/1951/510 883/1952/510 885/1953/510 887/1954/510 889/1955/510 891/1956/510 893/1957/510 895/1958/510 897/1959/510 899/1960/510 901/1961/510 903/1962/510 905/1963/510 907/1964/510 909/1965/510 911/1966/510 913/1967/510 915/1968/510 917/1969/510 919/1970/510 921/1971/510 923/1972/510 925/1973/510 927/1974/510 929/1975/510 931/1976/510 933/1977/510 935/1978/510 937/1979/510 939/1980/510 941/1981/510 943/1982/510 945/1983/510 947/1984/510 949/1985/510 951/1986/510 953/1987/510 955/1988/510 957/1989/510 959/1990/510 961/1991/510 963/1992/510 965/1993/510 967/1994/510 969/1995/510 971/1996/510 973/1997/510 975/1998/510 977/1999/510 979/2000/510 981/2001/510 983/2002/510 985/2003/510 987/2004/510 989/2005/510 991/2006/510 993/2007/510 995/2008/510 997/2009/510 999/2010/510
o Cylinder.005
v 3.321658 0.159993 -1.099266
v 3.321658 3.669993 -1.099266
v 3.351483 0.159993 -1.098773
v 3.368013 3.669993 -1.098773
v 3.381191 0.159993 -1.097295
v 3.414185 3.669993 -1.097295
v 3.410664 0.159993 -1.094838
v 3.459992 3.669993 -1.094838
v 3.439785 0.159993 -1.091412
v 3.505253 3.669993 -1.091412
v 3.468441 0.159993 -1.087030
v 3.549789 3.669993 -1.087030
v 3.496517 0.159993 -1.081710
v 3.593426 3.669993 -1.081710
v 3.523903 0.159993 -1.075473
v 3.635989 3.669993 -1.075473
v 3.550491 0.159993 -1.068343
v 3.677312 3.669993 -1.068343
v 3.576175 0.159993 -1.060348
v 3.717232 3.669993 -1.060348
v 3.600856 0.159993 -1.051520
v 3.755590 3.669993 -1.051520
v 3.624434 0.159993 -1.041894
v 3.792236 3.669993 -1.041894
v 3.646817 0.159993 -1.031508
v 3.827024 3.669993 -1.031508
v 3.667918 0.159993 -1.020403
v 3.859819 3.669993 -1.020403
v 3.687651 0.159993 -1.008622
v 3.890489 3.669993 -1.008622
v 3.705941 0.159993 -0.996212
v 3.918915 3.669993 -0.996212
v 3.722713 0.159993 -0.983223
v 3.944983 3.669993 -0.983223
v 3.737903 0.159993 -0.969705
v 3.968591 3.669993 -0.969705
v 3.751451 0.159993 -0.955711
v 3.989646 3.669993 -0.955711
v 3.763301 0.159993 -0.941297
v 4.008065 3.669993 -0.941297
v 3.773409 0.159993 -0.926520
v 4.023775 3.669993 -0.926520
v 3.781735 0.159993 -0.911439
v 4.036714 3.669993 -0.911439
v 3.788244 0.159993 -0.896111
v 4.046831 3.669993 -0.896111
v 3.792912 0.159993 -0.880599
v 4.054086 3.669993 -0.880599
v 3.795720 0.159993 -0.864964
v 4.058451 3.669993 -0.864964
v 3.796658 0.159993 -0.849266
v 4.059908 3.669993 -0.849266
v 3.795720 0.159993 -0.833568
v 4.058451 3.669993 -0.833568
v 3.792912 0.159993 -0.817933
v 4.054086 3.669993 -0.817933
v 3.788244 0.159993 -0.802421
v 4.046831 3.669993 -0.802421
v 3.781735 0.159993 -0.787094
v 4.036714 3.669993 -0.787094
v 3.773409 0.159993 -0.772012
v 4.023775 3.669993 -0.772012
v 3.763301 0.159993 -0.757235
v 4.008065 3.669993 -0.757235
v 3.751451 0.159993 -0.742821
v 3.989646 3.669993 -0.742821
v 3.737903 0.159993 -0.728828
v 3.968591 3.669993 -0.728828
v 3.722713 0.159993 -0.715309
v 3.944983 3.669993 -0.715309
v 3.705941 0.159993 -0.702320
v 3.918915 3.669993 -0.702320
v 3.687651 0.159993 -0.689910
v 3.890489 3.669993 -0.689910
v 3.667918 0.159993 -0.678129
v 3.859819 3.669993 -0.678129
v 3.646817 0.159993 -0.667024
v 3.827024 3.669993 -0.667024
v 3.624434 0.159993 -0.656638
v 3.792236 3.669993 -0.656638
v 3.600856 0.159993 -0.647012
v 3.755590 3.669993 -0.647012
v 3.576175 0.159993 -0.638184
v 3.717232 3.669993 -0.638184
v 3.550491 0.159993 -0.630189
v 3.677312 3.669993 -0.630189
v 3.523903 0.159993 -0.623059
v 3.635989 3.669993 -0.623059
v 3.496517 0.159993 -0.616822
v 3.593426 3.669993 -0.616822
v 3.468441 0.159993 -0.611502
v 3.549789 3.669993 -0.611502
v 3.439785 0.159993 -0.607120
v 3.505253 3.669993 -0.607120
v 3.410664 0.159993 -0.603694
v 3.459992 3.669993 -0.603694
v 3.381191 0.159993 -0.601237
v 3.414185 3.669993 -0.601237
v 3.351483 0.159993 -0.599759
v 3.368013 3.669993 -0.599759
v 3.321658 0.159993 -0.599266
v 3.321658 3.669993 -0.599266
v 3.291832 0.159993 -0.599759
v 3.275303 3.669993 -0.599759
v 3.262124 0.159993 -0.601237
v 3.229131 3.669993 -0.601237
v 3.232651 0.159993 -0.603694
v 3.183323 3.669993 -0.603694
v 3.203530 0.159993 -0.607120
v 3.138062 3.669993 -0.607120
v 3.174875 0.159993 -0.611502
v 3.093526 3.669993 -0.611502
v 3.146798 0.159993 -0.616822
v 3.049890 3.669993 -0.616822
v 3.119412 0.159993 -0.623059
v 3.007326 3.669993 -0.623059
v 3.092825 0.159993 -0.630189
v 2.966003 3.669993 -0.630189
v 3.067140 0.159993 -0.638184
v 2.926084 3.669993 -0.638184
v 3.042460 0.159993 -0.647012
v 2.887725 3.669993 -0.647012
v 3.018881 0.159993 -0.656638
v 2.851079 3.669993 -0.656638
v 2.996498 0.159993 -0.667024
v 2.816291 3.669993 -0.667024
v 2.975398 0.159993 -0.678129
v 2.783497 3.669993 -0.678129
v 2.955664 0.159993 -0.689910
v 2.752826 3.669993 -0.689910
v 2.937375 0.159993 -0.702320
v 2.724401 3.669993 -0.702320
v 2.920602 0.159993 -0.715309
v 2.698333 3.669993 -0.715309
v 2.905412 0.159993 -0.728828
v 2.674724 3.669993 -0.728828
v 2.891865 0.159993 -0.742821
v 2.653669 3.669993 -0.742821
v 2.880014 0.159993 -0.757235
v 2.635250 3.669993 -0.757235
v 2.869906 0.159993 -0.772012
v 2.619540 3.669993 -0.772012
v 2.861581 0.159993 -0.787094
v 2.606601 3.669993 -0.787094
v 2.855071 0.159993 -0.802421
v 2.596484 3.669993 -0.802421
v 2.850403 0.159993 -0.817933
v 2.589229 3.669993 -0.817933
v 2.847595 0.159993 -0.833568
v 2.584864 3.669993 -0.833568
v 2.846658 0.159993 -0.849266
v 2.583408 3.669993 -0.849266
v 2.847595 0.159993 -0.864964
v 2.584864 3.669993 -0.864964
v 2.850403 0.159993 -0.880599
v 2.589229 3.669993 -0.880599
v 2.855071 0.159993 -0.896111
v 2.596484 3.669993 -0.896111
v 2.861581 0.159993 -0.911439
v 2.606601 3.669993 -0.911439
v 2.869906 0.159993 -0.926520
v 2.619540 3.669993 -0.926520
v 2.880014 0.159993 -0.941297
v 2.635250 3.669993 -0.941297
v 2.891865 0.159993 -0.955711
v 2.653669 3.669993 -0.955711
v 2.905412 0.159993 -0.969705
v 2.674724 3.669993 -0.969705
v 2.920602 0.159993 -0.983223
v 2.698333 3.669993 -0.983223
v 2.937375 0.159993 -0.996212
v 2.724401 3.669993 -0.996212
v 2.955664 0.159993 -1.008622
v 2.752826 3.669993 -1.008622
v 2.975398 0.159993 -1.020403
v 2.783497 3.669993 -1.020403
v 2.996498 0.159993 -1.031508
v 2.816291 3.669993 -1.031508
v 3.018881 0.159993 -1.041894
v 2.851079 3.669993 -1.041894
v 3.042460 0.159993 -1.051520
v 2.887725 3.669993 -1.051520
v 3.067140 0.159993 -1.060348
v 2.926084 3.669993 -1.060348
v 3.092825 0.159993 -1.068343
v 2.966003 3.669993 -1.068343
v 3.119412 0.159993 -1.075473
v 3.007326 3.669993 -1.075473
v 3.146798 0.159993 -1.081710
v 3.049890 3.669993 -1.081710
v 3.174875 0.159993 -1.087030
v 3.093526 3.669993 -1.087030
v 3.203530 0.159993 -1.091412
v 3.138062 3.669993 -1.091412
v 3.232651 0.159993 -1.094838
v 3.183323 3.669993 -1.094838
v 3.262124 0.159993 -1.097295
v 3.229131 3.669993 -1.097295
v 3.291832 0.159993 -1.098773
v 3.275303 3.669993 -1.098773
vn 0.0130 -0.0000 -0.9999
vn 0.0389 -0.0003 -0.9992
vn 0.0651 -0.0008 -0.9979
vn 0.0917 -0.0015 -0.9958
vn 0.1189 -0.0025 -0.9929
vn 0.1468 -0.0037 -0.9892
vn 0.1756 -0.0052 -0.9845
vn 0.2055 -0.0070 -0.9786
vn 0.2368 -0.0090 -0.9715
vn 0.2697 -0.0114 -0.9629
vn 0.3045 -0.0140 -0.9524
vn 0.3414 -0.0169 -0.9398
vn 0.3809 -0.0202 -0.9244
vn 0.4234 -0.0238 -0.9057
vn 0.4690 -0.0278 -0.8828
vn 0.5183 -0.0321 -0.8546
vn 0.5713 -0.0369 -0.8199
vn 0.6283 -0.0420 -0.7768
vn 0.6889 -0.0474 -0.7233
vn 0.7520 -0.0530 -0.6570
vn 0.8159 -0.0587 -0.5752
vn 0.8772 -0.0642 -0.4758
vn 0.9312 -0.0689 -0.3579
vn 0.9721 -0.0725 -0.2230
vn 0.9943 -0.0745 -0.0758
vn 0.9943 -0.0745 0.0758
vn 0.9721 -0.0725 0.2230
vn 0.9312 -0.0689 0.3579
vn 0.8772 -0.0642 0.4758
vn 0.8159 -0.0587 0.5752
vn 0.7520 -0.0530 0.6570
vn 0.6889 -0.0474 0.7233
vn 0.6283 -0.0420 0.7768
vn 0.5713 -0.0369 0.8199
vn 0.5183 -0.0321 0.8546
vn 0.4690 -0.0278 0.8828
vn 0.4234 -0.0238 0.9057
vn 0.3809 -0.0202 0.9244
vn 0.3414 -0.0169 0.9398
vn 0.3045 -0.0140 0.9524
vn 0.2697 -0.0114 0.9629
vn 0.2368 -0.0090 0.9715
vn 0.2055 -0.0070 0.9786
vn 0.1756 -0.0052 0.9845
vn 0.1468 -0.0037 0.9892
vn 0.1189 -0.0025 0.9929
vn 0.0917 -0.0015 0.9958
vn 0.0651 -0.0008 0.9979
vn 0.0389 -0.0003 0.9992
vn 0.0130 -0.0000 0.9999
vn -0.0130 -0.0000 0.9999
vn -0.0389 -0.0003 0.9992
vn -0.0651 -0.0008 0.9979
vn -0.0917 -0.0015 0.9958
vn -0.1189 -0.0025 0.9929
vn -0.1468 -0.0037 0.9892
vn -0.1756 -0.0052 0.9845
vn -0.2055 -0.0070 0.9786
vn -0.2368 -0.0090 0.9715
vn -0.2697 -0.0114 0.9629
vn -0.3045 -0.0140 0.9524
vn -0.3414 -0.0169 0.9398
vn -0.3809 -0.0202 0.9244
vn -0.4234 -0.0238 0.9057
vn -0.4690 -0.0278 0.8828
vn -0.5183 -0.0321 0.8546
vn -0.5713 -0.0369 0.8199
vn -0.6283 -0.0420 0.7768
vn -0.6889 -0.0474 0.7233
vn -0.7520 -0.0530 0.6570
vn -0.8159 -0.0587 0.5752
vn -0.8772 -0.0642 0.4758
vn -0.9312 -0.0689 0.3579
vn -0.9721 -0.0725 0.2230
vn -0.9943 -0.0745 0.0758
vn -0.9943 -0.0745 -0.0758
vn -0.9721 -0.0725 -0.2230
vn -0.9312 -0.0689 -0.3579
vn -0.8772 -0.0642 -0.4758
vn -0.8159 -0.0587 -0.5752
vn -0.7520 -0.0530 -0.6570
vn -0.6889 -0.0474 -0.7233
vn -0.6283 -0.0420 -0.7768
vn -0.5713 -0.0369 -0.8199
vn -0.5183 -0.0321 -0.8546
vn -0.4690 -0.0278 -0.8828
vn -0.4234 -0.0238 -0.9057
vn -0.3809 -0.0202 -0.9244
vn -0.3414 -0.0169 -0.9398
vn -0.3045 -0.0140 -0.9524
vn -0.2697 -0.0114 -0.9629
vn -0.2368 -0.0090 -0.9715
vn -0.2055 -0.0070 -0.9786
vn -0.1756 -0.0052 -0.9845
vn -0.1468 -0.0037 -0.9892
vn -0.1189 -0.0025 -0.9929
vn -0.0917 -0.0015 -0.9958
vn -0.0651 -0.0008 -0.9979
vn -0.0000 1.0000 -0.0000
vn -0.0389 -0.0003 -0.9992
vn -0.0130 -0.0000 -0.9999
vn -0.0000 -1.0000 -0.0000
vt 1.000000 0.500000
vt 1.000000 1.000000
vt 0.990000 1.000000
vt 0.990000 0.500000
vt 0.980000 1.000000
vt 0.980000 0.500000
vt 0.970000 1.000000
vt 0.970000 0.500000
vt 0.960000 1.000000
vt 0.960000 0.500000
vt 0.950000 1.000000
vt 0.950000 0.500000
vt 0.940000 1.000000
vt 0.940000 0.500000
vt 0.930000 1.000000
vt 0.930000 0.500000
vt 0.920000 1.000000
vt 0.920000 0.500000
vt 0.910000 1.000000
vt 0.910000 0.500000
vt 0.900000 1.000000
vt 0.900000 0.500000
vt 0.890000 1.000000
vt 0.890000 0.500000
vt 0.880000 1.000000
vt 0.880000 0.500000
vt 0.870000 1.000000
vt 0.870000 0.500000
vt 0.860000 1.000000
vt 0.860000 0.500000
vt 0.850000 1.000000
vt 0.850000 0.500000
vt 0.840000 1.000000
vt 0.840000 0.500000
vt 0.830000 1.000000
vt 0.830000 0.500000
vt 0.820000 1.000000
vt 0.820000 0.500000
vt 0.810000 1.000000
vt 0.810000 0.500000
vt 0.800000 1.000000
vt 0.800000 0.500000
vt 0.790000 1.000000
vt 0.790000 0.500000
vt 0.780000 1.000000
vt 0.780000 0.500000
vt 0.770000 1.000000
vt 0.770000 0.500000
vt 0.760000 1.000000
vt 0.760000 0.500000
vt 0.750000 1.000000
vt 0.750000 0.500000
vt 0.740000 1.000000
vt 0.740000 0.500000
vt 0.730000 1.000000
vt 0.730000 0.500000
vt 0.720000 1.000000
vt 0.720000 0.500000
vt 0.710000 1.000000
vt 0.710000 0.500000
vt 0.700000 1.000000
vt 0.700000 0.500000
vt 0.690000 1.000000
vt 0.690000 0.500000
vt 0.680000 1.000000
vt 0.680000 0.500000
vt 0.670000 1.000000
vt 0.670000 0.500000
vt 0.660000 1.000000
vt 0.660000 0.500000
vt 0.650000 1.000000
vt 0.650000 0.500000
vt 0.640000 1.000000
vt 0.640000 0.500000
vt 0.630000 1.000000
vt 0.630000 0.500000
vt 0.620000 1.000000
vt 0.620000 0.500000
vt 0.610000 1.000000
vt 0.610000 0.500000
vt 0.600000 1.000000
vt 0.600000 0.500000
vt 0.590000 1.000000
vt 0.590000 0.500000
vt 0.580000 1.000000
vt 0.580000 0.500000
vt 0.570000 1.000000
vt 0.570000 0.500000
vt 0.560000 1.000000
vt 0.560000 0.500000
vt 0.550000 1.000000
vt 0.550000 0.500000
vt 0.540000 1.000000
vt 0.540000 0.500000
vt 0.530000 1.000000
vt 0.530000 0.500000
vt 0.520000 1.000000
vt 0.520000 0.500000
vt 0.510000 1.000000
vt 0.510000 0.500000
vt 0.500000 1.000000
vt 0.500000 0.500000
vt 0.490000 1.000000
vt 0.490000 0.500000
vt 0.480000 1.000000
vt 0.480000 0.500000
vt 0.470001 1.000000
vt 0.470001 0.500000
vt 0.460001 1.000000
vt 0.460001 0.500000
vt 0.450001 1.000000
vt 0.450001 0.500000
vt 0.440001 1.000000
vt 0.440001 0.500000
vt 0.430001 1.000000
vt 0.430001 0.500000
vt 0.420001 1.000000
vt 0.420001 0.500000
vt 0.410001 1.000000
vt 0.410001 0.500000
vt 0.400001 1.000000
vt 0.400001 0.500000
vt 0.390001 1.000000
vt 0.390001 0.500000
vt 0.380001 1.000000
vt 0.380001 0.500000
vt 0.370001 1.000000
vt 0.370001 0.500000
vt 0.360001 1.000000
vt 0.360001 0.500000
vt 0.350001 1.000000
vt 0.350001 0.500000
vt 0.340001 1.000000
vt 0.340001 0.500000
vt 0.330001 1.000000
vt 0.330001 0.500000
vt 0.320001 1.000000
vt 0.320001 0.500000
vt 0.310001 1.000000
vt 0.310001 0.500000
vt 0.300001 1.000000
vt 0.300001 0.500000
vt 0.290001 1.000000
vt 0.290001 0.500000
vt 0.280001 1.000000
vt 0.280001 0.500000
vt 0.270001 1.000000
vt 0.270001 0.500000
vt 0.260001 1.000000
vt 0.260001 0.500000
vt 0.250001 1.000000
vt 0.250001 0.500000
vt 0.240001 1.000000
vt 0.240001 0.500000
vt 0.230001 1.000000
vt 0.230001 0.500000
vt 0.220001 1.000000
vt 0.220001 0.500000
vt 0.210001 1.000000
vt 0.210001 0.500000
vt 0.200001 1.000000
vt 0.200001 0.500000
vt 0.190001 1.000000
vt 0.190001 0.500000
vt 0.180001 1.000000
vt 0.180001 0.500000
vt 0.170001 1.000000
vt 0.170001 0.500000
vt 0.160001 1.000000
vt 0.160001 0.500000
vt 0.150001 1.000000
vt 0.150001 0.500000
vt 0.140001 1.000000
vt 0.140001 0.500000
vt 0.130001 1.000000
vt 0.130001 0.500000
vt 0.120001 1.000000
vt 0.120001 0.500000
vt 0.110001 1.000000
vt 0.110001 0.500000
vt 0.100001 1.000000
vt 0.100001 0.500000
vt 0.090001 1.000000
vt 0.090001 0.500000
vt 0.080001 1.000000
vt 0.080001 0.500000
vt 0.070001 1.000000
vt 0.070001 0.500000
vt 0.060001 1.000000
vt 0.060001 0.500000
vt 0.050001 1.000000
vt 0.050001 0.500000
vt 0.040001 1.000000
vt 0.040001 0.500000
vt 0.030001 1.000000
vt 0.030001 0.500000
vt 0.020001 1.000000
vt 0.020001 0.500000
vt 0.265070 0.489526
vt 0.250000 0.490000
vt 0.234930 0.489526
vt 0.219920 0.488108
vt 0.205028 0.485749
vt 0.190314 0.482460
vt 0.175836 0.478254
vt 0.161650 0.473146
vt 0.147813 0.467158
vt 0.134379 0.460314
vt 0.121402 0.452639
vt 0.108932 0.444164
vt 0.097018 0.434923
vt 0.085709 0.424952
vt 0.075048 0.414291
vt 0.065077 0.402982
vt 0.055836 0.391068
vt 0.047361 0.378598
vt 0.039686 0.365621
vt 0.032842 0.352187
vt 0.026854 0.338350
vt 0.021746 0.324164
vt 0.017540 0.309686
vt 0.014251 0.294972
vt 0.011892 0.280080
vt 0.010474 0.265070
vt 0.010000 0.250000
vt 0.010474 0.234930
vt 0.011892 0.219920
vt 0.014251 0.205028
vt 0.017540 0.190314
vt 0.021746 0.175836
vt 0.026854 0.161650
vt 0.032842 0.147813
vt 0.039686 0.134379
vt 0.047361 0.121402
vt 0.055836 0.108932
vt 0.065077 0.097018
vt 0.075048 0.085709
vt 0.085709 0.075048
vt 0.097018 0.065077
vt 0.108932 0.055836
vt 0.121402 0.047361
vt 0.134379 0.039686
vt 0.147813 0.032842
vt 0.161650 0.026854
vt 0.175836 0.021746
vt 0.190314 0.017540
vt 0.205028 0.014251
vt 0.219920 0.011892
vt 0.234930 0.010474
vt 0.250000 0.010000
vt 0.265070 0.010474
vt 0.280080 0.011892
vt 0.294972 0.014251
vt 0.309686 0.017540
vt 0.324164 0.021746
vt 0.338350 0.026854
vt 0.352187 0.032842
vt 0.365621 0.039686
vt 0.378598 0.047361
vt 0.391068 0.055836
vt 0.402982 0.065077
vt 0.414291 0.075048
vt 0.424952 0.085709
vt 0.434923 0.097018
vt 0.444164 0.108932
vt 0.452639 0.121402
vt 0.460314 0.134379
vt 0.467158 0.147813
vt 0.473146 0.161650
vt 0.478254 0.175836
vt 0.482460 0.190314
vt 0.485749 0.205028
vt 0.488108 0.219920
vt 0.489526 0.234930
vt 0.490000 0.250000
vt 0.489526 0.265070
vt 0.488108 0.280080
vt 0.485749 0.294972
vt 0.482460 0.309686
vt 0.478254 0.324164
vt 0.473146 0.338350
vt 0.467158 0.352187
vt 0.460314 0.365621
vt 0.452639 0.378598
vt 0.444164 0.391068
vt 0.434923 0.402982
vt 0.424952 0.414291
vt 0.414291 0.424952
vt 0.402982 0.434923
vt 0.391068 0.444164
vt 0.378598 0.452639
vt 0.365621 0.460314
vt 0.352187 0.467158
vt 0.338350 0.473146
vt 0.324164 0.478254
vt 0.309686 0.482460
vt 0.294972 0.485749
vt 0.280080 0.488108
vt 0.010001 1.000000
vt 0.010001 0.500000
vt 0.000001 1.000000
vt 0.000001 0.500000
vt 0.750000 0.490000
vt 0.765070 0.489526
vt 0.780080 0.488108
vt 0.794972 0.485749
vt 0.809686 0.482460
vt 0.824164 0.478254
vt 0.838350 0.473146
vt 0.852187 0.467158
vt 0.865621 0.460314
vt 0.878598 0.452639
vt 0.891068 0.444164
vt 0.902982 0.434923
vt 0.914291 0.424952
vt 0.924952 0.414291
vt 0.934923 0.402982
vt 0.944164 0.391068
vt 0.952639 0.378598
vt 0.960314 0.365621
vt 0.967158 0.352187
vt 0.973146 0.338350
vt 0.978254 0.324164
vt 0.982460 0.309686
vt 0.985749 0.294972
vt 0.988108 0.280080
vt 0.989526 0.265070
vt 0.990000 0.250000
vt 0.989526 0.234930
vt 0.988108 0.219920
vt 0.985749 0.205028
vt 0.982460 0.190314
vt 0.978254 0.175836
vt 0.973146 0.161650
vt 0.967158 0.147813
vt 0.960314 0.134379
vt 0.952639 0.121402
vt 0.944164 0.108932
vt 0.934923 0.097018
vt 0.924952 0.085709
vt 0.914291 0.075048
vt 0.902982 0.065077
vt 0.891068 0.055836
vt 0.878598 0.047361
vt 0.865621 0.039686
vt 0.852187 0.032842
vt 0.838350 0.026854
vt 0.824164 0.021746
vt 0.809686 0.017540
vt 0.794972 0.014251
vt 0.780080 0.011892
vt 0.765070 0.010474
vt 0.750000 0.010000
vt 0.734930 0.010474
vt 0.719920 0.011892
vt 0.705028 0.014251
vt 0.690314 0.017540
vt 0.675836 0.021746
vt 0.661650 0.026854
vt 0.647813 0.032842
vt 0.634379 0.039686
vt 0.621402 0.047361
vt 0.608932 0.055836
vt 0.597018 0.065077
vt 0.585709 0.075048
vt 0.575048 0.085709
vt 0.565077 0.097018
vt 0.555836 0.108932
vt 0.547361 0.121402
vt 0.539686 0.134379
vt 0.532842 0.147813
vt 0.526854 0.161650
vt 0.521746 0.175836
vt 0.517540 0.190314
vt 0.514251 0.205028
vt 0.511892 0.219920
vt 0.510474 0.234930
vt 0.510000 0.250000
vt 0.510474 0.265070
vt 0.511892 0.280080
vt 0.514251 0.294972
vt 0.517540 0.309686
vt 0.521746 0.324164
vt 0.526854 0.338350
vt 0.532842 0.352187
vt 0.539686 0.365621
vt 0.547361 0.378598
vt 0.555836 0.391068
vt 0.565077 0.402982
vt 0.575048 0.414291
vt 0.585709 0.424952
vt 0.597018 0.434923
vt 0.608932 0.444164
vt 0.621402 0.452639
vt 0.634379 0.460314
vt 0.647813 0.467158
vt 0.661650 0.473146
vt 0.675836 0.478254
vt 0.690314 0.482460
vt 0.705028 0.485749
vt 0.719920 0.488108
vt 0.734930 0.489526
s 0
usemtl Material.003
f 1001/2011/511 1002/2012/511 1004/2013/511 1003/2014/511
f 1003/2014/512 1004/2013/512 1006/2015/512 1005/2016/512
f 1005/2016/513 1006/2015/513 1008/2017/513 1007/2018/513
f 1007/2018/514 1008/2017/514 1010/2019/514 1009/2020/514
f 1009/2020/515 1010/2019/515 1012/2021/515 1011/2022/515
f 1011/2022/516 1012/2021/516 1014/2023/516 1013/2024/516
f 1013/2024/517 1014/2023/517 1016/2025/517 1015/2026/517
f 1015/2026/518 1016/2025/518 1018/2027/518 1017/2028/518
f 1017/2028/519 1018/2027/519 1020/2029/519 1019/2030/519
f 1019/2030/520 1020/2029/520 1022/2031/520 1021/2032/520
f 1021/2032/521 1022/2031/521 1024/2033/521 1023/2034/521
f 1023/2034/522 1024/2033/522 1026/2035/522 1025/2036/522
f 1025/2036/523 1026/2035/523 1028/2037/523 1027/2038/523
f 1027/2038/524 1028/2037/524 1030/2039/524 1029/2040/524
f 1029/2040/525 1030/2039/525 1032/2041/525 1031/2042/525
f 1031/2042/526 1032/2041/526 1034/2043/526 1033/2044/526
f 1033/2044/527 1034/2043/527 1036/2045/527 1035/2046/527
f 1035/2046/528 1036/2045/528 1038/2047/528 1037/2048/528
f 1037/2048/529 1038/2047/529 1040/2049/529 1039/2050/529
f 1039/2050/530 1040/2049/530 1042/2051/530 1041/2052/530
f 1041/2052/531 1042/2051/531 1044/2053/531 1043/2054/531
f 1043/2054/532 1044/2053/532 1046/2055/532 1045/2056/532
f 1045/2056/533 1046/2055/533 1048/2057/533 1047/2058/533
f 1047/2058/534 1048/2057/534 1050/2059/534 1049/2060/534
f 1049/2060/535 1050/2059/535 1052/2061/535 1051/2062/535
f 1051/2062/536 1052/2061/536 1054/2063/536 1053/2064/536
f 1053/2064/537 1054/2063/537 1056/2065/537 1055/2066/537
f 1055/2066/538 1056/2065/538 1058/2067/538 1057/2068/538
f 1057/2068/539 1058/2067/539 1060/2069/539 1059/2070/539
f 1059/2070/540 1060/2069/540 1062/2071/540 1061/2072/540
f 1061/2072/541 1062/2071/541 1064/2073/541 1063/2074/541
f 1063/2074/542 1064/2073/542 1066/2075/542 1065/2076/542
f 1065/2076/543 1066/2075/543 1068/2077/543 1067/2078/543
f 1067/2078/544 1068/2077/544 1070/2079/544 1069/2080/544
f 1069/2080/545 1070/2079/545 1072/2081/545 1071/2082/545
f 1071/2082/546 1072/2081/546 1074/2083/546 1073/2084/546
f 1073/2084/547 1074/2083/547 1076/2085/547 1075/2086/547
f 1075/2086/548 1076/2085/548 1078/2087/548 1077/2088/548
f 1077/2088/549 1078/2087/549 1080/2089/549 1079/2090/549
f 1079/2090/550 1080/2089/550 1082/2091/550 1081/2092/550
f 1081/2092/551 1082/2091/551 1084/2093/551 1083/2094/551
f 1083/2094/552 1084/2093/552 1086/2095/552 1085/2096/552
f 1085/2096/553 1086/2095/553 1088/2097/553 1087/2098/553
f 1087/2098/554 1088/2097/554 1090/2099/554 1089/2100/554
f 1089/2100/555 1090/2099/555 1092/2101/555 1091/2102/555
f 1091/2102/556 1092/2101/556 1094/2103/556 1093/2104/556
f 1093/2104/557 1094/2103/557 1096/2105/557 1095/2106/557
f 1095/2106/558 1096/2105/558 1098/2107/558 1097/2108/558
f 1097/2108/559 1098/2107/559 1100/2109/559 1099/2110/559
f 1099/2110/560 1100/2109/560 1102/2111/560 1101/2112/560
f 1101/2112/561 1102/2111/561 1104/2113/561 1103/2114/561
f 1103/2114/562 1104/2113/562 1106/2115/562 1105/2116/562
f 1105/2116/563 1106/2115/563 1108/2117/563 1107/2118/563
f 1107/2118/564 1108/2117/564 1110/2119/564 1109/2120/564
f 1109/2120/565 1110/2119/565 1112/2121/565 1111/2122/565
f 1111/2122/566 1112/2121/566 1114/2123/566 1113/2124/566
f 1113/2124/567 1114/2123/567 1116/2125/567 1115/2126/567
f 1115/2126/568 1116/2125/568 1118/2127/568 1117/2128/568
f 1117/2128/569 1118/2127/569 1120/2129/569 1119/2130/569
f 1119/2130/570 1120/2129/570 1122/2131/570 1121/2132/570
f 1121/2132/571 1122/2131/571 1124/2133/571 1123/2134/571
f 1123/2134/572 1124/2133/572 1126/2135/572 1125/2136/572
f 1125/2136/573 1126/2135/573 1128/2137/573 1127/2138/573
f 1127/2138/574 1128/2137/574 1130/2139/574 1129/2140/574
f 1129/2140/575 1130/2139/575 1132/2141/575 1131/2142/575
f 1131/2142/576 1132/2141/576 1134/2143/576 1133/2144/576
f 1133/2144/577 1134/2143/577 1136/2145/577 1135/2146/577
f 1135/2146/578 1136/2145/578 1138/2147/578 1137/2148/578
f 1137/2148/579 1138/2147/579 1140/2149/579 1139/2150/579
f 1139/2150/580 1140/2149/580 1142/2151/580 1141/2152/580
f 1141/2152/581 1142/2151/581 1144/2153/581 1143/2154/581
f 1143/2154/582 1144/2153/582 1146/2155/582 1145/2156/582
f 1145/2156/583 1146/2155/583 1148/2157/583 1147/2158/583
f 1147/2158/584 1148/2157/584 1150/2159/584 1149/2160/584
f 1149/2160/585 1150/2159/585 1152/2161/585 1151/2162/585
f 1151/2162/586 1152/2161/586 1154/2163/586 1153/2164/586
f 1153/2164/587 1154/2163/587 1156/2165/587 1155/2166/587
f 1155/2166/588 1156/2165/588 1158/2167/588 1157/2168/588
f 1157/2168/589 1158/2167/589 1160/2169/589 1159/2170/589
f 1159/2170/590 1160/2169/590 1162/2171/590 1161/2172/590
f 1161/2172/591 1162/2171/591 1164/2173/591 1163/2174/591
f 1163/2174/592 1164/2173/592 1166/2175/592 1165/2176/592
f 1165/2176/593 1166/2175/593 1168/2177/593 1167/2178/593
f 1167/2178/594 1168/2177/594 1170/2179/594 1169/2180/594
f 1169/2180/595 1170/2179/595 1172/2181/595 1171/2182/595
f 1171/2182/596 1172/2181/596 1174/2183/596 1173/2184/596
f 1173/2184/597 1174/2183/597 1176/2185/597 1175/2186/597
f 1175/2186/598 1176/2185/598 1178/2187/598 1177/2188/598
f 1177/2188/599 1178/2187/599 1180/2189/599 1179/2190/599
f 1179/2190/600 1180/2189/600 1182/2191/600 1181/2192/600
f 1181/2192/601 1182/2191/601 1184/2193/601 1183/2194/601
f 1183/2194/602 1184/2193/602 1186/2195/602 1185/2196/602
f 1185/2196/603 1186/2195/603 1188/2197/603 1187/2198/603
f 1187/2198/604 1188/2197/604 1190/2199/604 1189/2200/604
f 1189/2200/605 1190/2199/605 1192/2201/605 1191/2202/605
f 1191/2202/606 1192/2201/606 1194/2203/606 1193/2204/606
f 1193/2204/607 1194/2203/607 1196/2205/607 1195/2206/607
f 1195/2206/608 1196/2205/608 1198/2207/608 1197/2208/608
f 1004/2209/609 1002/2210/609 1200/2211/609 1198/2212/609 1196/2213/609 1194/2214/609 1192/2215/609 1190/2216/609 1188/2217/609 1186/2218/609 1184/2219/609 1182/2220/609 1180/2221/609 1178/2222/609 1176/2223/609 1174/2224/609 1172/2225/609 1170/2226/609 1168/2227/609 1166/2228/609 1164/2229/609 1162/2230/609 1160/2231/609 1158/2232/609 1156/2233/609 1154/2234/609 1152/2235/609 1150/2236/609 1148/2237/609 1146/2238/609 1144/2239/609 1142/2240/609 1140/2241/609 1138/2242/609 1136/2243/609 1134/2244/609 1132/2245/609 1130/2246/609 1128/2247/609 1126/2248/609 1124/2249/609 1122/2250/609 1120/2251/609 1118/2252/609 1116/2253/609 1114/2254/609 1112/2255/609 1110/2256/609 1108/2257/609 1106/2258/609 1104/2259/609 1102/2260/609 1100/2261/609 1098/2262/609 1096/2263/609 1094/2264/609 1092/2265/609 1090/2266/609 1088/2267/609 1086/2268/609 1084/2269/609 1082/2270/609 1080/2271/609 1078/2272/609 1076/2273/609 1074/2274/609 1072/2275/609 1070/2276/609 1068/2277/609 1066/2278/609 1064/2279/609 1062/2280/609 1060/2281/609 1058/2282/609 1056/2283/609 1054/2284/609 1052/2285/609 1050/2286/609 1048/2287/609 1046/2288/609 1044/2289/609 1042/2290/609 1040/2291/609 1038/2292/609 1036/2293/609 1034/2294/609 1032/2295/609 1030/2296/609 1028/2297/609 1026/2298/609 1024/2299/609 1022/2300/609 1020/2301/609 1018/2302/609 1016/2303/609 1014/2304/609 1012/2305/609 1010/2306/609 1008/2307/609 1006/2308/609
f 1197/2208/610 1198/2207/610 1200/2309/610 1199/2310/610
f 1199/2310/611 1200/2309/611 1002/2311/611 1001/2312/611
f 1001/2313/612 1003/2314/612 1005/2315/612 1007/2316/612 1009/2317/612 1011/2318/612 1013/2319/612 1015/2320/612 1017/2321/612 1019/2322/612 1021/2323/612 1023/2324/612 1025/2325/612 1027/2326/612 1029/2327/612 1031/2328/612 1033/2329/612 1035/2330/612 1037/2331/612 1039/2332/612 1041/2333/612 1043/2334/612 1045/2335/612 1047/2336/612 1049/2337/612 1051/2338/612 1053/2339/612 1055/2340/612 1057/2341/612 1059/2342/612 1061/2343/612 1063/2344/612 1065/2345/612 1067/2346/612 1069/2347/612 1071/2348/612 1073/2349/612 1075/2350/612 1077/2351/612 1079/2352/612 1081/2353/612 1083/2354/612 1085/2355/612 1087/2356/612 1089/2357/612 1091/2358/612 1093/2359/612 1095/2360/612 1097/2361/612 1099/2362/612 1101/2363/612 1103/2364/612 1105/2365/612 1107/2366/612 1109/2367/612 1111/2368/612 1113/2369/612 1115/2370/612 1117/2371/612 1119/2372/612 1121/2373/612 1123/2374/612 1125/2375/612 1127/2376/612 1129/2377/612 1131/2378/612 1133/2379/612 1135/2380/612 1137/2381/612 1139/2382/612 1141/2383/612 1143/2384/612 1145/2385/612 1147/2386/612 1149/2387/612 1151/2388/612 1153/2389/612 1155/2390/612 1157/2391/612 1159/2392/612 1161/2393/612 1163/2394/612 1165/2395/612 1167/2396/612 1169/2397/612 1171/2398/612 1173/2399/612 1175/2400/612 1177/2401/612 1179/2402/612 1181/2403/612 1183/2404/612 1185/2405/612 1187/2406/612 1189/2407/612 1191/2408/612 1193/2409/612 1195/2410/612 1197/2411/612 1199/2412/612
o Cylinder.006
v -3.878342 0.159993 -11.019266
v -3.878342 3.669993 -11.019266
v -3.878342 0.159993 -10.519266
v -3.878342 3.669993 -10.519266
v -3.908167 0.159993 -10.519759
v -3.924697 3.669993 -10.519759
v -3.937875 0.159993 -10.521237
v -3.970869 3.669993 -10.521237
v -3.967348 0.159993 -10.523694
v -4.016676 3.669993 -10.523694
v -3.996470 0.159993 -10.527121
v -4.061937 3.669993 -10.527121
v -4.025125 0.159993 -10.531502
v -4.106474 3.669993 -10.531502
v -4.053201 0.159993 -10.536822
v -4.150110 3.669993 -10.536822
v -4.080587 0.159993 -10.543059
v -4.192674 3.669993 -10.543059
v -4.107175 0.159993 -10.550189
v -4.233996 3.669993 -10.550189
v -4.132860 0.159993 -10.558184
v -4.273916 3.669993 -10.558184
v -4.157540 0.159993 -10.567012
v -4.312274 3.669993 -10.567012
v -4.181118 0.159993 -10.576638
v -4.348920 3.669993 -10.576638
v -4.203502 0.159993 -10.587024
v -4.383709 3.669993 -10.587024
v -4.224602 0.159993 -10.598129
v -4.416503 3.669993 -10.598129
v -4.244336 0.159993 -10.609910
v -4.447173 3.669993 -10.609910
v -4.262625 0.159993 -10.622320
v -4.475599 3.669993 -10.622320
v -4.279397 0.159993 -10.635309
v -4.501667 3.669993 -10.635309
v -4.294588 0.159993 -10.648828
v -4.525275 3.669993 -10.648828
v -4.308135 0.159993 -10.662822
v -4.546330 3.669993 -10.662822
v -4.319986 0.159993 -10.677235
v -4.564749 3.669993 -10.677235
v -4.330094 0.159993 -10.692012
v -4.580460 3.669993 -10.692012
v -4.338419 0.159993 -10.707093
v -4.593399 3.669993 -10.707093
v -4.344928 0.159993 -10.722421
v -4.603516 3.669993 -10.722421
v -4.349597 0.159993 -10.737933
v -4.610771 3.669993 -10.737933
v -4.352405 0.159993 -10.753569
v -4.615135 3.669993 -10.753569
v -4.353342 0.159993 -10.769266
v -4.616592 3.669993 -10.769266
v -4.352405 0.159993 -10.784964
v -4.615135 3.669993 -10.784964
v -4.349597 0.159993 -10.800599
v -4.610771 3.669993 -10.800599
v -4.344928 0.159993 -10.816112
v -4.603516 3.669993 -10.816112
v -4.338419 0.159993 -10.831439
v -4.593399 3.669993 -10.831439
v -4.330094 0.159993 -10.846520
v -4.580460 3.669993 -10.846520
v -4.319986 0.159993 -10.861298
v -4.564749 3.669993 -10.861298
v -4.308135 0.159993 -10.875710
v -4.546330 3.669993 -10.875710
v -4.294588 0.159993 -10.889705
v -4.525275 3.669993 -10.889705
v -4.279397 0.159993 -10.903223
v -4.501667 3.669993 -10.903223
v -4.262625 0.159993 -10.916212
v -4.475599 3.669993 -10.916212
v -4.244336 0.159993 -10.928622
v -4.447173 3.669993 -10.928622
v -4.224602 0.159993 -10.940403
v -4.416503 3.669993 -10.940403
v -4.203502 0.159993 -10.951509
v -4.383709 3.669993 -10.951509
v -4.181118 0.159993 -10.961894
v -4.348920 3.669993 -10.961894
v -4.157540 0.159993 -10.971520
v -4.312274 3.669993 -10.971520
v -4.132860 0.159993 -10.980349
v -4.273916 3.669993 -10.980349
v -4.107175 0.159993 -10.988343
v -4.233996 3.669993 -10.988343
v -4.080587 0.159993 -10.995473
v -4.192674 3.669993 -10.995473
v -4.053201 0.159993 -11.001710
v -4.150110 3.669993 -11.001710
v -4.025125 0.159993 -11.007030
v -4.106474 3.669993 -11.007030
v -3.996470 0.159993 -11.011412
v -4.061937 3.669993 -11.011412
v -3.967348 0.159993 -11.014838
v -4.016676 3.669993 -11.014838
v -3.937875 0.159993 -11.017295
v -3.970869 3.669993 -11.017295
v -3.908167 0.159993 -11.018773
v -3.924697 3.669993 -11.018773
v -3.873342 3.669993 -11.019213
v -3.873342 0.159993 -11.019183
v -3.873342 3.669993 -10.519320
v -3.873342 0.159993 -10.519349
vn 0.0136 -0.0000 -0.9999
vn 0.0136 -0.0000 0.9999
vn -0.0130 -0.0000 0.9999
vn -0.0389 -0.0003 0.9992
vn -0.0651 -0.0008 0.9979
vn -0.0917 -0.0015 0.9958
vn -0.1189 -0.0025 0.9929
vn -0.1468 -0.0037 0.9892
vn -0.1756 -0.0052 0.9845
vn -0.2055 -0.0070 0.9786
vn -0.2368 -0.0090 0.9715
vn -0.2697 -0.0114 0.9629
vn -0.3045 -0.0140 0.9524
vn -0.3414 -0.0169 0.9398
vn -0.3809 -0.0202 0.9244
vn -0.4234 -0.0238 0.9057
vn -0.4690 -0.0278 0.8828
vn -0.5183 -0.0321 0.8546
vn -0.5713 -0.0369 0.8199
vn -0.6283 -0.0420 0.7768
vn -0.6889 -0.0474 0.7233
vn -0.7520 -0.0530 0.6570
vn -0.8159 -0.0587 0.5752
vn -0.8772 -0.0642 0.4758
vn -0.9312 -0.0689 0.3579
vn -0.9721 -0.0725 0.2230
vn -0.9943 -0.0745 0.0758
vn -0.9943 -0.0745 -0.0758
vn -0.9721 -0.0725 -0.2230
vn -0.9312 -0.0689 -0.3579
vn -0.8772 -0.0642 -0.4758
vn -0.8159 -0.0587 -0.5752
vn -0.7520 -0.0530 -0.6570
vn -0.6889 -0.0474 -0.7233
vn -0.6283 -0.0420 -0.7768
vn -0.5713 -0.0369 -0.8199
vn -0.5183 -0.0321 -0.8546
vn -0.4690 -0.0278 -0.8828
vn -0.4234 -0.0238 -0.9057
vn -0.3809 -0.0202 -0.9244
vn -0.3414 -0.0169 -0.9398
vn -0.3045 -0.0140 -0.9524
vn -0.2697 -0.0114 -0.9629
vn -0.2368 -0.0090 -0.9715
vn -0.2055 -0.0070 -0.9786
vn -0.1756 -0.0052 -0.9845
vn -0.1468 -0.0037 -0.9892
vn -0.1189 -0.0025 -0.9929
vn -0.0917 -0.0015 -0.9958
vn -0.0651 -0.0008 -0.9979
vn -0.0000 1.0000 -0.0000
vn -0.0389 -0.0003 -0.9992
vn -0.0130 -0.0000 -0.9999
vn -0.0000 -1.0000 -0.0000
vn 1.0000 -0.0000 -0.0000
vt 1.000000 0.500000
vt 1.000000 1.000000
vt 0.998921 1.000000
vt 0.998323 0.500000
vt 0.500000 1.000000
vt 0.500000 0.500000
vt 0.501677 0.500000
vt 0.501079 1.000000
vt 0.490000 1.000000
vt 0.490000 0.500000
vt 0.480000 1.000000
vt 0.480000 0.500000
vt 0.470001 1.000000
vt 0.470001 0.500000
vt 0.460001 1.000000
vt 0.460001 0.500000
vt 0.450001 1.000000
vt 0.450001 0.500000
vt 0.440001 1.000000
vt 0.440001 0.500000
vt 0.430001 1.000000
vt 0.430001 0.500000
vt 0.420001 1.000000
vt 0.420001 0.500000
vt 0.410001 1.000000
vt 0.410001 0.500000
vt 0.400001 1.000000
vt 0.400001 0.500000
vt 0.390001 1.000000
vt 0.390001 0.500000
vt 0.380001 1.000000
vt 0.380001 0.500000
vt 0.370001 1.000000
vt 0.370001 0.500000
vt 0.360001 1.000000
vt 0.360001 0.500000
vt 0.350001 1.000000
vt 0.350001 0.500000
vt 0.340001 1.000000
vt 0.340001 0.500000
vt 0.330001 1.000000
vt 0.330001 0.500000
vt 0.320001 1.000000
vt 0.320001 0.500000
vt 0.310001 1.000000
vt 0.310001 0.500000
vt 0.300001 1.000000
vt 0.300001 0.500000
vt 0.290001 1.000000
vt 0.290001 0.500000
vt 0.280001 1.000000
vt 0.280001 0.500000
vt 0.270001 1.000000
vt 0.270001 0.500000
vt 0.260001 1.000000
vt 0.260001 0.500000
vt 0.250001 1.000000
vt 0.250001 0.500000
vt 0.240001 1.000000
vt 0.240001 0.500000
vt 0.230001 1.000000
vt 0.230001 0.500000
vt 0.220001 1.000000
vt 0.220001 0.500000
vt 0.210001 1.000000
vt 0.210001 0.500000
vt 0.200001 1.000000
vt 0.200001 0.500000
vt 0.190001 1.000000
vt 0.190001 0.500000
vt 0.180001 1.000000
vt 0.180001 0.500000
vt 0.170001 1.000000
vt 0.170001 0.500000
vt 0.160001 1.000000
vt 0.160001 0.500000
vt 0.150001 1.000000
vt 0.150001 0.500000
vt 0.140001 1.000000
vt 0.140001 0.500000
vt 0.130001 1.000000
vt 0.130001 0.500000
vt 0.120001 1.000000
vt 0.120001 0.500000
vt 0.110001 1.000000
vt 0.110001 0.500000
vt 0.100001 1.000000
vt 0.100001 0.500000
vt 0.090001 1.000000
vt 0.090001 0.500000
vt 0.080001 1.000000
vt 0.080001 0.500000
vt 0.070001 1.000000
vt 0.070001 0.500000
vt 0.060001 1.000000
vt 0.060001 0.500000
vt 0.050001 1.000000
vt 0.050001 0.500000
vt 0.040001 1.000000
vt 0.040001 0.500000
vt 0.030001 1.000000
vt 0.030001 0.500000
vt 0.020001 1.000000
vt 0.020001 0.500000
vt 0.251626 0.489949
vt 0.250000 0.490000
vt 0.234930 0.489526
vt 0.219920 0.488108
vt 0.205028 0.485749
vt 0.190314 0.482460
vt 0.175836 0.478254
vt 0.161650 0.473146
vt 0.147813 0.467158
vt 0.134379 0.460314
vt 0.121402 0.452639
vt 0.108932 0.444164
vt 0.097018 0.434923
vt 0.085709 0.424952
vt 0.075048 0.414291
vt 0.065077 0.402982
vt 0.055836 0.391068
vt 0.047361 0.378598
vt 0.039686 0.365621
vt 0.032842 0.352187
vt 0.026854 0.338350
vt 0.021746 0.324164
vt 0.017540 0.309686
vt 0.014251 0.294972
vt 0.011892 0.280080
vt 0.010474 0.265070
vt 0.010000 0.250000
vt 0.010474 0.234930
vt 0.011892 0.219920
vt 0.014251 0.205028
vt 0.017540 0.190314
vt 0.021746 0.175836
vt 0.026854 0.161650
vt 0.032842 0.147813
vt 0.039686 0.134379
vt 0.047361 0.121402
vt 0.055836 0.108932
vt 0.065077 0.097018
vt 0.075048 0.085709
vt 0.085709 0.075048
vt 0.097018 0.065077
vt 0.108932 0.055836
vt 0.121402 0.047361
vt 0.134379 0.039686
vt 0.147813 0.032842
vt 0.161650 0.026854
vt 0.175836 0.021746
vt 0.190314 0.017540
vt 0.205028 0.014251
vt 0.219920 0.011892
vt 0.234930 0.010474
vt 0.250000 0.010000
vt 0.251626 0.010051
vt 0.010001 1.000000
vt 0.010001 0.500000
vt 0.000001 1.000000
vt 0.000001 0.500000
vt 0.752527 0.010079
vt 0.750000 0.010000
vt 0.734930 0.010474
vt 0.719920 0.011892
vt 0.705028 0.014251
vt 0.690314 0.017540
vt 0.675836 0.021746
vt 0.661650 0.026854
vt 0.647813 0.032842
vt 0.634379 0.039686
vt 0.621402 0.047361
vt 0.608932 0.055836
vt 0.597018 0.065077
vt 0.585709 0.075048
vt 0.575048 0.085709
vt 0.565077 0.097018
vt 0.555836 0.108932
vt 0.547361 0.121402
vt 0.539686 0.134379
vt 0.532842 0.147813
vt 0.526854 0.161650
vt 0.521746 0.175836
vt 0.517540 0.190314
vt 0.514251 0.205028
vt 0.511892 0.219920
vt 0.510474 0.234930
vt 0.510000 0.250000
vt 0.510474 0.265070
vt 0.511892 0.280080
vt 0.514251 0.294972
vt 0.517540 0.309686
vt 0.521746 0.324164
vt 0.526854 0.338350
vt 0.532842 0.352187
vt 0.539686 0.365621
vt 0.547361 0.378598
vt 0.555836 0.391068
vt 0.565077 0.402982
vt 0.575048 0.414291
vt 0.585709 0.424952
vt 0.597018 0.434923
vt 0.608932 0.444164
vt 0.621402 0.452639
vt 0.634379 0.460314
vt 0.647813 0.467158
vt 0.661650 0.473146
vt 0.675836 0.478254
vt 0.690314 0.482460
vt 0.705028 0.485749
vt 0.719920 0.488108
vt 0.734930 0.489526
vt 0.750000 0.490000
vt 0.752527 0.489921
vt 0.375000 0.165527
vt 0.625000 0.165532
vt 0.625000 0.081090
vt 0.375000 0.081095
s 0
usemtl Material.006
f 1201/2413/613 1202/2414/613 1303/2415/613 1304/2416/613
f 1204/2417/614 1203/2418/614 1306/2419/614 1305/2420/614
f 1203/2418/615 1204/2417/615 1206/2421/615 1205/2422/615
f 1205/2422/616 1206/2421/616 1208/2423/616 1207/2424/616
f 1207/2424/617 1208/2423/617 1210/2425/617 1209/2426/617
f 1209/2426/618 1210/2425/618 1212/2427/618 1211/2428/618
f 1211/2428/619 1212/2427/619 1214/2429/619 1213/2430/619
f 1213/2430/620 1214/2429/620 1216/2431/620 1215/2432/620
f 1215/2432/621 1216/2431/621 1218/2433/621 1217/2434/621
f 1217/2434/622 1218/2433/622 1220/2435/622 1219/2436/622
f 1219/2436/623 1220/2435/623 1222/2437/623 1221/2438/623
f 1221/2438/624 1222/2437/624 1224/2439/624 1223/2440/624
f 1223/2440/625 1224/2439/625 1226/2441/625 1225/2442/625
f 1225/2442/626 1226/2441/626 1228/2443/626 1227/2444/626
f 1227/2444/627 1228/2443/627 1230/2445/627 1229/2446/627
f 1229/2446/628 1230/2445/628 1232/2447/628 1231/2448/628
f 1231/2448/629 1232/2447/629 1234/2449/629 1233/2450/629
f 1233/2450/630 1234/2449/630 1236/2451/630 1235/2452/630
f 1235/2452/631 1236/2451/631 1238/2453/631 1237/2454/631
f 1237/2454/632 1238/2453/632 1240/2455/632 1239/2456/632
f 1239/2456/633 1240/2455/633 1242/2457/633 1241/2458/633
f 1241/2458/634 1242/2457/634 1244/2459/634 1243/2460/634
f 1243/2460/635 1244/2459/635 1246/2461/635 1245/2462/635
f 1245/2462/636 1246/2461/636 1248/2463/636 1247/2464/636
f 1247/2464/637 1248/2463/637 1250/2465/637 1249/2466/637
f 1249/2466/638 1250/2465/638 1252/2467/638 1251/2468/638
f 1251/2468/639 1252/2467/639 1254/2469/639 1253/2470/639
f 1253/2470/640 1254/2469/640 1256/2471/640 1255/2472/640
f 1255/2472/641 1256/2471/641 1258/2473/641 1257/2474/641
f 1257/2474/642 1258/2473/642 1260/2475/642 1259/2476/642
f 1259/2476/643 1260/2475/643 1262/2477/643 1261/2478/643
f 1261/2478/644 1262/2477/644 1264/2479/644 1263/2480/644
f 1263/2480/645 1264/2479/645 1266/2481/645 1265/2482/645
f 1265/2482/646 1266/2481/646 1268/2483/646 1267/2484/646
f 1267/2484/647 1268/2483/647 1270/2485/647 1269/2486/647
f 1269/2486/648 1270/2485/648 1272/2487/648 1271/2488/648
f 1271/2488/649 1272/2487/649 1274/2489/649 1273/2490/649
f 1273/2490/650 1274/2489/650 1276/2491/650 1275/2492/650
f 1275/2492/651 1276/2491/651 1278/2493/651 1277/2494/651
f 1277/2494/652 1278/2493/652 1280/2495/652 1279/2496/652
f 1279/2496/653 1280/2495/653 1282/2497/653 1281/2498/653
f 1281/2498/654 1282/2497/654 1284/2499/654 1283/2500/654
f 1283/2500/655 1284/2499/655 1286/2501/655 1285/2502/655
f 1285/2502/656 1286/2501/656 1288/2503/656 1287/2504/656
f 1287/2504/657 1288/2503/657 1290/2505/657 1289/2506/657
f 1289/2506/658 1290/2505/658 1292/2507/658 1291/2508/658
f 1291/2508/659 1292/2507/659 1294/2509/659 1293/2510/659
f 1293/2510/660 1294/2509/660 1296/2511/660 1295/2512/660
f 1295/2512/661 1296/2511/661 1298/2513/661 1297/2514/661
f 1297/2514/662 1298/2513/662 1300/2515/662 1299/2516/662
f 1303/2517/663 1202/2518/663 1302/2519/663 1300/2520/663 1298/2521/663 1296/2522/663 1294/2523/663 1292/2524/663 1290/2525/663 1288/2526/663 1286/2527/663 1284/2528/663 1282/2529/663 1280/2530/663 1278/2531/663 1276/2532/663 1274/2533/663 1272/2534/663 1270/2535/663 1268/2536/663 1266/2537/663 1264/2538/663 1262/2539/663 1260/2540/663 1258/2541/663 1256/2542/663 1254/2543/663 1252/2544/663 1250/2545/663 1248/2546/663 1246/2547/663 1244/2548/663 1242/2549/663 1240/2550/663 1238/2551/663 1236/2552/663 1234/2553/663 1232/2554/663 1230/2555/663 1228/2556/663 1226/2557/663 1224/2558/663 1222/2559/663 1220/2560/663 1218/2561/663 1216/2562/663 1214/2563/663 1212/2564/663 1210/2565/663 1208/2566/663 1206/2567/663 1204/2568/663 1305/2569/663
f 1299/2516/664 1300/2515/664 1302/2570/664 1301/2571/664
f 1301/2571/665 1302/2570/665 1202/2572/665 1201/2573/665
f 1306/2574/666 1203/2575/666 1205/2576/666 1207/2577/666 1209/2578/666 1211/2579/666 1213/2580/666 1215/2581/666 1217/2582/666 1219/2583/666 1221/2584/666 1223/2585/666 1225/2586/666 1227/2587/666 1229/2588/666 1231/2589/666 1233/2590/666 1235/2591/666 1237/2592/666 1239/2593/666 1241/2594/666 1243/2595/666 1245/2596/666 1247/2597/666 1249/2598/666 1251/2599/666 1253/2600/666 1255/2601/666 1257/2602/666 1259/2603/666 1261/2604/666 1263/2605/666 1265/2606/666 1267/2607/666 1269/2608/666 1271/2609/666 1273/2610/666 1275/2611/666 1277/2612/666 1279/2613/666 1281/2614/666 1283/2615/666 1285/2616/666 1287/2617/666 1289/2618/666 1291/2619/666 1293/2620/666 1295/2621/666 1297/2622/666 1299/2623/666 1301/2624/666 1201/2625/666 1304/2626/666
f 1304/2627/667 1303/2628/667 1305/2629/667 1306/2630/667
o Cylinder.007
v 8.426658 0.004993 5.890734
v 8.426658 3.669993 5.890734
v 8.442984 0.004993 5.891247
v 8.442984 3.669993 5.891247
v 8.459245 0.004993 5.892784
v 8.459245 3.669993 5.892784
v 8.475377 0.004993 5.895339
v 8.475377 3.669993 5.895339
v 8.491317 0.004993 5.898902
v 8.491317 3.669993 5.898902
v 8.507002 0.004993 5.903459
v 8.507002 3.669993 5.903459
v 8.522370 0.004993 5.908992
v 8.522370 3.669993 5.908992
v 8.537360 0.004993 5.915479
v 8.537360 3.669993 5.915479
v 8.551913 0.004993 5.922894
v 8.551913 3.669993 5.922894
v 8.565972 0.004993 5.931209
v 8.565972 3.669993 5.931209
v 8.579482 0.004993 5.940390
v 8.579482 3.669993 5.940390
v 8.592388 0.004993 5.950400
v 8.592388 3.669993 5.950400
v 8.604640 0.004993 5.961202
v 8.604640 3.669993 5.961202
v 8.616190 0.004993 5.972752
v 8.616190 3.669993 5.972752
v 8.626991 0.004993 5.985003
v 8.626991 3.669993 5.985003
v 8.637002 0.004993 5.997910
v 8.637002 3.669993 5.997910
v 8.646183 0.004993 6.011419
v 8.646183 3.669993 6.011419
v 8.654497 0.004993 6.025478
v 8.654497 3.669993 6.025478
v 8.661913 0.004993 6.040031
v 8.661913 3.669993 6.040031
v 8.668400 0.004993 6.055022
v 8.668400 3.669993 6.055022
v 8.673932 0.004993 6.070390
v 8.673932 3.669993 6.070390
v 8.678490 0.004993 6.086074
v 8.678490 3.669993 6.086074
v 8.682053 0.004993 6.102015
v 8.682053 3.669993 6.102015
v 8.684608 0.004993 6.118147
v 8.684608 3.669993 6.118147
v 8.686145 0.004993 6.134408
v 8.686145 3.669993 6.134408
v 8.686658 0.004993 6.150734
v 8.686658 3.669993 6.150734
v 8.686145 0.004993 6.167059
v 8.686145 3.669993 6.167059
v 8.684608 0.004993 6.183321
v 8.684608 3.669993 6.183321
v 8.682053 0.004993 6.199453
v 8.682053 3.669993 6.199453
v 8.678490 0.004993 6.215394
v 8.678490 3.669993 6.215394
v 8.673932 0.004993 6.231078
v 8.673932 3.669993 6.231078
v 8.668400 0.004993 6.246446
v 8.668400 3.669993 6.246446
v 8.661913 0.004993 6.261436
v 8.661913 3.669993 6.261436
v 8.654497 0.004993 6.275990
v 8.654497 3.669993 6.275990
v 8.646183 0.004993 6.290049
v 8.646183 3.669993 6.290049
v 8.637002 0.004993 6.303558
v 8.637002 3.669993 6.303558
v 8.626991 0.004993 6.316464
v 8.626991 3.669993 6.316464
v 8.616190 0.004993 6.328716
v 8.616190 3.669993 6.328716
v 8.604640 0.004993 6.340266
v 8.604640 3.669993 6.340266
v 8.592388 0.004993 6.351068
v 8.592388 3.669993 6.351068
v 8.579482 0.004993 6.361078
v 8.579482 3.669993 6.361078
v 8.565972 0.004993 6.370259
v 8.565972 3.669993 6.370259
v 8.551913 0.004993 6.378574
v 8.551913 3.669993 6.378574
v 8.537360 0.004993 6.385989
v 8.537360 3.669993 6.385989
v 8.522370 0.004993 6.392476
v 8.522370 3.669993 6.392476
v 8.507002 0.004993 6.398009
v 8.507002 3.669993 6.398009
v 8.491317 0.004993 6.402565
v 8.491317 3.669993 6.402565
v 8.475377 0.004993 6.406128
v 8.475377 3.669993 6.406128
v 8.459245 0.004993 6.408684
v 8.459245 3.669993 6.408684
v 8.442984 0.004993 6.410221
v 8.442984 3.669993 6.410221
v 8.426658 0.004993 6.410734
v 8.426658 3.669993 6.410734
v 8.410332 0.004993 6.410221
v 8.410332 3.669993 6.410221
v 8.394071 0.004993 6.408684
v 8.394071 3.669993 6.408684
v 8.377938 0.004993 6.406128
v 8.377938 3.669993 6.406128
v 8.361999 0.004993 6.402565
v 8.361999 3.669993 6.402565
v 8.346313 0.004993 6.398009
v 8.346313 3.669993 6.398009
v 8.330945 0.004993 6.392476
v 8.330945 3.669993 6.392476
v 8.315955 0.004993 6.385989
v 8.315955 3.669993 6.385989
v 8.301402 0.004993 6.378574
v 8.301402 3.669993 6.378574
v 8.287343 0.004993 6.370259
v 8.287343 3.669993 6.370259
v 8.273833 0.004993 6.361078
v 8.273833 3.669993 6.361078
v 8.260927 0.004993 6.351068
v 8.260927 3.669993 6.351068
v 8.248675 0.004993 6.340266
v 8.248675 3.669993 6.340266
v 8.237125 0.004993 6.328716
v 8.237125 3.669993 6.328716
v 8.226324 0.004993 6.316464
v 8.226324 3.669993 6.316464
v 8.216313 0.004993 6.303558
v 8.216313 3.669993 6.303558
v 8.207132 0.004993 6.290049
v 8.207132 3.669993 6.290049
v 8.198818 0.004993 6.275990
v 8.198818 3.669993 6.275990
v 8.191402 0.004993 6.261436
v 8.191402 3.669993 6.261436
v 8.184916 0.004993 6.246446
v 8.184916 3.669993 6.246446
v 8.179383 0.004993 6.231078
v 8.179383 3.669993 6.231078
v 8.174826 0.004993 6.215394
v 8.174826 3.669993 6.215394
v 8.171263 0.004993 6.199453
v 8.171263 3.669993 6.199453
v 8.168708 0.004993 6.183321
v 8.168708 3.669993 6.183321
v 8.167171 0.004993 6.167059
v 8.167171 3.669993 6.167059
v 8.166657 0.004993 6.150734
v 8.166657 3.669993 6.150734
v 8.167171 0.004993 6.134408
v 8.167171 3.669993 6.134408
v 8.168708 0.004993 6.118147
v 8.168708 3.669993 6.118147
v 8.171263 0.004993 6.102015
v 8.171263 3.669993 6.102015
v 8.174826 0.004993 6.086074
v 8.174826 3.669993 6.086074
v 8.179383 0.004993 6.070390
v 8.179383 3.669993 6.070390
v 8.184916 0.004993 6.055022
v 8.184916 3.669993 6.055022
v 8.191402 0.004993 6.040031
v 8.191402 3.669993 6.040031
v 8.198818 0.004993 6.025478
v 8.198818 3.669993 6.025478
v 8.207132 0.004993 6.011419
v 8.207132 3.669993 6.011419
v 8.216313 0.004993 5.997910
v 8.216313 3.669993 5.997910
v 8.226324 0.004993 5.985003
v 8.226324 3.669993 5.985003
v 8.237125 0.004993 5.972752
v 8.237125 3.669993 5.972752
v 8.248675 0.004993 5.961202
v 8.248675 3.669993 5.961202
v 8.260927 0.004993 5.950400
v 8.260927 3.669993 5.950400
v 8.273833 0.004993 5.940390
v 8.273833 3.669993 5.940390
v 8.287343 0.004993 5.931209
v 8.287343 3.669993 5.931209
v 8.301402 0.004993 5.922894
v 8.301402 3.669993 5.922894
v 8.315955 0.004993 5.915479
v 8.315955 3.669993 5.915479
v 8.330945 0.004993 5.908992
v 8.330945 3.669993 5.908992
v 8.346313 0.004993 5.903459
v 8.346313 3.669993 5.903459
v 8.361999 0.004993 5.898902
v 8.361999 3.669993 5.898902
v 8.377938 0.004993 5.895339
v 8.377938 3.669993 5.895339
v 8.394071 0.004993 5.892784
v 8.394071 3.669993 5.892784
v 8.410332 0.004993 5.891247
v 8.410332 3.669993 5.891247
vn 0.0314 -0.0000 -0.9995
vn 0.0941 -0.0000 -0.9956
vn 0.1564 -0.0000 -0.9877
vn 0.2181 -0.0000 -0.9759
vn 0.2790 -0.0000 -0.9603
vn 0.3387 -0.0000 -0.9409
vn 0.3971 -0.0000 -0.9178
vn 0.4540 -0.0000 -0.8910
vn 0.5090 -0.0000 -0.8607
vn 0.5621 -0.0000 -0.8271
vn 0.6129 -0.0000 -0.7902
vn 0.6613 -0.0000 -0.7501
vn 0.7071 -0.0000 -0.7071
vn 0.7501 -0.0000 -0.6613
vn 0.7902 -0.0000 -0.6129
vn 0.8271 -0.0000 -0.5621
vn 0.8607 -0.0000 -0.5090
vn 0.8910 -0.0000 -0.4540
vn 0.9178 -0.0000 -0.3971
vn 0.9409 -0.0000 -0.3387
vn 0.9603 -0.0000 -0.2790
vn 0.9759 -0.0000 -0.2181
vn 0.9877 -0.0000 -0.1564
vn 0.9956 -0.0000 -0.0941
vn 0.9995 -0.0000 -0.0314
vn 0.9995 -0.0000 0.0314
vn 0.9956 -0.0000 0.0941
vn 0.9877 -0.0000 0.1564
vn 0.9759 -0.0000 0.2181
vn 0.9603 -0.0000 0.2790
vn 0.9409 -0.0000 0.3387
vn 0.9178 -0.0000 0.3971
vn 0.8910 -0.0000 0.4540
vn 0.8607 -0.0000 0.5090
vn 0.8271 -0.0000 0.5621
vn 0.7902 -0.0000 0.6129
vn 0.7501 -0.0000 0.6613
vn 0.7071 -0.0000 0.7071
vn 0.6613 -0.0000 0.7501
vn 0.6129 -0.0000 0.7902
vn 0.5621 -0.0000 0.8271
vn 0.5090 -0.0000 0.8607
vn 0.4540 -0.0000 0.8910
vn 0.3971 -0.0000 0.9178
vn 0.3387 -0.0000 0.9409
vn 0.2790 -0.0000 0.9603
vn 0.2181 -0.0000 0.9759
vn 0.1564 -0.0000 0.9877
vn 0.0941 -0.0000 0.9956
vn 0.0314 -0.0000 0.9995
vn -0.0314 -0.0000 0.9995
vn -0.0941 -0.0000 0.9956
vn -0.1564 -0.0000 0.9877
vn -0.2181 -0.0000 0.9759
vn -0.2790 -0.0000 0.9603
vn -0.3387 -0.0000 0.9409
vn -0.3971 -0.0000 0.9178
vn -0.4540 -0.0000 0.8910
vn -0.5090 -0.0000 0.8607
vn -0.5621 -0.0000 0.8271
vn -0.6129 -0.0000 0.7902
vn -0.6613 -0.0000 0.7501
vn -0.7071 -0.0000 0.7071
vn -0.7501 -0.0000 0.6613
vn -0.7902 -0.0000 0.6129
vn -0.8271 -0.0000 0.5621
vn -0.8607 -0.0000 0.5090
vn -0.8910 -0.0000 0.4540
vn -0.9178 -0.0000 0.3971
vn -0.9409 -0.0000 0.3387
vn -0.9603 -0.0000 0.2790
vn -0.9759 -0.0000 0.2181
vn -0.9877 -0.0000 0.1564
vn -0.9956 -0.0000 0.0941
vn -0.9995 -0.0000 0.0314
vn -0.9995 -0.0000 -0.0314
vn -0.9956 -0.0000 -0.0941
vn -0.9877 -0.0000 -0.1564
vn -0.9759 -0.0000 -0.2181
vn -0.9603 -0.0000 -0.2790
vn -0.9409 -0.0000 -0.3387
vn -0.9178 -0.0000 -0.3971
vn -0.8910 -0.0000 -0.4540
vn -0.8607 -0.0000 -0.5090
vn -0.8271 -0.0000 -0.5621
vn -0.7902 -0.0000 -0.6129
vn -0.7501 -0.0000 -0.6613
vn -0.7071 -0.0000 -0.7071
vn -0.6613 -0.0000 -0.7501
vn -0.6129 -0.0000 -0.7902
vn -0.5621 -0.0000 -0.8271
vn -0.5090 -0.0000 -0.8607
vn -0.4540 -0.0000 -0.8910
vn -0.3971 -0.0000 -0.9178
vn -0.3387 -0.0000 -0.9409
vn -0.2790 -0.0000 -0.9603
vn -0.2181 -0.0000 -0.9759
vn -0.1564 -0.0000 -0.9877
vn -0.0000 1.0000 -0.0000
vn -0.0941 -0.0000 -0.9956
vn -0.0314 -0.0000 -0.9995
vn -0.0000 -1.0000 -0.0000
vt 1.000000 0.477920
vt 1.000000 1.000000
vt 0.990000 1.000000
vt 0.990000 0.477920
vt 0.980000 1.000000
vt 0.980000 0.477920
vt 0.970000 1.000000
vt 0.970000 0.477920
vt 0.960000 1.000000
vt 0.960000 0.477920
vt 0.950000 1.000000
vt 0.950000 0.477920
vt 0.940000 1.000000
vt 0.940000 0.477920
vt 0.930000 1.000000
vt 0.930000 0.477920
vt 0.920000 1.000000
vt 0.920000 0.477920
vt 0.920000 0.477920
vt 0.910000 1.000000
vt 0.910000 0.477920
vt 0.910000 0.477920
vt 0.900000 1.000000
vt 0.900000 0.477920
vt 0.890000 1.000000
vt 0.890000 0.477920
vt 0.880000 1.000000
vt 0.880000 0.477920
vt 0.870000 1.000000
vt 0.870000 0.477920
vt 0.870000 0.477920
vt 0.860000 1.000000
vt 0.860000 0.477920
vt 0.850000 1.000000
vt 0.850000 0.477920
vt 0.840000 1.000000
vt 0.840000 0.477920
vt 0.830000 1.000000
vt 0.830000 0.477920
vt 0.830000 0.477920
vt 0.820000 1.000000
vt 0.820000 0.477920
vt 0.820000 0.477920
vt 0.810000 1.000000
vt 0.810000 0.477920
vt 0.800000 1.000000
vt 0.800000 0.477920
vt 0.790000 1.000000
vt 0.790000 0.477920
vt 0.780000 1.000000
vt 0.780000 0.477920
vt 0.770000 1.000000
vt 0.770000 0.477920
vt 0.760000 1.000000
vt 0.760000 0.477920
vt 0.750000 1.000000
vt 0.750000 0.477920
vt 0.740000 1.000000
vt 0.740000 0.477920
vt 0.730000 1.000000
vt 0.730000 0.477920
vt 0.720000 1.000000
vt 0.720000 0.477920
vt 0.710000 1.000000
vt 0.710000 0.477920
vt 0.700000 1.000000
vt 0.700000 0.477920
vt 0.690000 1.000000
vt 0.690000 0.477920
vt 0.680000 1.000000
vt 0.680000 0.477920
vt 0.670000 1.000000
vt 0.670000 0.477920
vt 0.670000 0.477920
vt 0.660000 1.000000
vt 0.660000 0.477920
vt 0.660000 0.477920
vt 0.650000 1.000000
vt 0.650000 0.477920
vt 0.640000 1.000000
vt 0.640000 0.477920
vt 0.630000 1.000000
vt 0.630000 0.477920
vt 0.620000 1.000000
vt 0.620000 0.477920
vt 0.620000 0.477920
vt 0.610000 1.000000
vt 0.610000 0.477920
vt 0.600000 1.000000
vt 0.600000 0.477920
vt 0.590000 1.000000
vt 0.590000 0.477920
vt 0.580000 1.000000
vt 0.580000 0.477920
vt 0.580000 0.477920
vt 0.570000 1.000000
vt 0.570000 0.477920
vt 0.570000 0.477920
vt 0.560000 1.000000
vt 0.560000 0.477920
vt 0.550000 1.000000
vt 0.550000 0.477920
vt 0.540000 1.000000
vt 0.540000 0.477920
vt 0.530000 1.000000
vt 0.530000 0.477920
vt 0.520000 1.000000
vt 0.520000 0.477920
vt 0.510000 1.000000
vt 0.510000 0.477920
vt 0.500000 1.000000
vt 0.500000 0.477920
vt 0.490000 1.000000
vt 0.490000 0.477920
vt 0.480000 1.000000
vt 0.480000 0.477920
vt 0.470001 1.000000
vt 0.470000 0.477920
vt 0.470001 0.477920
vt 0.460001 1.000000
vt 0.460001 0.477920
vt 0.450001 1.000000
vt 0.450001 0.477920
vt 0.440001 1.000000
vt 0.440001 0.477920
vt 0.430001 1.000000
vt 0.430001 0.477920
vt 0.420001 1.000000
vt 0.420001 0.477920
vt 0.420001 0.477920
vt 0.410001 1.000000
vt 0.410001 0.477920
vt 0.410001 0.477920
vt 0.400001 1.000000
vt 0.400001 0.477920
vt 0.390001 1.000000
vt 0.390001 0.477920
vt 0.380001 1.000000
vt 0.380001 0.477920
vt 0.380001 0.477920
vt 0.370001 1.000000
vt 0.370001 0.477920
vt 0.370001 0.477920
vt 0.360001 1.000000
vt 0.360001 0.477920
vt 0.350001 1.000000
vt 0.350001 0.477920
vt 0.340001 1.000000
vt 0.340001 0.477920
vt 0.330001 1.000000
vt 0.330001 0.477920
vt 0.330001 0.477920
vt 0.320001 1.000000
vt 0.320001 0.477920
vt 0.320001 0.477920
vt 0.310001 1.000000
vt 0.310001 0.477920
vt 0.310001 0.477920
vt 0.300001 1.000000
vt 0.300001 0.477920
vt 0.290001 1.000000
vt 0.290001 0.477920
vt 0.280001 1.000000
vt 0.280001 0.477920
vt 0.270001 1.000000
vt 0.270001 0.477920
vt 0.260001 1.000000
vt 0.260001 0.477920
vt 0.250001 1.000000
vt 0.250001 0.477920
vt 0.240001 1.000000
vt 0.240001 0.477920
vt 0.230001 1.000000
vt 0.230001 0.477920
vt 0.220001 1.000000
vt 0.220001 0.477920
vt 0.210001 1.000000
vt 0.210001 0.477920
vt 0.200001 1.000000
vt 0.200001 0.477920
vt 0.190001 1.000000
vt 0.190001 0.477920
vt 0.180001 1.000000
vt 0.180001 0.477920
vt 0.170001 1.000000
vt 0.170001 0.477920
vt 0.170001 0.477920
vt 0.160001 1.000000
vt 0.160001 0.477920
vt 0.160001 0.477920
vt 0.150001 1.000000
vt 0.150001 0.477920
vt 0.140001 1.000000
vt 0.140001 0.477920
vt 0.130001 1.000000
vt 0.130001 0.477920
vt 0.120001 1.000000
vt 0.120001 0.477920
vt 0.120001 0.477920
vt 0.110001 1.000000
vt 0.110001 0.477920
vt 0.100001 1.000000
vt 0.100001 0.477920
vt 0.090001 1.000000
vt 0.090001 0.477920
vt 0.080001 1.000000
vt 0.080001 0.477920
vt 0.080001 0.477920
vt 0.070001 1.000000
vt 0.070001 0.477920
vt 0.070001 0.477920
vt 0.060001 1.000000
vt 0.060001 0.477920
vt 0.050001 1.000000
vt 0.050001 0.477920
vt 0.040001 1.000000
vt 0.040001 0.477920
vt 0.030001 1.000000
vt 0.030001 0.477920
vt 0.020001 1.000000
vt 0.020001 0.477920
vt 0.265070 0.489526
vt 0.250000 0.490000
vt 0.234930 0.489526
vt 0.219920 0.488108
vt 0.205028 0.485749
vt 0.190314 0.482460
vt 0.175836 0.478254
vt 0.161650 0.473146
vt 0.147813 0.467158
vt 0.134379 0.460314
vt 0.121402 0.452639
vt 0.108932 0.444164
vt 0.097018 0.434923
vt 0.085709 0.424952
vt 0.075048 0.414291
vt 0.065077 0.402982
vt 0.055836 0.391068
vt 0.047361 0.378598
vt 0.039686 0.365621
vt 0.032842 0.352187
vt 0.026854 0.338350
vt 0.021746 0.324164
vt 0.017540 0.309686
vt 0.014251 0.294972
vt 0.011892 0.280080
vt 0.010474 0.265070
vt 0.010000 0.250000
vt 0.010474 0.234930
vt 0.011892 0.219920
vt 0.014251 0.205028
vt 0.017540 0.190314
vt 0.021746 0.175836
vt 0.026854 0.161650
vt 0.032842 0.147813
vt 0.039686 0.134379
vt 0.047361 0.121402
vt 0.055836 0.108932
vt 0.065077 0.097018
vt 0.075048 0.085709
vt 0.085709 0.075048
vt 0.097018 0.065077
vt 0.108932 0.055836
vt 0.121402 0.047361
vt 0.134379 0.039686
vt 0.147813 0.032842
vt 0.161650 0.026854
vt 0.175836 0.021746
vt 0.190314 0.017540
vt 0.205028 0.014251
vt 0.219920 0.011892
vt 0.234930 0.010474
vt 0.250000 0.010000
vt 0.265070 0.010474
vt 0.280080 0.011892
vt 0.294972 0.014251
vt 0.309686 0.017540
vt 0.324164 0.021746
vt 0.338350 0.026854
vt 0.352187 0.032842
vt 0.365621 0.039686
vt 0.378598 0.047361
vt 0.391068 0.055836
vt 0.402982 0.065077
vt 0.414291 0.075048
vt 0.424952 0.085709
vt 0.434923 0.097018
vt 0.444164 0.108932
vt 0.452639 0.121402
vt 0.460314 0.134379
vt 0.467158 0.147813
vt 0.473146 0.161650
vt 0.478254 0.175836
vt 0.482460 0.190314
vt 0.485749 0.205028
vt 0.488108 0.219920
vt 0.489526 0.234930
vt 0.490000 0.250000
vt 0.489526 0.265070
vt 0.488108 0.280080
vt 0.485749 0.294972
vt 0.482460 0.309686
vt 0.478254 0.324164
vt 0.473146 0.338350
vt 0.467158 0.352187
vt 0.460314 0.365621
vt 0.452639 0.378598
vt 0.444164 0.391068
vt 0.434923 0.402982
vt 0.424952 0.414291
vt 0.414291 0.424952
vt 0.402982 0.434923
vt 0.391068 0.444164
vt 0.378598 0.452639
vt 0.365621 0.460314
vt 0.352187 0.467158
vt 0.338350 0.473146
vt 0.324164 0.478254
vt 0.309686 0.482460
vt 0.294972 0.485749
vt 0.280080 0.488108
vt 0.010001 1.000000
vt 0.010001 0.477920
vt 0.000001 1.000000
vt 0.000001 0.477920
vt 0.750000 0.490000
vt 0.765070 0.489526
vt 0.780080 0.488108
vt 0.794972 0.485749
vt 0.809686 0.482460
vt 0.824164 0.478254
vt 0.838350 0.473146
vt 0.852187 0.467158
vt 0.865621 0.460314
vt 0.878598 0.452639
vt 0.891068 0.444164
vt 0.902982 0.434923
vt 0.914291 0.424952
vt 0.924952 0.414291
vt 0.934923 0.402982
vt 0.944164 0.391068
vt 0.952639 0.378598
vt 0.960314 0.365621
vt 0.967158 0.352187
vt 0.973146 0.338350
vt 0.978254 0.324164
vt 0.982460 0.309686
vt 0.985749 0.294972
vt 0.988108 0.280080
vt 0.989526 0.265070
vt 0.990000 0.250000
vt 0.989526 0.234930
vt 0.988108 0.219920
vt 0.985749 0.205028
vt 0.982460 0.190314
vt 0.978254 0.175836
vt 0.973146 0.161650
vt 0.967158 0.147813
vt 0.960314 0.134379
vt 0.952639 0.121402
vt 0.944164 0.108932
vt 0.934923 0.097018
vt 0.924952 0.085709
vt 0.914291 0.075048
vt 0.902982 0.065077
vt 0.891068 0.055836
vt 0.878598 0.047361
vt 0.865621 0.039686
vt 0.852187 0.032842
vt 0.838350 0.026854
vt 0.824164 0.021746
vt 0.809686 0.017540
vt 0.794972 0.014251
vt 0.780080 0.011892
vt 0.765070 0.010474
vt 0.750000 0.010000
vt 0.734930 0.010474
vt 0.719920 0.011892
vt 0.705028 0.014251
vt 0.690314 0.017540
vt 0.675836 0.021746
vt 0.661650 0.026854
vt 0.647813 0.032842
vt 0.634379 0.039686
vt 0.621402 0.047361
vt 0.608932 0.055836
vt 0.597018 0.065077
vt 0.585709 0.075048
vt 0.575048 0.085709
vt 0.565077 0.097018
vt 0.555836 0.108932
vt 0.547361 0.121402
vt 0.539686 0.134379
vt 0.532842 0.147813
vt 0.526854 0.161650
vt 0.521746 0.175836
vt 0.517540 0.190314
vt 0.514251 0.205028
vt 0.511892 0.219920
vt 0.510474 0.234930
vt 0.510000 0.250000
vt 0.510474 0.265070
vt 0.511892 0.280080
vt 0.514251 0.294972
vt 0.517540 0.309686
vt 0.521746 0.324164
vt 0.526854 0.338350
vt 0.532842 0.352187
vt 0.539686 0.365621
vt 0.547361 0.378598
vt 0.555836 0.391068
vt 0.565077 0.402982
vt 0.575048 0.414291
vt 0.585709 0.424952
vt 0.597018 0.434923
vt 0.608932 0.444164
vt 0.621402 0.452639
vt 0.634379 0.460314
vt 0.647813 0.467158
vt 0.661650 0.473146
vt 0.675836 0.478254
vt 0.690314 0.482460
vt 0.705028 0.485749
vt 0.719920 0.488108
vt 0.734930 0.489526
s 0
usemtl Material.002
f 1307/2631/668 1308/2632/668 1310/2633/668 1309/2634/668
f 1309/2634/669 1310/2633/669 1312/2635/669 1311/2636/669
f 1311/2636/670 1312/2635/670 1314/2637/670 1313/2638/670
f 1313/2638/671 1314/2637/671 1316/2639/671 1315/2640/671
f 1315/2640/672 1316/2639/672 1318/2641/672 1317/2642/672
f 1317/2642/673 1318/2641/673 1320/2643/673 1319/2644/673
f 1319/2644/674 1320/2643/674 1322/2645/674 1321/2646/674
f 1321/2646/675 1322/2645/675 1324/2647/675 1323/2648/675
f 1323/2649/676 1324/2647/676 1326/2650/676 1325/2651/676
f 1325/2652/677 1326/2650/677 1328/2653/677 1327/2654/677
f 1327/2654/678 1328/2653/678 1330/2655/678 1329/2656/678
f 1329/2656/679 1330/2655/679 1332/2657/679 1331/2658/679
f 1331/2658/680 1332/2657/680 1334/2659/680 1333/2660/680
f 1333/2661/681 1334/2659/681 1336/2662/681 1335/2663/681
f 1335/2663/682 1336/2662/682 1338/2664/682 1337/2665/682
f 1337/2665/683 1338/2664/683 1340/2666/683 1339/2667/683
f 1339/2667/684 1340/2666/684 1342/2668/684 1341/2669/684
f 1341/2670/685 1342/2668/685 1344/2671/685 1343/2672/685
f 1343/2673/686 1344/2671/686 1346/2674/686 1345/2675/686
f 1345/2675/687 1346/2674/687 1348/2676/687 1347/2677/687
f 1347/2677/688 1348/2676/688 1350/2678/688 1349/2679/688
f 1349/2679/689 1350/2678/689 1352/2680/689 1351/2681/689
f 1351/2681/690 1352/2680/690 1354/2682/690 1353/2683/690
f 1353/2683/691 1354/2682/691 1356/2684/691 1355/2685/691
f 1355/2685/692 1356/2684/692 1358/2686/692 1357/2687/692
f 1357/2687/693 1358/2686/693 1360/2688/693 1359/2689/693
f 1359/2689/694 1360/2688/694 1362/2690/694 1361/2691/694
f 1361/2691/695 1362/2690/695 1364/2692/695 1363/2693/695
f 1363/2693/696 1364/2692/696 1366/2694/696 1365/2695/696
f 1365/2695/697 1366/2694/697 1368/2696/697 1367/2697/697
f 1367/2697/698 1368/2696/698 1370/2698/698 1369/2699/698
f 1369/2699/699 1370/2698/699 1372/2700/699 1371/2701/699
f 1371/2701/700 1372/2700/700 1374/2702/700 1373/2703/700
f 1373/2704/701 1374/2702/701 1376/2705/701 1375/2706/701
f 1375/2707/702 1376/2705/702 1378/2708/702 1377/2709/702
f 1377/2709/703 1378/2708/703 1380/2710/703 1379/2711/703
f 1379/2711/704 1380/2710/704 1382/2712/704 1381/2713/704
f 1381/2713/705 1382/2712/705 1384/2714/705 1383/2715/705
f 1383/2716/706 1384/2714/706 1386/2717/706 1385/2718/706
f 1385/2718/707 1386/2717/707 1388/2719/707 1387/2720/707
f 1387/2720/708 1388/2719/708 1390/2721/708 1389/2722/708
f 1389/2722/709 1390/2721/709 1392/2723/709 1391/2724/709
f 1391/2725/710 1392/2723/710 1394/2726/710 1393/2727/710
f 1393/2728/711 1394/2726/711 1396/2729/711 1395/2730/711
f 1395/2730/712 1396/2729/712 1398/2731/712 1397/2732/712
f 1397/2732/713 1398/2731/713 1400/2733/713 1399/2734/713
f 1399/2734/714 1400/2733/714 1402/2735/714 1401/2736/714
f 1401/2736/715 1402/2735/715 1404/2737/715 1403/2738/715
f 1403/2738/716 1404/2737/716 1406/2739/716 1405/2740/716
f 1405/2740/717 1406/2739/717 1408/2741/717 1407/2742/717
f 1407/2742/718 1408/2741/718 1410/2743/718 1409/2744/718
f 1409/2744/719 1410/2743/719 1412/2745/719 1411/2746/719
f 1411/2746/720 1412/2745/720 1414/2747/720 1413/2748/720
f 1413/2749/721 1414/2747/721 1416/2750/721 1415/2751/721
f 1415/2751/722 1416/2750/722 1418/2752/722 1417/2753/722
f 1417/2753/723 1418/2752/723 1420/2754/723 1419/2755/723
f 1419/2755/724 1420/2754/724 1422/2756/724 1421/2757/724
f 1421/2757/725 1422/2756/725 1424/2758/725 1423/2759/725
f 1423/2760/726 1424/2758/726 1426/2761/726 1425/2762/726
f 1425/2763/727 1426/2761/727 1428/2764/727 1427/2765/727
f 1427/2765/728 1428/2764/728 1430/2766/728 1429/2767/728
f 1429/2767/729 1430/2766/729 1432/2768/729 1431/2769/729
f 1431/2770/730 1432/2768/730 1434/2771/730 1433/2772/730
f 1433/2773/731 1434/2771/731 1436/2774/731 1435/2775/731
f 1435/2775/732 1436/2774/732 1438/2776/732 1437/2777/732
f 1437/2777/733 1438/2776/733 1440/2778/733 1439/2779/733
f 1439/2779/734 1440/2778/734 1442/2780/734 1441/2781/734
f 1441/2782/735 1442/2780/735 1444/2783/735 1443/2784/735
f 1443/2785/736 1444/2783/736 1446/2786/736 1445/2787/736
f 1445/2788/737 1446/2786/737 1448/2789/737 1447/2790/737
f 1447/2790/738 1448/2789/738 1450/2791/738 1449/2792/738
f 1449/2792/739 1450/2791/739 1452/2793/739 1451/2794/739
f 1451/2794/740 1452/2793/740 1454/2795/740 1453/2796/740
f 1453/2796/741 1454/2795/741 1456/2797/741 1455/2798/741
f 1455/2798/742 1456/2797/742 1458/2799/742 1457/2800/742
f 1457/2800/743 1458/2799/743 1460/2801/743 1459/2802/743
f 1459/2802/744 1460/2801/744 1462/2803/744 1461/2804/744
f 1461/2804/745 1462/2803/745 1464/2805/745 1463/2806/745
f 1463/2806/746 1464/2805/746 1466/2807/746 1465/2808/746
f 1465/2808/747 1466/2807/747 1468/2809/747 1467/2810/747
f 1467/2810/748 1468/2809/748 1470/2811/748 1469/2812/748
f 1469/2812/749 1470/2811/749 1472/2813/749 1471/2814/749
f 1471/2814/750 1472/2813/750 1474/2815/750 1473/2816/750
f 1473/2817/751 1474/2815/751 1476/2818/751 1475/2819/751
f 1475/2820/752 1476/2818/752 1478/2821/752 1477/2822/752
f 1477/2822/753 1478/2821/753 1480/2823/753 1479/2824/753
f 1479/2824/754 1480/2823/754 1482/2825/754 1481/2826/754
f 1481/2826/755 1482/2825/755 1484/2827/755 1483/2828/755
f 1483/2829/756 1484/2827/756 1486/2830/756 1485/2831/756
f 1485/2831/757 1486/2830/757 1488/2832/757 1487/2833/757
f 1487/2833/758 1488/2832/758 1490/2834/758 1489/2835/758
f 1489/2835/759 1490/2834/759 1492/2836/759 1491/2837/759
f 1491/2838/760 1492/2836/760 1494/2839/760 1493/2840/760
f 1493/2841/761 1494/2839/761 1496/2842/761 1495/2843/761
f 1495/2843/762 1496/2842/762 1498/2844/762 1497/2845/762
f 1497/2845/763 1498/2844/763 1500/2846/763 1499/2847/763
f 1499/2847/764 1500/2846/764 1502/2848/764 1501/2849/764
f 1501/2849/765 1502/2848/765 1504/2850/765 1503/2851/765
f 1310/2852/766 1308/2853/766 1506/2854/766 1504/2855/766 1502/2856/766 1500/2857/766 1498/2858/766 1496/2859/766 1494/2860/766 1492/2861/766 1490/2862/766 1488/2863/766 1486/2864/766 1484/2865/766 1482/2866/766 1480/2867/766 1478/2868/766 1476/2869/766 1474/2870/766 1472/2871/766 1470/2872/766 1468/2873/766 1466/2874/766 1464/2875/766 1462/2876/766 1460/2877/766 1458/2878/766 1456/2879/766 1454/2880/766 1452/2881/766 1450/2882/766 1448/2883/766 1446/2884/766 1444/2885/766 1442/2886/766 1440/2887/766 1438/2888/766 1436/2889/766 1434/2890/766 1432/2891/766 1430/2892/766 1428/2893/766 1426/2894/766 1424/2895/766 1422/2896/766 1420/2897/766 1418/2898/766 1416/2899/766 1414/2900/766 1412/2901/766 1410/2902/766 1408/2903/766 1406/2904/766 1404/2905/766 1402/2906/766 1400/2907/766 1398/2908/766 1396/2909/766 1394/2910/766 1392/2911/766 1390/2912/766 1388/2913/766 1386/2914/766 1384/2915/766 1382/2916/766 1380/2917/766 1378/2918/766 1376/2919/766 1374/2920/766 1372/2921/766 1370/2922/766 1368/2923/766 1366/2924/766 1364/2925/766 1362/2926/766 1360/2927/766 1358/2928/766 1356/2929/766 1354/2930/766 1352/2931/766 1350/2932/766 1348/2933/766 1346/2934/766 1344/2935/766 1342/2936/766 1340/2937/766 1338/2938/766 1336/2939/766 1334/2940/766 1332/2941/766 1330/2942/766 1328/2943/766 1326/2944/766 1324/2945/766 1322/2946/766 1320/2947/766 1318/2948/766 1316/2949/766 1314/2950/766 1312/2951/766
f 1503/2851/767 1504/2850/767 1506/2952/767 1505/2953/767
f 1505/2953/768 1506/2952/768 1308/2954/768 1307/2955/768
f 1307/2956/769 1309/2957/769 1311/2958/769 1313/2959/769 1315/2960/769 1317/2961/769 1319/2962/769 1321/2963/769 1323/2964/769 1325/2965/769 1327/2966/769 1329/2967/769 1331/2968/769 1333/2969/769 1335/2970/769 1337/2971/769 1339/2972/769 1341/2973/769 1343/2974/769 1345/2975/769 1347/2976/769 1349/2977/769 1351/2978/769 1353/2979/769 1355/2980/769 1357/2981/769 1359/2982/769 1361/2983/769 1363/2984/769 1365/2985/769 1367/2986/769 1369/2987/769 1371/2988/769 1373/2989/769 1375/2990/769 1377/2991/769 1379/2992/769 1381/2993/769 1383/2994/769 1385/2995/769 1387/2996/769 1389/2997/769 1391/2998/769 1393/2999/769 1395/3000/769 1397/3001/769 1399/3002/769 1401/3003/769 1403/3004/769 1405/3005/769 1407/3006/769 1409/3007/769 1411/3008/769 1413/3009/769 1415/3010/769 1417/3011/769 1419/3012/769 1421/3013/769 1423/3014/769 1425/3015/769 1427/3016/769 1429/3017/769 1431/3018/769 1433/3019/769 1435/3020/769 1437/3021/769 1439/3022/769 1441/3023/769 1443/3024/769 1445/3025/769 1447/3026/769 1449/3027/769 1451/3028/769 1453/3029/769 1455/3030/769 1457/3031/769 1459/3032/769 1461/3033/769 1463/3034/769 1465/3035/769 1467/3036/769 1469/3037/769 1471/3038/769 1473/3039/769 1475/3040/769 1477/3041/769 1479/3042/769 1481/3043/769 1483/3044/769 1485/3045/769 1487/3046/769 1489/3047/769 1491/3048/769 1493/3049/769 1495/3050/769 1497/3051/769 1499/3052/769 1501/3053/769 1503/3054/769 1505/3055/769
o Cylinder.008
v -3.878342 0.159993 5.900734
v -3.878342 3.669993 5.900734
v -3.848517 0.159993 5.901227
v -3.831987 3.669993 5.901227
v -3.818809 0.159993 5.902705
v -3.785815 3.669993 5.902705
v -3.789336 0.159993 5.905162
v -3.740008 3.669993 5.905162
v -3.760215 0.159993 5.908588
v -3.694747 3.669993 5.908588
v -3.731559 0.159993 5.912970
v -3.650210 3.669993 5.912970
v -3.703483 0.159993 5.918290
v -3.606574 3.669993 5.918290
v -3.676097 0.159993 5.924527
v -3.564011 3.669993 5.924527
v -3.649509 0.159993 5.931657
v -3.522687 3.669993 5.931657
v -3.623824 0.159993 5.939652
v -3.482768 3.669993 5.939652
v -3.599144 0.159993 5.948480
v -3.444410 3.669993 5.948480
v -3.575566 0.159993 5.958106
v -3.407764 3.669993 5.958106
v -3.553182 0.159993 5.968492
v -3.372975 3.669993 5.968492
v -3.532082 0.159993 5.979597
v -3.340181 3.669993 5.979597
v -3.512348 0.159993 5.991378
v -3.309511 3.669993 5.991378
v -3.494059 0.159993 6.003788
v -3.281085 3.669993 6.003788
v -3.477286 0.159993 6.016777
v -3.255017 3.669993 6.016777
v -3.462096 0.159993 6.030295
v -3.231409 3.669993 6.030295
v -3.448549 0.159993 6.044289
v -3.210354 3.669993 6.044289
v -3.436698 0.159993 6.058703
v -3.191935 3.669993 6.058703
v -3.426590 0.159993 6.073480
v -3.176225 3.669993 6.073480
v -3.418265 0.159993 6.088562
v -3.163286 3.669993 6.088562
v -3.411756 0.159993 6.103889
v -3.153169 3.669993 6.103889
v -3.407088 0.159993 6.119401
v -3.145913 3.669993 6.119401
v -3.404279 0.159993 6.135036
v -3.141549 3.669993 6.135036
v -3.403342 0.159993 6.150734
v -3.140092 3.669993 6.150734
v -3.404279 0.159993 6.166431
v -3.141549 3.669993 6.166431
v -3.407088 0.159993 6.182067
v -3.145913 3.669993 6.182067
v -3.411756 0.159993 6.197579
v -3.153169 3.669993 6.197579
v -3.418265 0.159993 6.212906
v -3.163286 3.669993 6.212906
v -3.426590 0.159993 6.227988
v -3.176225 3.669993 6.227988
v -3.436698 0.159993 6.242765
v -3.191935 3.669993 6.242765
v -3.448549 0.159993 6.257179
v -3.210354 3.669993 6.257179
v -3.462096 0.159993 6.271173
v -3.231409 3.669993 6.271173
v -3.477286 0.159993 6.284691
v -3.255017 3.669993 6.284691
v -3.494059 0.159993 6.297680
v -3.281085 3.669993 6.297680
v -3.512348 0.159993 6.310090
v -3.309511 3.669993 6.310090
v -3.532082 0.159993 6.321871
v -3.340181 3.669993 6.321871
v -3.553182 0.159993 6.332976
v -3.372975 3.669993 6.332976
v -3.575566 0.159993 6.343362
v -3.407764 3.669993 6.343362
v -3.599144 0.159993 6.352988
v -3.444410 3.669993 6.352988
v -3.623824 0.159993 6.361816
v -3.482768 3.669993 6.361816
v -3.649509 0.159993 6.369811
v -3.522687 3.669993 6.369811
v -3.676097 0.159993 6.376941
v -3.564011 3.669993 6.376941
v -3.703483 0.159993 6.383178
v -3.606574 3.669993 6.383178
v -3.731559 0.159993 6.388498
v -3.650210 3.669993 6.388498
v -3.760215 0.159993 6.392880
v -3.694747 3.669993 6.392880
v -3.789336 0.159993 6.396306
v -3.740008 3.669993 6.396306
v -3.818809 0.159993 6.398763
v -3.785815 3.669993 6.398763
v -3.848517 0.159993 6.400240
v -3.831987 3.669993 6.400240
v -3.878342 0.159993 6.400734
v -3.878342 3.669993 6.400734
v -3.908168 0.159993 6.400240
v -3.924697 3.669993 6.400240
v -3.937876 0.159993 6.398763
v -3.970869 3.669993 6.398763
v -3.967348 0.159993 6.396306
v -4.016676 3.669993 6.396306
v -3.996470 0.159993 6.392880
v -4.061937 3.669993 6.392880
v -4.025126 0.159993 6.388498
v -4.106474 3.669993 6.388498
v -4.053201 0.159993 6.383178
v -4.150110 3.669993 6.383178
v -4.080587 0.159993 6.376941
v -4.192674 3.669993 6.376941
v -4.107175 0.159993 6.369811
v -4.233997 3.669993 6.369811
v -4.132860 0.159993 6.361816
v -4.273916 3.669993 6.361816
v -4.157540 0.159993 6.352988
v -4.312274 3.669993 6.352988
v -4.181118 0.159993 6.343362
v -4.348920 3.669993 6.343362
v -4.203502 0.159993 6.332976
v -4.383709 3.669993 6.332976
v -4.224602 0.159993 6.321871
v -4.416503 3.669993 6.321871
v -4.244336 0.159993 6.310090
v -4.447174 3.669993 6.310090
v -4.262625 0.159993 6.297680
v -4.475599 3.669993 6.297680
v -4.279398 0.159993 6.284691
v -4.501667 3.669993 6.284691
v -4.294588 0.159993 6.271173
v -4.525276 3.669993 6.271173
v -4.308135 0.159993 6.257179
v -4.546331 3.669993 6.257179
v -4.319986 0.159993 6.242765
v -4.564750 3.669993 6.242765
v -4.330094 0.159993 6.227988
v -4.580460 3.669993 6.227988
v -4.338419 0.159993 6.212906
v -4.593399 3.669993 6.212906
v -4.344929 0.159993 6.197579
v -4.603516 3.669993 6.197579
v -4.349597 0.159993 6.182067
v -4.610771 3.669993 6.182067
v -4.352405 0.159993 6.166431
v -4.615135 3.669993 6.166431
v -4.353342 0.159993 6.150734
v -4.616592 3.669993 6.150734
v -4.352405 0.159993 6.135036
v -4.615135 3.669993 6.135036
v -4.349597 0.159993 6.119401
v -4.610771 3.669993 6.119401
v -4.344929 0.159993 6.103889
v -4.603516 3.669993 6.103889
v -4.338419 0.159993 6.088562
v -4.593399 3.669993 6.088562
v -4.330094 0.159993 6.073480
v -4.580460 3.669993 6.073480
v -4.319986 0.159993 6.058703
v -4.564750 3.669993 6.058703
v -4.308135 0.159993 6.044289
v -4.546331 3.669993 6.044289
v -4.294588 0.159993 6.030295
v -4.525276 3.669993 6.030295
v -4.279398 0.159993 6.016777
v -4.501667 3.669993 6.016777
v -4.262625 0.159993 6.003788
v -4.475599 3.669993 6.003788
v -4.244336 0.159993 5.991378
v -4.447174 3.669993 5.991378
v -4.224602 0.159993 5.979597
v -4.416503 3.669993 5.979597
v -4.203502 0.159993 5.968492
v -4.383709 3.669993 5.968492
v -4.181118 0.159993 5.958106
v -4.348920 3.669993 5.958106
v -4.157540 0.159993 5.948480
v -4.312274 3.669993 5.948480
v -4.132860 0.159993 5.939652
v -4.273916 3.669993 5.939652
v -4.107175 0.159993 5.931657
v -4.233997 3.669993 5.931657
v -4.080587 0.159993 5.924527
v -4.192674 3.669993 5.924527
v -4.053201 0.159993 5.918290
v -4.150110 3.669993 5.918290
v -4.025126 0.159993 5.912970
v -4.106474 3.669993 5.912970
v -3.996470 0.159993 5.908588
v -4.061937 3.669993 5.908588
v -3.967348 0.159993 5.905162
v -4.016676 3.669993 5.905162
v -3.937876 0.159993 5.902705
v -3.970869 3.669993 5.902705
v -3.908168 0.159993 5.901227
v -3.924697 3.669993 5.901227
v -3.878342 0.004993 5.900734
v -3.849411 0.004993 5.901227
v -3.820595 0.004993 5.902705
v -3.792006 0.004993 5.905162
v -3.763758 0.004993 5.908588
v -3.735963 0.004993 5.912970
v -3.708729 0.004993 5.918290
v -3.682164 0.004993 5.924527
v -3.656374 0.004993 5.931657
v -3.631460 0.004993 5.939652
v -3.607520 0.004993 5.948480
v -3.584649 0.004993 5.958106
v -3.562937 0.004993 5.968492
v -3.542470 0.004993 5.979597
v -3.523328 0.004993 5.991378
v -3.505588 0.004993 6.003788
v -3.489318 0.004993 6.016777
v -3.474584 0.004993 6.030295
v -3.461443 0.004993 6.044289
v -3.449948 0.004993 6.058703
v -3.440143 0.004993 6.073480
v -3.432067 0.004993 6.088562
v -3.425753 0.004993 6.103889
v -3.421225 0.004993 6.119401
v -3.418501 0.004993 6.135036
v -3.417592 0.004993 6.150734
v -3.418501 0.004993 6.166431
v -3.421225 0.004993 6.182067
v -3.425753 0.004993 6.197579
v -3.432067 0.004993 6.212906
v -3.440143 0.004993 6.227988
v -3.449948 0.004993 6.242765
v -3.461443 0.004993 6.257179
v -3.474584 0.004993 6.271173
v -3.489318 0.004993 6.284691
v -3.505588 0.004993 6.297680
v -3.523328 0.004993 6.310090
v -3.542470 0.004993 6.321871
v -3.562937 0.004993 6.332976
v -3.584649 0.004993 6.343362
v -3.607520 0.004993 6.352988
v -3.631460 0.004993 6.361816
v -3.656374 0.004993 6.369811
v -3.682164 0.004993 6.376941
v -3.708729 0.004993 6.383178
v -3.735963 0.004993 6.388498
v -3.763758 0.004993 6.392880
v -3.792006 0.004993 6.396306
v -3.820595 0.004993 6.398763
v -3.849411 0.004993 6.400240
v -3.878342 0.004993 6.400734
v -3.907273 0.004993 6.400240
v -3.936090 0.004993 6.398763
v -3.964678 0.004993 6.396306
v -3.992926 0.004993 6.392880
v -4.020722 0.004993 6.388498
v -4.047956 0.004993 6.383178
v -4.074520 0.004993 6.376941
v -4.100310 0.004993 6.369811
v -4.125225 0.004993 6.361816
v -4.149164 0.004993 6.352988
v -4.172035 0.004993 6.343362
v -4.193747 0.004993 6.332976
v -4.214214 0.004993 6.321871
v -4.233356 0.004993 6.310090
v -4.251097 0.004993 6.297680
v -4.267366 0.004993 6.284691
v -4.282101 0.004993 6.271173
v -4.295241 0.004993 6.257179
v -4.306736 0.004993 6.242765
v -4.316542 0.004993 6.227988
v -4.324617 0.004993 6.212906
v -4.330931 0.004993 6.197579
v -4.335459 0.004993 6.182067
v -4.338183 0.004993 6.166431
v -4.339092 0.004993 6.150734
v -4.338183 0.004993 6.135036
v -4.335459 0.004993 6.119401
v -4.330931 0.004993 6.103889
v -4.324617 0.004993 6.088562
v -4.316542 0.004993 6.073480
v -4.306736 0.004993 6.058703
v -4.295241 0.004993 6.044289
v -4.282101 0.004993 6.030295
v -4.267366 0.004993 6.016777
v -4.251097 0.004993 6.003788
v -4.233356 0.004993 5.991378
v -4.214214 0.004993 5.979597
v -4.193747 0.004993 5.968492
v -4.172035 0.004993 5.958106
v -4.149164 0.004993 5.948480
v -4.125225 0.004993 5.939652
v -4.100310 0.004993 5.931657
v -4.074520 0.004993 5.924527
v -4.047956 0.004993 5.918290
v -4.020722 0.004993 5.912970
v -3.992926 0.004993 5.908588
v -3.964678 0.004993 5.905162
v -3.936090 0.004993 5.902705
v -3.907273 0.004993 5.901227
vn 0.0130 -0.0000 -0.9999
vn 0.0389 -0.0003 -0.9992
vn 0.0651 -0.0008 -0.9979
vn 0.0917 -0.0015 -0.9958
vn 0.1189 -0.0025 -0.9929
vn 0.1468 -0.0037 -0.9892
vn 0.1756 -0.0052 -0.9845
vn 0.2055 -0.0070 -0.9786
vn 0.2368 -0.0090 -0.9715
vn 0.2697 -0.0114 -0.9629
vn 0.3045 -0.0140 -0.9524
vn 0.3414 -0.0169 -0.9398
vn 0.3809 -0.0202 -0.9244
vn 0.4234 -0.0238 -0.9057
vn 0.4690 -0.0278 -0.8828
vn 0.5183 -0.0321 -0.8546
vn 0.5713 -0.0369 -0.8199
vn 0.6283 -0.0420 -0.7768
vn 0.6889 -0.0474 -0.7233
vn 0.7520 -0.0530 -0.6570
vn 0.8159 -0.0587 -0.5752
vn 0.8772 -0.0642 -0.4758
vn 0.9312 -0.0689 -0.3579
vn 0.9721 -0.0725 -0.2230
vn 0.9943 -0.0745 -0.0758
vn 0.9943 -0.0745 0.0758
vn 0.9721 -0.0725 0.2230
vn 0.9312 -0.0689 0.3579
vn 0.8772 -0.0642 0.4758
vn 0.8159 -0.0587 0.5752
vn 0.7520 -0.0530 0.6570
vn 0.6889 -0.0474 0.7233
vn 0.6283 -0.0420 0.7768
vn 0.5713 -0.0369 0.8199
vn 0.5183 -0.0321 0.8546
vn 0.4690 -0.0278 0.8828
vn 0.4234 -0.0238 0.9057
vn 0.3809 -0.0202 0.9244
vn 0.3414 -0.0169 0.9398
vn 0.3045 -0.0140 0.9524
vn 0.2697 -0.0114 0.9629
vn 0.2368 -0.0090 0.9715
vn 0.2055 -0.0070 0.9786
vn 0.1756 -0.0052 0.9845
vn 0.1468 -0.0037 0.9892
vn 0.1189 -0.0025 0.9929
vn 0.0917 -0.0015 0.9958
vn 0.0651 -0.0008 0.9979
vn 0.0389 -0.0003 0.9992
vn 0.0130 -0.0000 0.9999
vn -0.0130 -0.0000 0.9999
vn -0.0389 -0.0003 0.9992
vn -0.0651 -0.0008 0.9979
vn -0.0917 -0.0015 0.9958
vn -0.1189 -0.0025 0.9929
vn -0.1468 -0.0037 0.9892
vn -0.1756 -0.0052 0.9845
vn -0.2055 -0.0070 0.9786
vn -0.2368 -0.0090 0.9715
vn -0.2697 -0.0114 0.9629
vn -0.3045 -0.0140 0.9524
vn -0.3414 -0.0169 0.9398
vn -0.3809 -0.0202 0.9244
vn -0.4234 -0.0238 0.9057
vn -0.4690 -0.0278 0.8828
vn -0.5183 -0.0321 0.8546
vn -0.5713 -0.0369 0.8199
vn -0.6283 -0.0420 0.7768
vn -0.6889 -0.0474 0.7233
vn -0.7520 -0.0530 0.6570
vn -0.8159 -0.0587 0.5752
vn -0.8772 -0.0642 0.4758
vn -0.9312 -0.0689 0.3579
vn -0.9721 -0.0725 0.2230
vn -0.9943 -0.0745 0.0758
vn -0.9943 -0.0745 -0.0758
vn -0.9721 -0.0725 -0.2230
vn -0.9312 -0.0689 -0.3579
vn -0.8772 -0.0642 -0.4758
vn -0.8159 -0.0587 -0.5752
vn -0.7520 -0.0530 -0.6570
vn -0.6889 -0.0474 -0.7233
vn -0.6283 -0.0420 -0.7768
vn -0.5713 -0.0369 -0.8199
vn -0.5183 -0.0321 -0.8546
vn -0.4690 -0.0278 -0.8828
vn -0.4234 -0.0238 -0.9057
vn -0.3809 -0.0202 -0.9244
vn -0.3414 -0.0169 -0.9398
vn -0.3045 -0.0140 -0.9524
vn -0.2697 -0.0114 -0.9629
vn -0.2368 -0.0090 -0.9715
vn -0.2055 -0.0070 -0.9786
vn -0.1756 -0.0052 -0.9845
vn -0.1468 -0.0037 -0.9892
vn -0.1189 -0.0025 -0.9929
vn -0.0917 -0.0015 -0.9958
vn -0.0651 -0.0008 -0.9979
vn -0.0000 1.0000 -0.0000
vn -0.0389 -0.0003 -0.9992
vn -0.0130 -0.0000 -0.9999
vn -0.2253 -0.0082 -0.9743
vn -0.0000 -1.0000 -0.0000
vn -0.9807 -0.0897 -0.1735
vn -0.3413 -0.0176 0.9398
vn 0.2627 -0.0110 0.9648
vn 0.9941 -0.0913 0.0585
vn 0.3013 -0.0141 -0.9534
vn -0.1889 -0.0059 -0.9820
vn -0.9552 -0.0867 -0.2831
vn -0.3828 -0.0216 0.9236
vn 0.2253 -0.0082 0.9743
vn 0.9807 -0.0897 0.1735
vn 0.3413 -0.0176 -0.9398
vn -0.1534 -0.0039 -0.9882
vn -0.9194 -0.0824 -0.3846
vn -0.4260 -0.0259 0.9043
vn 0.1889 -0.0059 0.9820
vn 0.9552 -0.0867 0.2831
vn 0.3828 -0.0216 -0.9236
vn -0.1186 -0.0024 -0.9929
vn -0.8759 -0.0773 -0.4762
vn -0.4711 -0.0306 0.8816
vn 0.1534 -0.0039 0.9882
vn 0.9194 -0.0824 0.3846
vn 0.4260 -0.0259 -0.9043
vn -0.0843 -0.0012 -0.9964
vn -0.8272 -0.0715 -0.5573
vn -0.5180 -0.0357 0.8546
vn 0.1186 -0.0024 0.9929
vn 0.8759 -0.0773 0.4762
vn 0.4711 -0.0306 -0.8816
vn -0.0504 -0.0004 -0.9987
vn -0.7754 -0.0654 -0.6280
vn -0.5668 -0.0412 0.8228
vn 0.0843 -0.0012 0.9964
vn 0.8272 -0.0715 0.5573
vn 0.5180 -0.0357 -0.8546
vn -0.0168 -0.0000 -0.9999
vn -0.7224 -0.0591 -0.6889
vn -0.6174 -0.0469 0.7853
vn 0.0504 -0.0004 0.9987
vn 0.7755 -0.0654 0.6280
vn 0.5668 -0.0412 -0.8228
vn -0.6695 -0.0530 -0.7410
vn -0.6695 -0.0530 0.7410
vn 0.0168 -0.0000 0.9999
vn 0.7224 -0.0591 0.6889
vn 0.6174 -0.0469 -0.7853
vn -0.6174 -0.0469 -0.7853
vn -0.7224 -0.0591 0.6889
vn -0.0168 -0.0000 0.9999
vn 0.6695 -0.0529 0.7410
vn 0.6695 -0.0529 -0.7410
vn -0.5668 -0.0412 -0.8228
vn -0.7754 -0.0654 0.6280
vn -0.0504 -0.0004 0.9987
vn 0.0168 -0.0000 -0.9999
vn 0.6174 -0.0469 0.7853
vn 0.7224 -0.0591 -0.6889
vn -0.5180 -0.0357 -0.8546
vn -0.8272 -0.0715 0.5573
vn -0.0843 -0.0012 0.9964
vn 0.5668 -0.0412 0.8228
vn 0.7755 -0.0654 -0.6280
vn 0.0504 -0.0004 -0.9987
vn -0.4711 -0.0306 -0.8816
vn -0.8759 -0.0773 0.4762
vn -0.1186 -0.0024 0.9929
vn 0.5180 -0.0357 0.8546
vn 0.8272 -0.0715 -0.5573
vn 0.0843 -0.0012 -0.9964
vn -0.4260 -0.0259 -0.9043
vn -0.9194 -0.0824 0.3846
vn -0.1534 -0.0039 0.9882
vn 0.4711 -0.0306 0.8816
vn 0.8759 -0.0773 -0.4762
vn 0.1186 -0.0024 -0.9929
vn -0.3828 -0.0216 -0.9236
vn -0.9552 -0.0867 0.2831
vn -0.1889 -0.0059 0.9820
vn 0.4260 -0.0259 0.9043
vn 0.9194 -0.0824 -0.3846
vn 0.1534 -0.0039 -0.9882
vn -0.3413 -0.0176 -0.9398
vn -0.9807 -0.0897 0.1735
vn -0.2253 -0.0082 0.9743
vn 0.3828 -0.0216 0.9236
vn 0.9552 -0.0867 -0.2831
vn 0.1889 -0.0059 -0.9820
vn -0.3013 -0.0141 -0.9534
vn -0.9941 -0.0913 0.0585
vn -0.2627 -0.0110 0.9648
vn 0.3413 -0.0176 0.9398
vn 0.9807 -0.0897 -0.1735
vn 0.2253 -0.0082 -0.9743
vn -0.2627 -0.0110 -0.9648
vn -0.9941 -0.0913 -0.0585
vn -0.3013 -0.0141 0.9534
vn 0.3013 -0.0141 0.9534
vn 0.9941 -0.0913 -0.0585
vn 0.2627 -0.0110 -0.9648
vt 1.000000 0.500000
vt 1.000000 1.000000
vt 0.990000 1.000000
vt 0.990000 0.500000
vt 0.980000 1.000000
vt 0.980000 0.500000
vt 0.970000 1.000000
vt 0.970000 0.500000
vt 0.960000 1.000000
vt 0.960000 0.500000
vt 0.950000 1.000000
vt 0.950000 0.500000
vt 0.940000 1.000000
vt 0.940000 0.500000
vt 0.930000 1.000000
vt 0.930000 0.500000
vt 0.920000 1.000000
vt 0.920000 0.500000
vt 0.910000 1.000000
vt 0.910000 0.500000
vt 0.900000 1.000000
vt 0.900000 0.500000
vt 0.890000 1.000000
vt 0.890000 0.500000
vt 0.880000 1.000000
vt 0.880000 0.500000
vt 0.870000 1.000000
vt 0.870000 0.500000
vt 0.860000 1.000000
vt 0.860000 0.500000
vt 0.850000 1.000000
vt 0.850000 0.500000
vt 0.840000 1.000000
vt 0.840000 0.500000
vt 0.830000 1.000000
vt 0.830000 0.500000
vt 0.820000 1.000000
vt 0.820000 0.500000
vt 0.810000 1.000000
vt 0.810000 0.500000
vt 0.800000 1.000000
vt 0.800000 0.500000
vt 0.790000 1.000000
vt 0.790000 0.500000
vt 0.780000 1.000000
vt 0.780000 0.500000
vt 0.770000 1.000000
vt 0.770000 0.500000
vt 0.760000 1.000000
vt 0.760000 0.500000
vt 0.750000 1.000000
vt 0.750000 0.500000
vt 0.740000 1.000000
vt 0.740000 0.500000
vt 0.730000 1.000000
vt 0.730000 0.500000
vt 0.720000 1.000000
vt 0.720000 0.500000
vt 0.710000 1.000000
vt 0.710000 0.500000
vt 0.700000 1.000000
vt 0.700000 0.500000
vt 0.690000 1.000000
vt 0.690000 0.500000
vt 0.680000 1.000000
vt 0.680000 0.500000
vt 0.670000 1.000000
vt 0.670000 0.500000
vt 0.660000 1.000000
vt 0.660000 0.500000
vt 0.650000 1.000000
vt 0.650000 0.500000
vt 0.640000 1.000000
vt 0.640000 0.500000
vt 0.630000 1.000000
vt 0.630000 0.500000
vt 0.620000 1.000000
vt 0.620000 0.500000
vt 0.610000 1.000000
vt 0.610000 0.500000
vt 0.600000 1.000000
vt 0.600000 0.500000
vt 0.590000 1.000000
vt 0.590000 0.500000
vt 0.580000 1.000000
vt 0.580000 0.500000
vt 0.570000 1.000000
vt 0.570000 0.500000
vt 0.560000 1.000000
vt 0.560000 0.500000
vt 0.550000 1.000000
vt 0.550000 0.500000
vt 0.540000 1.000000
vt 0.540000 0.500000
vt 0.530000 1.000000
vt 0.530000 0.500000
vt 0.520000 1.000000
vt 0.520000 0.500000
vt 0.510000 1.000000
vt 0.510000 0.500000
vt 0.500000 1.000000
vt 0.500000 0.500000
vt 0.490000 1.000000
vt 0.490000 0.500000
vt 0.480000 1.000000
vt 0.480000 0.500000
vt 0.470001 1.000000
vt 0.470001 0.500000
vt 0.460001 1.000000
vt 0.460001 0.500000
vt 0.450001 1.000000
vt 0.450001 0.500000
vt 0.440001 1.000000
vt 0.440001 0.500000
vt 0.430001 1.000000
vt 0.430001 0.500000
vt 0.420001 1.000000
vt 0.420001 0.500000
vt 0.410001 1.000000
vt 0.410001 0.500000
vt 0.400001 1.000000
vt 0.400001 0.500000
vt 0.390001 1.000000
vt 0.390001 0.500000
vt 0.380001 1.000000
vt 0.380001 0.500000
vt 0.370001 1.000000
vt 0.370001 0.500000
vt 0.360001 1.000000
vt 0.360001 0.500000
vt 0.350001 1.000000
vt 0.350001 0.500000
vt 0.340001 1.000000
vt 0.340001 0.500000
vt 0.330001 1.000000
vt 0.330001 0.500000
vt 0.320001 1.000000
vt 0.320001 0.500000
vt 0.310001 1.000000
vt 0.310001 0.500000
vt 0.300001 1.000000
vt 0.300001 0.500000
vt 0.290001 1.000000
vt 0.290001 0.500000
vt 0.280001 1.000000
vt 0.280001 0.500000
vt 0.270001 1.000000
vt 0.270001 0.500000
vt 0.260001 1.000000
vt 0.260001 0.500000
vt 0.250001 1.000000
vt 0.250001 0.500000
vt 0.240001 1.000000
vt 0.240001 0.500000
vt 0.230001 1.000000
vt 0.230001 0.500000
vt 0.220001 1.000000
vt 0.220001 0.500000
vt 0.210001 1.000000
vt 0.210001 0.500000
vt 0.200001 1.000000
vt 0.200001 0.500000
vt 0.190001 1.000000
vt 0.190001 0.500000
vt 0.180001 1.000000
vt 0.180001 0.500000
vt 0.170001 1.000000
vt 0.170001 0.500000
vt 0.160001 1.000000
vt 0.160001 0.500000
vt 0.150001 1.000000
vt 0.150001 0.500000
vt 0.140001 1.000000
vt 0.140001 0.500000
vt 0.130001 1.000000
vt 0.130001 0.500000
vt 0.120001 1.000000
vt 0.120001 0.500000
vt 0.110001 1.000000
vt 0.110001 0.500000
vt 0.100001 1.000000
vt 0.100001 0.500000
vt 0.090001 1.000000
vt 0.090001 0.500000
vt 0.080001 1.000000
vt 0.080001 0.500000
vt 0.070001 1.000000
vt 0.070001 0.500000
vt 0.060001 1.000000
vt 0.060001 0.500000
vt 0.050001 1.000000
vt 0.050001 0.500000
vt 0.040001 1.000000
vt 0.040001 0.500000
vt 0.030001 1.000000
vt 0.030001 0.500000
vt 0.020001 1.000000
vt 0.020001 0.500000
vt 0.265070 0.489526
vt 0.250000 0.490000
vt 0.234930 0.489526
vt 0.219920 0.488108
vt 0.205028 0.485749
vt 0.190314 0.482460
vt 0.175836 0.478254
vt 0.161650 0.473146
vt 0.147813 0.467158
vt 0.134379 0.460314
vt 0.121402 0.452639
vt 0.108932 0.444164
vt 0.097018 0.434923
vt 0.085709 0.424952
vt 0.075048 0.414291
vt 0.065077 0.402982
vt 0.055836 0.391068
vt 0.047361 0.378598
vt 0.039686 0.365621
vt 0.032842 0.352187
vt 0.026854 0.338350
vt 0.021746 0.324164
vt 0.017540 0.309686
vt 0.014251 0.294972
vt 0.011892 0.280080
vt 0.010474 0.265070
vt 0.010000 0.250000
vt 0.010474 0.234930
vt 0.011892 0.219920
vt 0.014251 0.205028
vt 0.017540 0.190314
vt 0.021746 0.175836
vt 0.026854 0.161650
vt 0.032842 0.147813
vt 0.039686 0.134379
vt 0.047361 0.121402
vt 0.055836 0.108932
vt 0.065077 0.097018
vt 0.075048 0.085709
vt 0.085709 0.075048
vt 0.097018 0.065077
vt 0.108932 0.055836
vt 0.121402 0.047361
vt 0.134379 0.039686
vt 0.147813 0.032842
vt 0.161650 0.026854
vt 0.175836 0.021746
vt 0.190314 0.017540
vt 0.205028 0.014251
vt 0.219920 0.011892
vt 0.234930 0.010474
vt 0.250000 0.010000
vt 0.265070 0.010474
vt 0.280080 0.011892
vt 0.294972 0.014251
vt 0.309686 0.017540
vt 0.324164 0.021746
vt 0.338350 0.026854
vt 0.352187 0.032842
vt 0.365621 0.039686
vt 0.378598 0.047361
vt 0.391068 0.055836
vt 0.402982 0.065077
vt 0.414291 0.075048
vt 0.424952 0.085709
vt 0.434923 0.097018
vt 0.444164 0.108932
vt 0.452639 0.121402
vt 0.460314 0.134379
vt 0.467158 0.147813
vt 0.473146 0.161650
vt 0.478254 0.175836
vt 0.482460 0.190314
vt 0.485749 0.205028
vt 0.488108 0.219920
vt 0.489526 0.234930
vt 0.490000 0.250000
vt 0.489526 0.265070
vt 0.488108 0.280080
vt 0.485749 0.294972
vt 0.482460 0.309686
vt 0.478254 0.324164
vt 0.473146 0.338350
vt 0.467158 0.352187
vt 0.460314 0.365621
vt 0.452639 0.378598
vt 0.444164 0.391068
vt 0.434923 0.402982
vt 0.424952 0.414291
vt 0.414291 0.424952
vt 0.402982 0.434923
vt 0.391068 0.444164
vt 0.378598 0.452639
vt 0.365621 0.460314
vt 0.352187 0.467158
vt 0.338350 0.473146
vt 0.324164 0.478254
vt 0.309686 0.482460
vt 0.294972 0.485749
vt 0.280080 0.488108
vt 0.010001 1.000000
vt 0.010001 0.500000
vt 0.000001 1.000000
vt 0.000001 0.500000
vt 0.059901 0.477921
vt 0.069418 0.477921
vt 0.750000 0.490000
vt 0.764618 0.489526
vt 0.779178 0.488108
vt 0.793622 0.485749
vt 0.807895 0.482460
vt 0.821939 0.478254
vt 0.835699 0.473146
vt 0.849121 0.467159
vt 0.862152 0.460314
vt 0.874740 0.452639
vt 0.886836 0.444164
vt 0.898392 0.434923
vt 0.909363 0.424952
vt 0.919704 0.414291
vt 0.929376 0.402982
vt 0.938339 0.391069
vt 0.946559 0.378598
vt 0.954004 0.365621
vt 0.960644 0.352187
vt 0.966452 0.338350
vt 0.971406 0.324164
vt 0.975486 0.309686
vt 0.978676 0.294972
vt 0.980965 0.280080
vt 0.982341 0.265070
vt 0.982800 0.250000
vt 0.982340 0.234930
vt 0.980965 0.219920
vt 0.978677 0.205029
vt 0.975486 0.190314
vt 0.971406 0.175836
vt 0.966451 0.161650
vt 0.960644 0.147813
vt 0.954004 0.134379
vt 0.946559 0.121402
vt 0.938339 0.108932
vt 0.929376 0.097018
vt 0.919704 0.085709
vt 0.909362 0.075048
vt 0.898392 0.065077
vt 0.886836 0.055836
vt 0.874740 0.047361
vt 0.862153 0.039686
vt 0.849121 0.032842
vt 0.835699 0.026854
vt 0.821939 0.021746
vt 0.807895 0.017540
vt 0.793622 0.014251
vt 0.779178 0.011892
vt 0.764618 0.010474
vt 0.750000 0.010000
vt 0.735383 0.010474
vt 0.720823 0.011892
vt 0.706378 0.014251
vt 0.692105 0.017540
vt 0.678061 0.021746
vt 0.664301 0.026854
vt 0.650879 0.032842
vt 0.637848 0.039686
vt 0.625259 0.047361
vt 0.613164 0.055836
vt 0.601607 0.065077
vt 0.590637 0.075048
vt 0.580296 0.085709
vt 0.570625 0.097018
vt 0.561661 0.108932
vt 0.553440 0.121402
vt 0.545996 0.134379
vt 0.539356 0.147813
vt 0.533548 0.161650
vt 0.528594 0.175836
vt 0.524514 0.190314
vt 0.521323 0.205028
vt 0.519036 0.219920
vt 0.517660 0.234930
vt 0.517200 0.250000
vt 0.517659 0.265070
vt 0.519036 0.280080
vt 0.521324 0.294972
vt 0.524514 0.309686
vt 0.528594 0.324164
vt 0.533548 0.338350
vt 0.539356 0.352187
vt 0.545996 0.365621
vt 0.553440 0.378598
vt 0.561661 0.391069
vt 0.570625 0.402982
vt 0.580296 0.414291
vt 0.590637 0.424952
vt 0.601608 0.434923
vt 0.613164 0.444164
vt 0.625259 0.452639
vt 0.637848 0.460314
vt 0.650879 0.467158
vt 0.664301 0.473146
vt 0.678061 0.478254
vt 0.692105 0.482460
vt 0.706378 0.485749
vt 0.720823 0.488108
vt 0.735382 0.489526
vt 0.230053 0.478038
vt 0.240035 0.478037
vt 0.400693 0.477924
vt 0.410243 0.477924
vt 0.569850 0.477922
vt 0.579376 0.477922
vt 0.740020 0.478043
vt 0.750018 0.478043
vt 0.910661 0.477922
vt 0.920198 0.477923
vt 0.049954 0.477921
vt 0.059463 0.477921
vt 0.220057 0.478029
vt 0.230010 0.478028
vt 0.390717 0.477925
vt 0.400281 0.477926
vt 0.559901 0.477921
vt 0.569418 0.477921
vt 0.730052 0.478038
vt 0.740034 0.478037
vt 0.900692 0.477924
vt 0.910242 0.477924
vt 0.040008 0.477920
vt 0.049510 0.477920
vt 0.210027 0.478016
vt 0.219941 0.478015
vt 0.380732 0.477928
vt 0.390313 0.477928
vt 0.549954 0.477921
vt 0.559463 0.477921
vt 0.720057 0.478029
vt 0.730010 0.478028
vt 0.890717 0.477925
vt 0.900281 0.477926
vt 0.030063 0.477920
vt 0.039560 0.477920
vt 0.199967 0.478003
vt 0.209839 0.478002
vt 0.370737 0.477931
vt 0.380337 0.477932
vt 0.540008 0.477920
vt 0.549510 0.477920
vt 0.710026 0.478016
vt 0.719941 0.478015
vt 0.880732 0.477928
vt 0.890313 0.477928
vt 0.020119 0.477920
vt 0.029611 0.477920
vt 0.189893 0.477989
vt 0.199720 0.477988
vt 0.360727 0.477935
vt 0.370350 0.477936
vt 0.530063 0.477920
vt 0.539560 0.477920
vt 0.699967 0.478003
vt 0.709839 0.478002
vt 0.870736 0.477931
vt 0.880336 0.477932
vt 0.010174 0.477920
vt 0.019664 0.477920
vt 0.179817 0.477977
vt 0.189602 0.477976
vt 0.350702 0.477940
vt 0.360349 0.477941
vt 0.520119 0.477920
vt 0.529611 0.477920
vt 0.689893 0.477989
vt 0.699720 0.477988
vt 0.860727 0.477935
vt 0.870349 0.477936
vt 0.000230 0.477920
vt 0.009717 0.477920
vt 0.169751 0.477966
vt 0.179496 0.477964
vt 0.340657 0.477947
vt 0.350334 0.477948
vt 0.510174 0.477920
vt 0.519663 0.477920
vt 0.679817 0.477977
vt 0.689602 0.477976
vt 0.850701 0.477940
vt 0.860349 0.477941
vt 0.159701 0.477956
vt 0.169409 0.477955
vt 0.330592 0.477955
vt 0.340301 0.477956
vt 0.500230 0.477920
vt 0.509717 0.477920
vt 0.669751 0.477966
vt 0.679496 0.477964
vt 0.840657 0.477947
vt 0.850333 0.477948
vt 0.149668 0.477948
vt 0.159344 0.477947
vt 0.320505 0.477964
vt 0.330250 0.477966
vt 0.490284 0.477920
vt 0.499771 0.477920
vt 0.659700 0.477956
vt 0.669409 0.477955
vt 0.830591 0.477955
vt 0.840300 0.477956
vt 0.139652 0.477941
vt 0.149300 0.477940
vt 0.310399 0.477976
vt 0.320184 0.477977
vt 0.480338 0.477920
vt 0.489827 0.477920
vt 0.990284 0.477920
vt 0.999770 0.477920
vt 0.649667 0.477948
vt 0.659344 0.477947
vt 0.820505 0.477964
vt 0.830249 0.477966
vt 0.129652 0.477936
vt 0.139274 0.477935
vt 0.300281 0.477988
vt 0.310108 0.477989
vt 0.470390 0.477920
vt 0.479882 0.477920
vt 0.639652 0.477941
vt 0.649299 0.477940
vt 0.810399 0.477976
vt 0.820183 0.477977
vt 0.980337 0.477920
vt 0.989826 0.477920
vt 0.119664 0.477932
vt 0.129265 0.477931
vt 0.290162 0.478002
vt 0.300034 0.478003
vt 0.460441 0.477920
vt 0.469938 0.477920
vt 0.629651 0.477936
vt 0.639274 0.477935
vt 0.800281 0.477988
vt 0.810108 0.477989
vt 0.970389 0.477920
vt 0.979882 0.477920
vt 0.109688 0.477928
vt 0.119269 0.477928
vt 0.280060 0.478015
vt 0.289974 0.478016
vt 0.450491 0.477920
vt 0.459993 0.477920
vt 0.619664 0.477932
vt 0.629264 0.477931
vt 0.790162 0.478002
vt 0.800033 0.478003
vt 0.960441 0.477920
vt 0.969938 0.477920
vt 0.099720 0.477926
vt 0.109284 0.477925
vt 0.269991 0.478028
vt 0.279944 0.478029
vt 0.440538 0.477921
vt 0.450047 0.477921
vt 0.609688 0.477928
vt 0.619269 0.477928
vt 0.780059 0.478015
vt 0.789974 0.478016
vt 0.950490 0.477920
vt 0.959993 0.477920
vt 0.089759 0.477924
vt 0.099308 0.477924
vt 0.259967 0.478037
vt 0.269949 0.478038
vt 0.430583 0.477921
vt 0.440100 0.477921
vt 0.599720 0.477926
vt 0.609284 0.477925
vt 0.769991 0.478028
vt 0.779943 0.478029
vt 0.940538 0.477921
vt 0.950047 0.477921
vt 0.079803 0.477923
vt 0.089340 0.477922
vt 0.249983 0.478043
vt 0.259981 0.478043
vt 0.420625 0.477922
vt 0.430151 0.477922
vt 0.589759 0.477924
vt 0.599308 0.477924
vt 0.759966 0.478037
vt 0.769948 0.478038
vt 0.930583 0.477921
vt 0.940100 0.477921
vt 0.069850 0.477922
vt 0.079377 0.477922
vt 0.240021 0.478043
vt 0.250019 0.478043
vt 0.410662 0.477922
vt 0.420199 0.477923
vt 0.579802 0.477923
vt 0.589339 0.477922
vt 0.749982 0.478043
vt 0.759980 0.478043
vt 0.920624 0.477922
vt 0.930150 0.477922
s 0
usemtl Material.004
f 1507/3056/770 1508/3057/770 1510/3058/770 1509/3059/770
f 1509/3059/771 1510/3058/771 1512/3060/771 1511/3061/771
f 1511/3061/772 1512/3060/772 1514/3062/772 1513/3063/772
f 1513/3063/773 1514/3062/773 1516/3064/773 1515/3065/773
f 1515/3065/774 1516/3064/774 1518/3066/774 1517/3067/774
f 1517/3067/775 1518/3066/775 1520/3068/775 1519/3069/775
f 1519/3069/776 1520/3068/776 1522/3070/776 1521/3071/776
f 1521/3071/777 1522/3070/777 1524/3072/777 1523/3073/777
f 1523/3073/778 1524/3072/778 1526/3074/778 1525/3075/778
f 1525/3075/779 1526/3074/779 1528/3076/779 1527/3077/779
f 1527/3077/780 1528/3076/780 1530/3078/780 1529/3079/780
f 1529/3079/781 1530/3078/781 1532/3080/781 1531/3081/781
f 1531/3081/782 1532/3080/782 1534/3082/782 1533/3083/782
f 1533/3083/783 1534/3082/783 1536/3084/783 1535/3085/783
f 1535/3085/784 1536/3084/784 1538/3086/784 1537/3087/784
f 1537/3087/785 1538/3086/785 1540/3088/785 1539/3089/785
f 1539/3089/786 1540/3088/786 1542/3090/786 1541/3091/786
f 1541/3091/787 1542/3090/787 1544/3092/787 1543/3093/787
f 1543/3093/788 1544/3092/788 1546/3094/788 1545/3095/788
f 1545/3095/789 1546/3094/789 1548/3096/789 1547/3097/789
f 1547/3097/790 1548/3096/790 1550/3098/790 1549/3099/790
f 1549/3099/791 1550/3098/791 1552/3100/791 1551/3101/791
f 1551/3101/792 1552/3100/792 1554/3102/792 1553/3103/792
f 1553/3103/793 1554/3102/793 1556/3104/793 1555/3105/793
f 1555/3105/794 1556/3104/794 1558/3106/794 1557/3107/794
f 1557/3107/795 1558/3106/795 1560/3108/795 1559/3109/795
f 1559/3109/796 1560/3108/796 1562/3110/796 1561/3111/796
f 1561/3111/797 1562/3110/797 1564/3112/797 1563/3113/797
f 1563/3113/798 1564/3112/798 1566/3114/798 1565/3115/798
f 1565/3115/799 1566/3114/799 1568/3116/799 1567/3117/799
f 1567/3117/800 1568/3116/800 1570/3118/800 1569/3119/800
f 1569/3119/801 1570/3118/801 1572/3120/801 1571/3121/801
f 1571/3121/802 1572/3120/802 1574/3122/802 1573/3123/802
f 1573/3123/803 1574/3122/803 1576/3124/803 1575/3125/803
f 1575/3125/804 1576/3124/804 1578/3126/804 1577/3127/804
f 1577/3127/805 1578/3126/805 1580/3128/805 1579/3129/805
f 1579/3129/806 1580/3128/806 1582/3130/806 1581/3131/806
f 1581/3131/807 1582/3130/807 1584/3132/807 1583/3133/807
f 1583/3133/808 1584/3132/808 1586/3134/808 1585/3135/808
f 1585/3135/809 1586/3134/809 1588/3136/809 1587/3137/809
f 1587/3137/810 1588/3136/810 1590/3138/810 1589/3139/810
f 1589/3139/811 1590/3138/811 1592/3140/811 1591/3141/811
f 1591/3141/812 1592/3140/812 1594/3142/812 1593/3143/812
f 1593/3143/813 1594/3142/813 1596/3144/813 1595/3145/813
f 1595/3145/814 1596/3144/814 1598/3146/814 1597/3147/814
f 1597/3147/815 1598/3146/815 1600/3148/815 1599/3149/815
f 1599/3149/816 1600/3148/816 1602/3150/816 1601/3151/816
f 1601/3151/817 1602/3150/817 1604/3152/817 1603/3153/817
f 1603/3153/818 1604/3152/818 1606/3154/818 1605/3155/818
f 1605/3155/819 1606/3154/819 1608/3156/819 1607/3157/819
f 1607/3157/820 1608/3156/820 1610/3158/820 1609/3159/820
f 1609/3159/821 1610/3158/821 1612/3160/821 1611/3161/821
f 1611/3161/822 1612/3160/822 1614/3162/822 1613/3163/822
f 1613/3163/823 1614/3162/823 1616/3164/823 1615/3165/823
f 1615/3165/824 1616/3164/824 1618/3166/824 1617/3167/824
f 1617/3167/825 1618/3166/825 1620/3168/825 1619/3169/825
f 1619/3169/826 1620/3168/826 1622/3170/826 1621/3171/826
f 1621/3171/827 1622/3170/827 1624/3172/827 1623/3173/827
f 1623/3173/828 1624/3172/828 1626/3174/828 1625/3175/828
f 1625/3175/829 1626/3174/829 1628/3176/829 1627/3177/829
f 1627/3177/830 1628/3176/830 1630/3178/830 1629/3179/830
f 1629/3179/831 1630/3178/831 1632/3180/831 1631/3181/831
f 1631/3181/832 1632/3180/832 1634/3182/832 1633/3183/832
f 1633/3183/833 1634/3182/833 1636/3184/833 1635/3185/833
f 1635/3185/834 1636/3184/834 1638/3186/834 1637/3187/834
f 1637/3187/835 1638/3186/835 1640/3188/835 1639/3189/835
f 1639/3189/836 1640/3188/836 1642/3190/836 1641/3191/836
f 1641/3191/837 1642/3190/837 1644/3192/837 1643/3193/837
f 1643/3193/838 1644/3192/838 1646/3194/838 1645/3195/838
f 1645/3195/839 1646/3194/839 1648/3196/839 1647/3197/839
f 1647/3197/840 1648/3196/840 1650/3198/840 1649/3199/840
f 1649/3199/841 1650/3198/841 1652/3200/841 1651/3201/841
f 1651/3201/842 1652/3200/842 1654/3202/842 1653/3203/842
f 1653/3203/843 1654/3202/843 1656/3204/843 1655/3205/843
f 1655/3205/844 1656/3204/844 1658/3206/844 1657/3207/844
f 1657/3207/845 1658/3206/845 1660/3208/845 1659/3209/845
f 1659/3209/846 1660/3208/846 1662/3210/846 1661/3211/846
f 1661/3211/847 1662/3210/847 1664/3212/847 1663/3213/847
f 1663/3213/848 1664/3212/848 1666/3214/848 1665/3215/848
f 1665/3215/849 1666/3214/849 1668/3216/849 1667/3217/849
f 1667/3217/850 1668/3216/850 1670/3218/850 1669/3219/850
f 1669/3219/851 1670/3218/851 1672/3220/851 1671/3221/851
f 1671/3221/852 1672/3220/852 1674/3222/852 1673/3223/852
f 1673/3223/853 1674/3222/853 1676/3224/853 1675/3225/853
f 1675/3225/854 1676/3224/854 1678/3226/854 1677/3227/854
f 1677/3227/855 1678/3226/855 1680/3228/855 1679/3229/855
f 1679/3229/856 1680/3228/856 1682/3230/856 1681/3231/856
f 1681/3231/857 1682/3230/857 1684/3232/857 1683/3233/857
f 1683/3233/858 1684/3232/858 1686/3234/858 1685/3235/858
f 1685/3235/859 1686/3234/859 1688/3236/859 1687/3237/859
f 1687/3237/860 1688/3236/860 1690/3238/860 1689/3239/860
f 1689/3239/861 1690/3238/861 1692/3240/861 1691/3241/861
f 1691/3241/862 1692/3240/862 1694/3242/862 1693/3243/862
f 1693/3243/863 1694/3242/863 1696/3244/863 1695/3245/863
f 1695/3245/864 1696/3244/864 1698/3246/864 1697/3247/864
f 1697/3247/865 1698/3246/865 1700/3248/865 1699/3249/865
f 1699/3249/866 1700/3248/866 1702/3250/866 1701/3251/866
f 1701/3251/867 1702/3250/867 1704/3252/867 1703/3253/867
f 1510/3254/868 1508/3255/868 1706/3256/868 1704/3257/868 1702/3258/868 1700/3259/868 1698/3260/868 1696/3261/868 1694/3262/868 1692/3263/868 1690/3264/868 1688/3265/868 1686/3266/868 1684/3267/868 1682/3268/868 1680/3269/868 1678/3270/868 1676/3271/868 1674/3272/868 1672/3273/868 1670/3274/868 1668/3275/868 1666/3276/868 1664/3277/868 1662/3278/868 1660/3279/868 1658/3280/868 1656/3281/868 1654/3282/868 1652/3283/868 1650/3284/868 1648/3285/868 1646/3286/868 1644/3287/868 1642/3288/868 1640/3289/868 1638/3290/868 1636/3291/868 1634/3292/868 1632/3293/868 1630/3294/868 1628/3295/868 1626/3296/868 1624/3297/868 1622/3298/868 1620/3299/868 1618/3300/868 1616/3301/868 1614/3302/868 1612/3303/868 1610/3304/868 1608/3305/868 1606/3306/868 1604/3307/868 1602/3308/868 1600/3309/868 1598/3310/868 1596/3311/868 1594/3312/868 1592/3313/868 1590/3314/868 1588/3315/868 1586/3316/868 1584/3317/868 1582/3318/868 1580/3319/868 1578/3320/868 1576/3321/868 1574/3322/868 1572/3323/868 1570/3324/868 1568/3325/868 1566/3326/868 1564/3327/868 1562/3328/868 1560/3329/868 1558/3330/868 1556/3331/868 1554/3332/868 1552/3333/868 1550/3334/868 1548/3335/868 1546/3336/868 1544/3337/868 1542/3338/868 1540/3339/868 1538/3340/868 1536/3341/868 1534/3342/868 1532/3343/868 1530/3344/868 1528/3345/868 1526/3346/868 1524/3347/868 1522/3348/868 1520/3349/868 1518/3350/868 1516/3351/868 1514/3352/868 1512/3353/868
f 1703/3253/869 1704/3252/869 1706/3354/869 1705/3355/869
f 1705/3355/870 1706/3354/870 1508/3356/870 1507/3357/870
f 1693/3243/871 1695/3245/871 1801/3358/871 1800/3359/871
f 1707/3360/872 1708/3361/872 1709/3362/872 1710/3363/872 1711/3364/872 1712/3365/872 1713/3366/872 1714/3367/872 1715/3368/872 1716/3369/872 1717/3370/872 1718/3371/872 1719/3372/872 1720/3373/872 1721/3374/872 1722/3375/872 1723/3376/872 1724/3377/872 1725/3378/872 1726/3379/872 1727/3380/872 1728/3381/872 1729/3382/872 1730/3383/872 1731/3384/872 1732/3385/872 1733/3386/872 1734/3387/872 1735/3388/872 1736/3389/872 1737/3390/872 1738/3391/872 1739/3392/872 1740/3393/872 1741/3394/872 1742/3395/872 1743/3396/872 1744/3397/872 1745/3398/872 1746/3399/872 1747/3400/872 1748/3401/872 1749/3402/872 1750/3403/872 1751/3404/872 1752/3405/872 1753/3406/872 1754/3407/872 1755/3408/872 1756/3409/872 1757/3410/872 1758/3411/872 1759/3412/872 1760/3413/872 1761/3414/872 1762/3415/872 1763/3416/872 1764/3417/872 1765/3418/872 1766/3419/872 1767/3420/872 1768/3421/872 1769/3422/872 1770/3423/872 1771/3424/872 1772/3425/872 1773/3426/872 1774/3427/872 1775/3428/872 1776/3429/872 1777/3430/872 1778/3431/872 1779/3432/872 1780/3433/872 1781/3434/872 1782/3435/872 1783/3436/872 1784/3437/872 1785/3438/872 1786/3439/872 1787/3440/872 1788/3441/872 1789/3442/872 1790/3443/872 1791/3444/872 1792/3445/872 1793/3446/872 1794/3447/872 1795/3448/872 1796/3449/872 1797/3450/872 1798/3451/872 1799/3452/872 1800/3453/872 1801/3454/872 1802/3455/872 1803/3456/872 1804/3457/872 1805/3458/872 1806/3459/872
f 1659/3209/873 1661/3211/873 1784/3460/873 1783/3461/873
f 1625/3175/874 1627/3177/874 1767/3462/874 1766/3463/874
f 1591/3141/875 1593/3143/875 1750/3464/875 1749/3465/875
f 1557/3107/876 1559/3109/876 1733/3466/876 1732/3467/876
f 1523/3073/877 1525/3075/877 1716/3468/877 1715/3469/877
f 1695/3245/878 1697/3247/878 1802/3470/878 1801/3471/878
f 1661/3211/879 1663/3213/879 1785/3472/879 1784/3473/879
f 1627/3177/880 1629/3179/880 1768/3474/880 1767/3475/880
f 1593/3143/881 1595/3145/881 1751/3476/881 1750/3477/881
f 1559/3109/882 1561/3111/882 1734/3478/882 1733/3479/882
f 1525/3075/883 1527/3077/883 1717/3480/883 1716/3481/883
f 1697/3247/884 1699/3249/884 1803/3482/884 1802/3483/884
f 1663/3213/885 1665/3215/885 1786/3484/885 1785/3485/885
f 1629/3179/886 1631/3181/886 1769/3486/886 1768/3487/886
f 1595/3145/887 1597/3147/887 1752/3488/887 1751/3489/887
f 1561/3111/888 1563/3113/888 1735/3490/888 1734/3491/888
f 1527/3077/889 1529/3079/889 1718/3492/889 1717/3493/889
f 1699/3249/890 1701/3251/890 1804/3494/890 1803/3495/890
f 1665/3215/891 1667/3217/891 1787/3496/891 1786/3497/891
f 1631/3181/892 1633/3183/892 1770/3498/892 1769/3499/892
f 1597/3147/893 1599/3149/893 1753/3500/893 1752/3501/893
f 1563/3113/894 1565/3115/894 1736/3502/894 1735/3503/894
f 1529/3079/895 1531/3081/895 1719/3504/895 1718/3505/895
f 1701/3251/896 1703/3253/896 1805/3506/896 1804/3507/896
f 1667/3217/897 1669/3219/897 1788/3508/897 1787/3509/897
f 1633/3183/898 1635/3185/898 1771/3510/898 1770/3511/898
f 1599/3149/899 1601/3151/899 1754/3512/899 1753/3513/899
f 1565/3115/900 1567/3117/900 1737/3514/900 1736/3515/900
f 1531/3081/901 1533/3083/901 1720/3516/901 1719/3517/901
f 1703/3253/902 1705/3355/902 1806/3518/902 1805/3519/902
f 1669/3219/903 1671/3221/903 1789/3520/903 1788/3521/903
f 1635/3185/904 1637/3187/904 1772/3522/904 1771/3523/904
f 1601/3151/905 1603/3153/905 1755/3524/905 1754/3525/905
f 1567/3117/906 1569/3119/906 1738/3526/906 1737/3527/906
f 1533/3083/907 1535/3085/907 1721/3528/907 1720/3529/907
f 1705/3355/908 1507/3357/908 1707/3530/908 1806/3531/908
f 1671/3221/909 1673/3223/909 1790/3532/909 1789/3533/909
f 1637/3187/910 1639/3189/910 1773/3534/910 1772/3535/910
f 1603/3153/911 1605/3155/911 1756/3536/911 1755/3537/911
f 1569/3119/912 1571/3121/912 1739/3538/912 1738/3539/912
f 1535/3085/913 1537/3087/913 1722/3540/913 1721/3541/913
f 1673/3223/914 1675/3225/914 1791/3542/914 1790/3543/914
f 1639/3189/915 1641/3191/915 1774/3544/915 1773/3545/915
f 1605/3155/916 1607/3157/916 1757/3546/916 1756/3547/916
f 1571/3121/917 1573/3123/917 1740/3548/917 1739/3549/917
f 1537/3087/918 1539/3089/918 1723/3550/918 1722/3551/918
f 1675/3225/919 1677/3227/919 1792/3552/919 1791/3553/919
f 1641/3191/920 1643/3193/920 1775/3554/920 1774/3555/920
f 1607/3157/921 1609/3159/921 1758/3556/921 1757/3557/921
f 1573/3123/922 1575/3125/922 1741/3558/922 1740/3559/922
f 1539/3089/923 1541/3091/923 1724/3560/923 1723/3561/923
f 1677/3227/924 1679/3229/924 1793/3562/924 1792/3563/924
f 1643/3193/925 1645/3195/925 1776/3564/925 1775/3565/925
f 1609/3159/926 1611/3161/926 1759/3566/926 1758/3567/926
f 1507/3056/927 1509/3059/927 1708/3568/927 1707/3569/927
f 1575/3125/928 1577/3127/928 1742/3570/928 1741/3571/928
f 1541/3091/929 1543/3093/929 1725/3572/929 1724/3573/929
f 1679/3229/930 1681/3231/930 1794/3574/930 1793/3575/930
f 1645/3195/931 1647/3197/931 1777/3576/931 1776/3577/931
f 1611/3161/932 1613/3163/932 1760/3578/932 1759/3579/932
f 1577/3127/933 1579/3129/933 1743/3580/933 1742/3581/933
f 1543/3093/934 1545/3095/934 1726/3582/934 1725/3583/934
f 1509/3059/935 1511/3061/935 1709/3584/935 1708/3585/935
f 1681/3231/936 1683/3233/936 1795/3586/936 1794/3587/936
f 1647/3197/937 1649/3199/937 1778/3588/937 1777/3589/937
f 1613/3163/938 1615/3165/938 1761/3590/938 1760/3591/938
f 1579/3129/939 1581/3131/939 1744/3592/939 1743/3593/939
f 1545/3095/940 1547/3097/940 1727/3594/940 1726/3595/940
f 1511/3061/941 1513/3063/941 1710/3596/941 1709/3597/941
f 1683/3233/942 1685/3235/942 1796/3598/942 1795/3599/942
f 1649/3199/943 1651/3201/943 1779/3600/943 1778/3601/943
f 1615/3165/944 1617/3167/944 1762/3602/944 1761/3603/944
f 1581/3131/945 1583/3133/945 1745/3604/945 1744/3605/945
f 1547/3097/946 1549/3099/946 1728/3606/946 1727/3607/946
f 1513/3063/947 1515/3065/947 1711/3608/947 1710/3609/947
f 1685/3235/948 1687/3237/948 1797/3610/948 1796/3611/948
f 1651/3201/949 1653/3203/949 1780/3612/949 1779/3613/949
f 1617/3167/950 1619/3169/950 1763/3614/950 1762/3615/950
f 1583/3133/951 1585/3135/951 1746/3616/951 1745/3617/951
f 1549/3099/952 1551/3101/952 1729/3618/952 1728/3619/952
f 1515/3065/953 1517/3067/953 1712/3620/953 1711/3621/953
f 1687/3237/954 1689/3239/954 1798/3622/954 1797/3623/954
f 1653/3203/955 1655/3205/955 1781/3624/955 1780/3625/955
f 1619/3169/956 1621/3171/956 1764/3626/956 1763/3627/956
f 1585/3135/957 1587/3137/957 1747/3628/957 1746/3629/957
f 1551/3101/958 1553/3103/958 1730/3630/958 1729/3631/958
f 1517/3067/959 1519/3069/959 1713/3632/959 1712/3633/959
f 1689/3239/960 1691/3241/960 1799/3634/960 1798/3635/960
f 1655/3205/961 1657/3207/961 1782/3636/961 1781/3637/961
f 1621/3171/962 1623/3173/962 1765/3638/962 1764/3639/962
f 1587/3137/963 1589/3139/963 1748/3640/963 1747/3641/963
f 1553/3103/964 1555/3105/964 1731/3642/964 1730/3643/964
f 1519/3069/965 1521/3071/965 1714/3644/965 1713/3645/965
f 1691/3241/966 1693/3243/966 1800/3646/966 1799/3647/966
f 1657/3207/967 1659/3209/967 1783/3648/967 1782/3649/967
f 1623/3173/968 1625/3175/968 1766/3650/968 1765/3651/968
f 1589/3139/969 1591/3141/969 1749/3652/969 1748/3653/969
f 1555/3105/970 1557/3107/970 1732/3654/970 1731/3655/970
f 1521/3071/971 1523/3073/971 1715/3656/971 1714/3657/971
o Cylinder.009
v 3.321658 0.159993 5.900734
v 3.321658 3.669993 5.900734
v 3.351483 0.159993 5.901227
v 3.368013 3.669993 5.901227
v 3.381191 0.159993 5.902705
v 3.414185 3.669993 5.902705
v 3.410664 0.159993 5.905162
v 3.459992 3.669993 5.905162
v 3.439785 0.159993 5.908588
v 3.505253 3.669993 5.908588
v 3.468441 0.159993 5.912970
v 3.549789 3.669993 5.912970
v 3.496517 0.159993 5.918290
v 3.593426 3.669993 5.918290
v 3.523903 0.159993 5.924527
v 3.635989 3.669993 5.924527
v 3.550491 0.159993 5.931657
v 3.677312 3.669993 5.931657
v 3.576175 0.159993 5.939652
v 3.717232 3.669993 5.939652
v 3.600856 0.159993 5.948480
v 3.755590 3.669993 5.948480
v 3.624434 0.159993 5.958106
v 3.792236 3.669993 5.958106
v 3.646817 0.159993 5.968492
v 3.827025 3.669993 5.968492
v 3.667918 0.159993 5.979597
v 3.859819 3.669993 5.979597
v 3.687651 0.159993 5.991378
v 3.890489 3.669993 5.991378
v 3.705941 0.159993 6.003788
v 3.918915 3.669993 6.003788
v 3.722713 0.159993 6.016777
v 3.944983 3.669993 6.016777
v 3.737903 0.159993 6.030295
v 3.968591 3.669993 6.030295
v 3.751451 0.159993 6.044289
v 3.989646 3.669993 6.044289
v 3.763301 0.159993 6.058703
v 4.008065 3.669993 6.058703
v 3.773409 0.159993 6.073480
v 4.023775 3.669993 6.073480
v 3.781735 0.159993 6.088562
v 4.036714 3.669993 6.088562
v 3.788244 0.159993 6.103889
v 4.046831 3.669993 6.103889
v 3.792912 0.159993 6.119401
v 4.054087 3.669993 6.119401
v 3.795720 0.159993 6.135036
v 4.058451 3.669993 6.135036
v 3.796658 0.159993 6.150734
v 4.059908 3.669993 6.150734
v 3.795720 0.159993 6.166431
v 4.058451 3.669993 6.166431
v 3.792912 0.159993 6.182067
v 4.054087 3.669993 6.182067
v 3.788244 0.159993 6.197579
v 4.046831 3.669993 6.197579
v 3.781735 0.159993 6.212906
v 4.036714 3.669993 6.212906
v 3.773409 0.159993 6.227988
v 4.023775 3.669993 6.227988
v 3.763301 0.159993 6.242765
v 4.008065 3.669993 6.242765
v 3.751451 0.159993 6.257179
v 3.989646 3.669993 6.257179
v 3.737903 0.159993 6.271173
v 3.968591 3.669993 6.271173
v 3.722713 0.159993 6.284691
v 3.944983 3.669993 6.284691
v 3.705941 0.159993 6.297680
v 3.918915 3.669993 6.297680
v 3.687651 0.159993 6.310090
v 3.890489 3.669993 6.310090
v 3.667918 0.159993 6.321871
v 3.859819 3.669993 6.321871
v 3.646817 0.159993 6.332976
v 3.827025 3.669993 6.332976
v 3.624434 0.159993 6.343362
v 3.792236 3.669993 6.343362
v 3.600856 0.159993 6.352988
v 3.755590 3.669993 6.352988
v 3.576175 0.159993 6.361816
v 3.717232 3.669993 6.361816
v 3.550491 0.159993 6.369811
v 3.677312 3.669993 6.369811
v 3.523903 0.159993 6.376941
v 3.635989 3.669993 6.376941
v 3.496517 0.159993 6.383178
v 3.593426 3.669993 6.383178
v 3.468441 0.159993 6.388498
v 3.549789 3.669993 6.388498
v 3.439785 0.159993 6.392880
v 3.505253 3.669993 6.392880
v 3.410664 0.159993 6.396306
v 3.459992 3.669993 6.396306
v 3.381191 0.159993 6.398763
v 3.414185 3.669993 6.398763
v 3.351483 0.159993 6.400240
v 3.368013 3.669993 6.400240
v 3.321658 0.159993 6.400734
v 3.321658 3.669993 6.400734
v 3.291832 0.159993 6.400240
v 3.275303 3.669993 6.400240
v 3.262124 0.159993 6.398763
v 3.229131 3.669993 6.398763
v 3.232651 0.159993 6.396306
v 3.183323 3.669993 6.396306
v 3.203530 0.159993 6.392880
v 3.138062 3.669993 6.392880
v 3.174875 0.159993 6.388498
v 3.093526 3.669993 6.388498
v 3.146798 0.159993 6.383178
v 3.049890 3.669993 6.383178
v 3.119412 0.159993 6.376941
v 3.007326 3.669993 6.376941
v 3.092825 0.159993 6.369811
v 2.966003 3.669993 6.369811
v 3.067140 0.159993 6.361816
v 2.926084 3.669993 6.361816
v 3.042460 0.159993 6.352988
v 2.887725 3.669993 6.352988
v 3.018881 0.159993 6.343362
v 2.851079 3.669993 6.343362
v 2.996498 0.159993 6.332976
v 2.816291 3.669993 6.332976
v 2.975398 0.159993 6.321871
v 2.783497 3.669993 6.321871
v 2.955664 0.159993 6.310090
v 2.752826 3.669993 6.310090
v 2.937375 0.159993 6.297680
v 2.724401 3.669993 6.297680
v 2.920602 0.159993 6.284691
v 2.698333 3.669993 6.284691
v 2.905412 0.159993 6.271173
v 2.674724 3.669993 6.271173
v 2.891865 0.159993 6.257179
v 2.653669 3.669993 6.257179
v 2.880014 0.159993 6.242765
v 2.635250 3.669993 6.242765
v 2.869906 0.159993 6.227988
v 2.619540 3.669993 6.227988
v 2.861581 0.159993 6.212906
v 2.606601 3.669993 6.212906
v 2.855071 0.159993 6.197579
v 2.596484 3.669993 6.197579
v 2.850403 0.159993 6.182067
v 2.589229 3.669993 6.182067
v 2.847595 0.159993 6.166431
v 2.584865 3.669993 6.166431
v 2.846658 0.159993 6.150734
v 2.583408 3.669993 6.150734
v 2.847595 0.159993 6.135036
v 2.584865 3.669993 6.135036
v 2.850403 0.159993 6.119401
v 2.589229 3.669993 6.119401
v 2.855071 0.159993 6.103889
v 2.596484 3.669993 6.103889
v 2.861581 0.159993 6.088562
v 2.606601 3.669993 6.088562
v 2.869906 0.159993 6.073480
v 2.619540 3.669993 6.073480
v 2.880014 0.159993 6.058703
v 2.635250 3.669993 6.058703
v 2.891865 0.159993 6.044289
v 2.653669 3.669993 6.044289
v 2.905412 0.159993 6.030295
v 2.674724 3.669993 6.030295
v 2.920602 0.159993 6.016777
v 2.698333 3.669993 6.016777
v 2.937375 0.159993 6.003788
v 2.724401 3.669993 6.003788
v 2.955664 0.159993 5.991378
v 2.752826 3.669993 5.991378
v 2.975398 0.159993 5.979597
v 2.783497 3.669993 5.979597
v 2.996498 0.159993 5.968492
v 2.816291 3.669993 5.968492
v 3.018881 0.159993 5.958106
v 2.851079 3.669993 5.958106
v 3.042460 0.159993 5.948480
v 2.887725 3.669993 5.948480
v 3.067140 0.159993 5.939652
v 2.926084 3.669993 5.939652
v 3.092825 0.159993 5.931657
v 2.966003 3.669993 5.931657
v 3.119412 0.159993 5.924527
v 3.007326 3.669993 5.924527
v 3.146798 0.159993 5.918290
v 3.049890 3.669993 5.918290
v 3.174875 0.159993 5.912970
v 3.093526 3.669993 5.912970
v 3.203530 0.159993 5.908588
v 3.138062 3.669993 5.908588
v 3.232651 0.159993 5.905162
v 3.183323 3.669993 5.905162
v 3.262124 0.159993 5.902705
v 3.229131 3.669993 5.902705
v 3.291832 0.159993 5.901227
v 3.275303 3.669993 5.901227
v 3.321658 0.004993 5.900734
v 3.350588 0.004993 5.901227
v 3.379405 0.004993 5.902705
v 3.407994 0.004993 5.905162
v 3.436241 0.004993 5.908588
v 3.464037 0.004993 5.912970
v 3.491271 0.004993 5.918290
v 3.517835 0.004993 5.924527
v 3.543626 0.004993 5.931657
v 3.568540 0.004993 5.939652
v 3.592480 0.004993 5.948480
v 3.615351 0.004993 5.958106
v 3.637063 0.004993 5.968492
v 3.657530 0.004993 5.979597
v 3.676672 0.004993 5.991378
v 3.694412 0.004993 6.003788
v 3.710682 0.004993 6.016777
v 3.725416 0.004993 6.030295
v 3.738557 0.004993 6.044289
v 3.750052 0.004993 6.058703
v 3.759857 0.004993 6.073480
v 3.767932 0.004993 6.088562
v 3.774246 0.004993 6.103889
v 3.778774 0.004993 6.119401
v 3.781498 0.004993 6.135036
v 3.782408 0.004993 6.150734
v 3.781498 0.004993 6.166431
v 3.778774 0.004993 6.182067
v 3.774246 0.004993 6.197579
v 3.767932 0.004993 6.212906
v 3.759857 0.004993 6.227988
v 3.750052 0.004993 6.242765
v 3.738557 0.004993 6.257179
v 3.725416 0.004993 6.271173
v 3.710682 0.004993 6.284691
v 3.694412 0.004993 6.297680
v 3.676672 0.004993 6.310090
v 3.657530 0.004993 6.321871
v 3.637063 0.004993 6.332976
v 3.615351 0.004993 6.343362
v 3.592480 0.004993 6.352988
v 3.568540 0.004993 6.361816
v 3.543626 0.004993 6.369811
v 3.517835 0.004993 6.376941
v 3.491271 0.004993 6.383178
v 3.464037 0.004993 6.388498
v 3.436241 0.004993 6.392880
v 3.407994 0.004993 6.396306
v 3.379405 0.004993 6.398763
v 3.350588 0.004993 6.400240
v 3.321658 0.004993 6.400734
v 3.292727 0.004993 6.400240
v 3.263910 0.004993 6.398763
v 3.235322 0.004993 6.396306
v 3.207074 0.004993 6.392880
v 3.179278 0.004993 6.388498
v 3.152044 0.004993 6.383178
v 3.125480 0.004993 6.376941
v 3.099689 0.004993 6.369811
v 3.074775 0.004993 6.361816
v 3.050836 0.004993 6.352988
v 3.027965 0.004993 6.343362
v 3.006253 0.004993 6.332976
v 2.985785 0.004993 6.321871
v 2.966644 0.004993 6.310090
v 2.948903 0.004993 6.297680
v 2.932633 0.004993 6.284691
v 2.917899 0.004993 6.271173
v 2.904758 0.004993 6.257179
v 2.893263 0.004993 6.242765
v 2.883458 0.004993 6.227988
v 2.875383 0.004993 6.212906
v 2.869069 0.004993 6.197579
v 2.864541 0.004993 6.182067
v 2.861817 0.004993 6.166431
v 2.860908 0.004993 6.150734
v 2.861817 0.004993 6.135036
v 2.864541 0.004993 6.119401
v 2.869069 0.004993 6.103889
v 2.875383 0.004993 6.088562
v 2.883458 0.004993 6.073480
v 2.893263 0.004993 6.058703
v 2.904758 0.004993 6.044289
v 2.917899 0.004993 6.030295
v 2.932633 0.004993 6.016777
v 2.948903 0.004993 6.003788
v 2.966644 0.004993 5.991378
v 2.985785 0.004993 5.979597
v 3.006253 0.004993 5.968492
v 3.027965 0.004993 5.958106
v 3.050836 0.004993 5.948480
v 3.074775 0.004993 5.939652
v 3.099689 0.004993 5.931657
v 3.125480 0.004993 5.924527
v 3.152044 0.004993 5.918290
v 3.179278 0.004993 5.912970
v 3.207074 0.004993 5.908588
v 3.235322 0.004993 5.905162
v 3.263910 0.004993 5.902705
v 3.292727 0.004993 5.901227
vn 0.0130 -0.0000 -0.9999
vn 0.0389 -0.0003 -0.9992
vn 0.0651 -0.0008 -0.9979
vn 0.0917 -0.0015 -0.9958
vn 0.1189 -0.0025 -0.9929
vn 0.1468 -0.0037 -0.9892
vn 0.1756 -0.0052 -0.9845
vn 0.2055 -0.0070 -0.9786
vn 0.2368 -0.0090 -0.9715
vn 0.2697 -0.0114 -0.9629
vn 0.3045 -0.0140 -0.9524
vn 0.3414 -0.0169 -0.9398
vn 0.3809 -0.0202 -0.9244
vn 0.4234 -0.0238 -0.9057
vn 0.4690 -0.0278 -0.8828
vn 0.5183 -0.0321 -0.8546
vn 0.5713 -0.0369 -0.8199
vn 0.6283 -0.0420 -0.7768
vn 0.6889 -0.0474 -0.7233
vn 0.7520 -0.0530 -0.6570
vn 0.8159 -0.0587 -0.5752
vn 0.8772 -0.0642 -0.4758
vn 0.9312 -0.0689 -0.3579
vn 0.9721 -0.0725 -0.2230
vn 0.9943 -0.0745 -0.0758
vn 0.9943 -0.0745 0.0758
vn 0.9721 -0.0725 0.2230
vn 0.9312 -0.0689 0.3579
vn 0.8772 -0.0642 0.4758
vn 0.8159 -0.0587 0.5752
vn 0.7520 -0.0530 0.6570
vn 0.6889 -0.0474 0.7233
vn 0.6283 -0.0420 0.7768
vn 0.5713 -0.0369 0.8199
vn 0.5183 -0.0321 0.8546
vn 0.4690 -0.0278 0.8828
vn 0.4234 -0.0238 0.9057
vn 0.3809 -0.0202 0.9244
vn 0.3414 -0.0169 0.9398
vn 0.3045 -0.0140 0.9524
vn 0.2697 -0.0114 0.9629
vn 0.2368 -0.0090 0.9715
vn 0.2055 -0.0070 0.9786
vn 0.1756 -0.0052 0.9845
vn 0.1468 -0.0037 0.9892
vn 0.1189 -0.0025 0.9929
vn 0.0917 -0.0015 0.9958
vn 0.0651 -0.0008 0.9979
vn 0.0389 -0.0003 0.9992
vn 0.0130 -0.0000 0.9999
vn -0.0130 -0.0000 0.9999
vn -0.0389 -0.0003 0.9992
vn -0.0651 -0.0008 0.9979
vn -0.0917 -0.0015 0.9958
vn -0.1189 -0.0025 0.9929
vn -0.1468 -0.0037 0.9892
vn -0.1756 -0.0052 0.9845
vn -0.2055 -0.0070 0.9786
vn -0.2368 -0.0090 0.9715
vn -0.2697 -0.0114 0.9629
vn -0.3045 -0.0140 0.9524
vn -0.3414 -0.0169 0.9398
vn -0.3809 -0.0202 0.9244
vn -0.4234 -0.0238 0.9057
vn -0.4690 -0.0278 0.8828
vn -0.5183 -0.0321 0.8546
vn -0.5713 -0.0369 0.8199
vn -0.6283 -0.0420 0.7768
vn -0.6889 -0.0474 0.7233
vn -0.7520 -0.0530 0.6570
vn -0.8159 -0.0587 0.5752
vn -0.8772 -0.0642 0.4758
vn -0.9312 -0.0689 0.3579
vn -0.9721 -0.0725 0.2230
vn -0.9943 -0.0745 0.0758
vn -0.9943 -0.0745 -0.0758
vn -0.9721 -0.0725 -0.2230
vn -0.9312 -0.0689 -0.3579
vn -0.8772 -0.0642 -0.4758
vn -0.8159 -0.0587 -0.5752
vn -0.7520 -0.0530 -0.6570
vn -0.6889 -0.0474 -0.7233
vn -0.6283 -0.0420 -0.7768
vn -0.5713 -0.0369 -0.8199
vn -0.5183 -0.0321 -0.8546
vn -0.4690 -0.0278 -0.8828
vn -0.4234 -0.0238 -0.9057
vn -0.3809 -0.0202 -0.9244
vn -0.3414 -0.0169 -0.9398
vn -0.3045 -0.0140 -0.9524
vn -0.2697 -0.0114 -0.9629
vn -0.2368 -0.0090 -0.9715
vn -0.2055 -0.0070 -0.9786
vn -0.1756 -0.0052 -0.9845
vn -0.1468 -0.0037 -0.9892
vn -0.1189 -0.0025 -0.9929
vn -0.0917 -0.0015 -0.9958
vn -0.0651 -0.0008 -0.9979
vn -0.0000 1.0000 -0.0000
vn -0.0389 -0.0003 -0.9992
vn -0.0130 -0.0000 -0.9999
vn 0.6695 -0.0530 -0.7410
vn -0.0000 -1.0000 -0.0000
vn -0.5668 -0.0412 -0.8228
vn -0.7754 -0.0654 0.6280
vn -0.0504 -0.0004 0.9987
vn 0.0168 -0.0000 -0.9999
vn 0.6174 -0.0469 0.7853
vn 0.7224 -0.0591 -0.6889
vn -0.5180 -0.0357 -0.8546
vn -0.8272 -0.0715 0.5573
vn -0.0843 -0.0012 0.9964
vn 0.5668 -0.0412 0.8228
vn 0.7754 -0.0654 -0.6280
vn 0.0504 -0.0004 -0.9987
vn -0.4711 -0.0306 -0.8816
vn -0.8759 -0.0773 0.4762
vn -0.1186 -0.0024 0.9929
vn 0.5180 -0.0357 0.8546
vn 0.8272 -0.0715 -0.5573
vn 0.0843 -0.0012 -0.9964
vn -0.4260 -0.0259 -0.9043
vn -0.9194 -0.0824 0.3846
vn -0.1534 -0.0039 0.9882
vn 0.4711 -0.0306 0.8816
vn 0.8759 -0.0773 -0.4762
vn 0.1186 -0.0024 -0.9929
vn -0.3828 -0.0216 -0.9236
vn -0.9552 -0.0867 0.2831
vn -0.1889 -0.0059 0.9820
vn 0.4260 -0.0259 0.9043
vn 0.9194 -0.0824 -0.3846
vn 0.1534 -0.0039 -0.9882
vn -0.3413 -0.0176 -0.9398
vn -0.9807 -0.0897 0.1735
vn -0.2253 -0.0082 0.9743
vn 0.3828 -0.0216 0.9236
vn 0.9552 -0.0867 -0.2831
vn 0.1889 -0.0059 -0.9820
vn -0.3013 -0.0141 -0.9534
vn -0.9941 -0.0913 0.0585
vn -0.2627 -0.0110 0.9648
vn 0.3413 -0.0176 0.9398
vn 0.9807 -0.0897 -0.1735
vn 0.2253 -0.0082 -0.9743
vn -0.2627 -0.0110 -0.9648
vn -0.9941 -0.0913 -0.0585
vn -0.3013 -0.0141 0.9534
vn 0.3013 -0.0141 0.9534
vn 0.9941 -0.0913 -0.0585
vn 0.2627 -0.0110 -0.9648
vn -0.2253 -0.0082 -0.9743
vn -0.9807 -0.0897 -0.1735
vn -0.3413 -0.0176 0.9398
vn 0.2627 -0.0110 0.9648
vn 0.9941 -0.0913 0.0585
vn 0.3013 -0.0141 -0.9534
vn -0.1889 -0.0059 -0.9820
vn -0.9552 -0.0867 -0.2831
vn -0.3828 -0.0216 0.9236
vn 0.2253 -0.0082 0.9743
vn 0.9807 -0.0897 0.1735
vn 0.3413 -0.0176 -0.9398
vn -0.1534 -0.0039 -0.9882
vn -0.9194 -0.0824 -0.3846
vn -0.4260 -0.0259 0.9043
vn 0.1889 -0.0059 0.9820
vn 0.9552 -0.0867 0.2831
vn 0.3828 -0.0216 -0.9236
vn -0.1186 -0.0024 -0.9929
vn -0.8759 -0.0773 -0.4762
vn -0.4711 -0.0306 0.8816
vn 0.1534 -0.0039 0.9882
vn 0.9194 -0.0824 0.3846
vn 0.4260 -0.0259 -0.9043
vn -0.0843 -0.0012 -0.9964
vn -0.8272 -0.0715 -0.5573
vn -0.5180 -0.0357 0.8546
vn 0.1186 -0.0024 0.9929
vn 0.8759 -0.0773 0.4762
vn 0.4711 -0.0306 -0.8816
vn -0.0504 -0.0004 -0.9987
vn -0.7754 -0.0654 -0.6280
vn -0.5668 -0.0412 0.8228
vn 0.0843 -0.0012 0.9964
vn 0.8272 -0.0715 0.5573
vn 0.5180 -0.0357 -0.8546
vn -0.0168 -0.0000 -0.9999
vn -0.7224 -0.0591 -0.6889
vn -0.6174 -0.0469 0.7853
vn 0.0504 -0.0004 0.9987
vn 0.7754 -0.0654 0.6280
vn 0.5668 -0.0412 -0.8228
vn -0.6695 -0.0529 -0.7410
vn -0.6695 -0.0529 0.7410
vn 0.0168 -0.0000 0.9999
vn 0.7224 -0.0591 0.6889
vn 0.6174 -0.0469 -0.7853
vn -0.6174 -0.0469 -0.7853
vn -0.7224 -0.0591 0.6889
vn -0.0168 -0.0000 0.9999
vn 0.6695 -0.0530 0.7410
vt 1.000000 0.500000
vt 1.000000 1.000000
vt 0.990000 1.000000
vt 0.990000 0.500000
vt 0.980000 1.000000
vt 0.980000 0.500000
vt 0.970000 1.000000
vt 0.970000 0.500000
vt 0.960000 1.000000
vt 0.960000 0.500000
vt 0.950000 1.000000
vt 0.950000 0.500000
vt 0.940000 1.000000
vt 0.940000 0.500000
vt 0.930000 1.000000
vt 0.930000 0.500000
vt 0.920000 1.000000
vt 0.920000 0.500000
vt 0.910000 1.000000
vt 0.910000 0.500000
vt 0.900000 1.000000
vt 0.900000 0.500000
vt 0.890000 1.000000
vt 0.890000 0.500000
vt 0.880000 1.000000
vt 0.880000 0.500000
vt 0.870000 1.000000
vt 0.870000 0.500000
vt 0.860000 1.000000
vt 0.860000 0.500000
vt 0.850000 1.000000
vt 0.850000 0.500000
vt 0.840000 1.000000
vt 0.840000 0.500000
vt 0.830000 1.000000
vt 0.830000 0.500000
vt 0.820000 1.000000
vt 0.820000 0.500000
vt 0.810000 1.000000
vt 0.810000 0.500000
vt 0.800000 1.000000
vt 0.800000 0.500000
vt 0.790000 1.000000
vt 0.790000 0.500000
vt 0.780000 1.000000
vt 0.780000 0.500000
vt 0.770000 1.000000
vt 0.770000 0.500000
vt 0.760000 1.000000
vt 0.760000 0.500000
vt 0.750000 1.000000
vt 0.750000 0.500000
vt 0.740000 1.000000
vt 0.740000 0.500000
vt 0.730000 1.000000
vt 0.730000 0.500000
vt 0.720000 1.000000
vt 0.720000 0.500000
vt 0.710000 1.000000
vt 0.710000 0.500000
vt 0.700000 1.000000
vt 0.700000 0.500000
vt 0.690000 1.000000
vt 0.690000 0.500000
vt 0.680000 1.000000
vt 0.680000 0.500000
vt 0.670000 1.000000
vt 0.670000 0.500000
vt 0.660000 1.000000
vt 0.660000 0.500000
vt 0.650000 1.000000
vt 0.650000 0.500000
vt 0.640000 1.000000
vt 0.640000 0.500000
vt 0.630000 1.000000
vt 0.630000 0.500000
vt 0.620000 1.000000
vt 0.620000 0.500000
vt 0.610000 1.000000
vt 0.610000 0.500000
vt 0.600000 1.000000
vt 0.600000 0.500000
vt 0.590000 1.000000
vt 0.590000 0.500000
vt 0.580000 1.000000
vt 0.580000 0.500000
vt 0.570000 1.000000
vt 0.570000 0.500000
vt 0.560000 1.000000
vt 0.560000 0.500000
vt 0.550000 1.000000
vt 0.550000 0.500000
vt 0.540000 1.000000
vt 0.540000 0.500000
vt 0.530000 1.000000
vt 0.530000 0.500000
vt 0.520000 1.000000
vt 0.520000 0.500000
vt 0.510000 1.000000
vt 0.510000 0.500000
vt 0.500000 1.000000
vt 0.500000 0.500000
vt 0.490000 1.000000
vt 0.490000 0.500000
vt 0.480000 1.000000
vt 0.480000 0.500000
vt 0.470001 1.000000
vt 0.470001 0.500000
vt 0.460001 1.000000
vt 0.460001 0.500000
vt 0.450001 1.000000
vt 0.450001 0.500000
vt 0.440001 1.000000
vt 0.440001 0.500000
vt 0.430001 1.000000
vt 0.430001 0.500000
vt 0.420001 1.000000
vt 0.420001 0.500000
vt 0.410001 1.000000
vt 0.410001 0.500000
vt 0.400001 1.000000
vt 0.400001 0.500000
vt 0.390001 1.000000
vt 0.390001 0.500000
vt 0.380001 1.000000
vt 0.380001 0.500000
vt 0.370001 1.000000
vt 0.370001 0.500000
vt 0.360001 1.000000
vt 0.360001 0.500000
vt 0.350001 1.000000
vt 0.350001 0.500000
vt 0.340001 1.000000
vt 0.340001 0.500000
vt 0.330001 1.000000
vt 0.330001 0.500000
vt 0.320001 1.000000
vt 0.320001 0.500000
vt 0.310001 1.000000
vt 0.310001 0.500000
vt 0.300001 1.000000
vt 0.300001 0.500000
vt 0.290001 1.000000
vt 0.290001 0.500000
vt 0.280001 1.000000
vt 0.280001 0.500000
vt 0.270001 1.000000
vt 0.270001 0.500000
vt 0.260001 1.000000
vt 0.260001 0.500000
vt 0.250001 1.000000
vt 0.250001 0.500000
vt 0.240001 1.000000
vt 0.240001 0.500000
vt 0.230001 1.000000
vt 0.230001 0.500000
vt 0.220001 1.000000
vt 0.220001 0.500000
vt 0.210001 1.000000
vt 0.210001 0.500000
vt 0.200001 1.000000
vt 0.200001 0.500000
vt 0.190001 1.000000
vt 0.190001 0.500000
vt 0.180001 1.000000
vt 0.180001 0.500000
vt 0.170001 1.000000
vt 0.170001 0.500000
vt 0.160001 1.000000
vt 0.160001 0.500000
vt 0.150001 1.000000
vt 0.150001 0.500000
vt 0.140001 1.000000
vt 0.140001 0.500000
vt 0.130001 1.000000
vt 0.130001 0.500000
vt 0.120001 1.000000
vt 0.120001 0.500000
vt 0.110001 1.000000
vt 0.110001 0.500000
vt 0.100001 1.000000
vt 0.100001 0.500000
vt 0.090001 1.000000
vt 0.090001 0.500000
vt 0.080001 1.000000
vt 0.080001 0.500000
vt 0.070001 1.000000
vt 0.070001 0.500000
vt 0.060001 1.000000
vt 0.060001 0.500000
vt 0.050001 1.000000
vt 0.050001 0.500000
vt 0.040001 1.000000
vt 0.040001 0.500000
vt 0.030001 1.000000
vt 0.030001 0.500000
vt 0.020001 1.000000
vt 0.020001 0.500000
vt 0.265070 0.489526
vt 0.250000 0.490000
vt 0.234930 0.489526
vt 0.219920 0.488108
vt 0.205028 0.485749
vt 0.190314 0.482460
vt 0.175836 0.478254
vt 0.161650 0.473146
vt 0.147813 0.467158
vt 0.134379 0.460314
vt 0.121402 0.452639
vt 0.108932 0.444164
vt 0.097018 0.434923
vt 0.085709 0.424952
vt 0.075048 0.414291
vt 0.065077 0.402982
vt 0.055836 0.391068
vt 0.047361 0.378598
vt 0.039686 0.365621
vt 0.032842 0.352187
vt 0.026854 0.338350
vt 0.021746 0.324164
vt 0.017540 0.309686
vt 0.014251 0.294972
vt 0.011892 0.280080
vt 0.010474 0.265070
vt 0.010000 0.250000
vt 0.010474 0.234930
vt 0.011892 0.219920
vt 0.014251 0.205028
vt 0.017540 0.190314
vt 0.021746 0.175836
vt 0.026854 0.161650
vt 0.032842 0.147813
vt 0.039686 0.134379
vt 0.047361 0.121402
vt 0.055836 0.108932
vt 0.065077 0.097018
vt 0.075048 0.085709
vt 0.085709 0.075048
vt 0.097018 0.065077
vt 0.108932 0.055836
vt 0.121402 0.047361
vt 0.134379 0.039686
vt 0.147813 0.032842
vt 0.161650 0.026854
vt 0.175836 0.021746
vt 0.190314 0.017540
vt 0.205028 0.014251
vt 0.219920 0.011892
vt 0.234930 0.010474
vt 0.250000 0.010000
vt 0.265070 0.010474
vt 0.280080 0.011892
vt 0.294972 0.014251
vt 0.309686 0.017540
vt 0.324164 0.021746
vt 0.338350 0.026854
vt 0.352187 0.032842
vt 0.365621 0.039686
vt 0.378598 0.047361
vt 0.391068 0.055836
vt 0.402982 0.065077
vt 0.414291 0.075048
vt 0.424952 0.085709
vt 0.434923 0.097018
vt 0.444164 0.108932
vt 0.452639 0.121402
vt 0.460314 0.134379
vt 0.467158 0.147813
vt 0.473146 0.161650
vt 0.478254 0.175836
vt 0.482460 0.190314
vt 0.485749 0.205028
vt 0.488108 0.219920
vt 0.489526 0.234930
vt 0.490000 0.250000
vt 0.489526 0.265070
vt 0.488108 0.280080
vt 0.485749 0.294972
vt 0.482460 0.309686
vt 0.478254 0.324164
vt 0.473146 0.338350
vt 0.467158 0.352187
vt 0.460314 0.365621
vt 0.452639 0.378598
vt 0.444164 0.391068
vt 0.434923 0.402982
vt 0.424952 0.414291
vt 0.414291 0.424952
vt 0.402982 0.434923
vt 0.391068 0.444164
vt 0.378598 0.452639
vt 0.365621 0.460314
vt 0.352187 0.467158
vt 0.338350 0.473146
vt 0.324164 0.478254
vt 0.309686 0.482460
vt 0.294972 0.485749
vt 0.280080 0.488108
vt 0.010001 1.000000
vt 0.010001 0.500000
vt 0.000001 1.000000
vt 0.000001 0.500000
vt 0.830591 0.477955
vt 0.840300 0.477956
vt 0.750000 0.490000
vt 0.764618 0.489526
vt 0.779178 0.488108
vt 0.793622 0.485749
vt 0.807895 0.482460
vt 0.821939 0.478254
vt 0.835699 0.473146
vt 0.849121 0.467159
vt 0.862152 0.460314
vt 0.874740 0.452639
vt 0.886836 0.444164
vt 0.898392 0.434923
vt 0.909363 0.424952
vt 0.919704 0.414291
vt 0.929375 0.402982
vt 0.938340 0.391069
vt 0.946559 0.378598
vt 0.954004 0.365621
vt 0.960644 0.352187
vt 0.966451 0.338350
vt 0.971406 0.324164
vt 0.975486 0.309686
vt 0.978676 0.294972
vt 0.980965 0.280080
vt 0.982341 0.265070
vt 0.982800 0.250000
vt 0.982341 0.234930
vt 0.980965 0.219920
vt 0.978677 0.205029
vt 0.975486 0.190314
vt 0.971406 0.175836
vt 0.966451 0.161650
vt 0.960644 0.147813
vt 0.954004 0.134379
vt 0.946559 0.121402
vt 0.938339 0.108932
vt 0.929376 0.097018
vt 0.919704 0.085709
vt 0.909362 0.075048
vt 0.898392 0.065077
vt 0.886836 0.055836
vt 0.874740 0.047361
vt 0.862153 0.039686
vt 0.849121 0.032841
vt 0.835699 0.026854
vt 0.821939 0.021746
vt 0.807895 0.017540
vt 0.793622 0.014251
vt 0.779178 0.011892
vt 0.764618 0.010474
vt 0.750000 0.010000
vt 0.735383 0.010474
vt 0.720823 0.011892
vt 0.706378 0.014251
vt 0.692105 0.017540
vt 0.678061 0.021746
vt 0.664301 0.026854
vt 0.650879 0.032842
vt 0.637848 0.039686
vt 0.625259 0.047361
vt 0.613164 0.055836
vt 0.601607 0.065077
vt 0.590637 0.075048
vt 0.580296 0.085709
vt 0.570625 0.097018
vt 0.561661 0.108932
vt 0.553440 0.121402
vt 0.545996 0.134379
vt 0.539356 0.147813
vt 0.533548 0.161650
vt 0.528594 0.175836
vt 0.524514 0.190314
vt 0.521323 0.205028
vt 0.519036 0.219920
vt 0.517660 0.234930
vt 0.517200 0.250000
vt 0.517659 0.265070
vt 0.519036 0.280080
vt 0.521324 0.294972
vt 0.524514 0.309686
vt 0.528594 0.324164
vt 0.533548 0.338350
vt 0.539356 0.352187
vt 0.545996 0.365621
vt 0.553440 0.378598
vt 0.561661 0.391068
vt 0.570625 0.402982
vt 0.580296 0.414291
vt 0.590637 0.424952
vt 0.601608 0.434923
vt 0.613164 0.444164
vt 0.625259 0.452639
vt 0.637848 0.460314
vt 0.650879 0.467158
vt 0.664300 0.473146
vt 0.678061 0.478254
vt 0.692105 0.482460
vt 0.706378 0.485749
vt 0.720822 0.488108
vt 0.735382 0.489526
vt 0.139652 0.477941
vt 0.149300 0.477940
vt 0.310399 0.477976
vt 0.320184 0.477977
vt 0.480338 0.477920
vt 0.489827 0.477920
vt 0.990284 0.477920
vt 0.999771 0.477920
vt 0.649667 0.477948
vt 0.659344 0.477947
vt 0.820505 0.477964
vt 0.830249 0.477966
vt 0.129652 0.477936
vt 0.139274 0.477935
vt 0.300281 0.477988
vt 0.310108 0.477989
vt 0.470390 0.477920
vt 0.479882 0.477920
vt 0.639652 0.477941
vt 0.649299 0.477940
vt 0.810399 0.477976
vt 0.820183 0.477977
vt 0.980337 0.477920
vt 0.989826 0.477920
vt 0.119664 0.477932
vt 0.129265 0.477931
vt 0.290162 0.478002
vt 0.300034 0.478003
vt 0.460441 0.477920
vt 0.469938 0.477920
vt 0.629651 0.477936
vt 0.639274 0.477935
vt 0.800281 0.477988
vt 0.810108 0.477989
vt 0.970390 0.477920
vt 0.979882 0.477920
vt 0.109688 0.477928
vt 0.119269 0.477928
vt 0.280060 0.478015
vt 0.289974 0.478016
vt 0.450491 0.477920
vt 0.459993 0.477920
vt 0.619664 0.477931
vt 0.629264 0.477931
vt 0.790162 0.478002
vt 0.800033 0.478003
vt 0.960441 0.477920
vt 0.969938 0.477920
vt 0.099720 0.477926
vt 0.109284 0.477925
vt 0.269991 0.478028
vt 0.279944 0.478029
vt 0.440538 0.477921
vt 0.450047 0.477921
vt 0.609688 0.477928
vt 0.619269 0.477928
vt 0.780059 0.478015
vt 0.789974 0.478016
vt 0.950490 0.477920
vt 0.959993 0.477920
vt 0.089759 0.477924
vt 0.099308 0.477924
vt 0.259967 0.478037
vt 0.269949 0.478038
vt 0.430583 0.477921
vt 0.440100 0.477921
vt 0.599720 0.477926
vt 0.609284 0.477925
vt 0.769991 0.478028
vt 0.779943 0.478029
vt 0.940538 0.477921
vt 0.950047 0.477921
vt 0.079803 0.477923
vt 0.089340 0.477922
vt 0.249983 0.478043
vt 0.259981 0.478043
vt 0.420625 0.477922
vt 0.430151 0.477922
vt 0.589759 0.477924
vt 0.599308 0.477924
vt 0.759966 0.478037
vt 0.769948 0.478038
vt 0.930583 0.477921
vt 0.940100 0.477921
vt 0.069850 0.477922
vt 0.079377 0.477922
vt 0.240021 0.478043
vt 0.250019 0.478043
vt 0.410662 0.477922
vt 0.420199 0.477923
vt 0.579802 0.477923
vt 0.589339 0.477922
vt 0.749982 0.478043
vt 0.759980 0.478043
vt 0.920624 0.477922
vt 0.930150 0.477922
vt 0.059901 0.477921
vt 0.069418 0.477921
vt 0.230053 0.478038
vt 0.240035 0.478037
vt 0.400693 0.477924
vt 0.410242 0.477924
vt 0.569850 0.477922
vt 0.579376 0.477921
vt 0.740020 0.478043
vt 0.750018 0.478043
vt 0.910661 0.477922
vt 0.920198 0.477923
vt 0.049954 0.477921
vt 0.059463 0.477921
vt 0.220057 0.478029
vt 0.230010 0.478028
vt 0.390717 0.477925
vt 0.400281 0.477926
vt 0.559901 0.477921
vt 0.569418 0.477921
vt 0.730052 0.478038
vt 0.740034 0.478037
vt 0.900692 0.477924
vt 0.910242 0.477924
vt 0.040008 0.477920
vt 0.049510 0.477920
vt 0.210027 0.478016
vt 0.219941 0.478015
vt 0.380732 0.477928
vt 0.390313 0.477928
vt 0.549954 0.477921
vt 0.559463 0.477921
vt 0.720057 0.478029
vt 0.730010 0.478028
vt 0.890717 0.477925
vt 0.900281 0.477926
vt 0.030063 0.477920
vt 0.039560 0.477920
vt 0.199967 0.478003
vt 0.209839 0.478002
vt 0.370737 0.477931
vt 0.380337 0.477931
vt 0.540008 0.477920
vt 0.549510 0.477920
vt 0.710026 0.478016
vt 0.719941 0.478015
vt 0.880732 0.477928
vt 0.890313 0.477928
vt 0.020119 0.477920
vt 0.029611 0.477920
vt 0.189893 0.477989
vt 0.199720 0.477988
vt 0.360727 0.477935
vt 0.370350 0.477936
vt 0.530063 0.477920
vt 0.539560 0.477920
vt 0.699967 0.478003
vt 0.709839 0.478002
vt 0.870736 0.477931
vt 0.880336 0.477932
vt 0.010175 0.477920
vt 0.019664 0.477920
vt 0.179817 0.477977
vt 0.189602 0.477976
vt 0.350702 0.477940
vt 0.360349 0.477941
vt 0.520119 0.477920
vt 0.529611 0.477920
vt 0.689893 0.477989
vt 0.699720 0.477988
vt 0.860727 0.477935
vt 0.870349 0.477936
vt 0.000230 0.477920
vt 0.009717 0.477920
vt 0.169751 0.477966
vt 0.179496 0.477964
vt 0.340657 0.477947
vt 0.350333 0.477948
vt 0.510174 0.477920
vt 0.519663 0.477920
vt 0.679817 0.477977
vt 0.689602 0.477976
vt 0.850701 0.477940
vt 0.860349 0.477941
vt 0.159701 0.477956
vt 0.169409 0.477955
vt 0.330592 0.477955
vt 0.340301 0.477956
vt 0.500230 0.477920
vt 0.509717 0.477920
vt 0.669751 0.477966
vt 0.679496 0.477964
vt 0.840657 0.477947
vt 0.850333 0.477948
vt 0.149668 0.477948
vt 0.159344 0.477947
vt 0.320505 0.477964
vt 0.330250 0.477966
vt 0.490284 0.477920
vt 0.499771 0.477920
vt 0.659700 0.477956
vt 0.669409 0.477955
s 0
usemtl Material.003
f 1807/3658/972 1808/3659/972 1810/3660/972 1809/3661/972
f 1809/3661/973 1810/3660/973 1812/3662/973 1811/3663/973
f 1811/3663/974 1812/3662/974 1814/3664/974 1813/3665/974
f 1813/3665/975 1814/3664/975 1816/3666/975 1815/3667/975
f 1815/3667/976 1816/3666/976 1818/3668/976 1817/3669/976
f 1817/3669/977 1818/3668/977 1820/3670/977 1819/3671/977
f 1819/3671/978 1820/3670/978 1822/3672/978 1821/3673/978
f 1821/3673/979 1822/3672/979 1824/3674/979 1823/3675/979
f 1823/3675/980 1824/3674/980 1826/3676/980 1825/3677/980
f 1825/3677/981 1826/3676/981 1828/3678/981 1827/3679/981
f 1827/3679/982 1828/3678/982 1830/3680/982 1829/3681/982
f 1829/3681/983 1830/3680/983 1832/3682/983 1831/3683/983
f 1831/3683/984 1832/3682/984 1834/3684/984 1833/3685/984
f 1833/3685/985 1834/3684/985 1836/3686/985 1835/3687/985
f 1835/3687/986 1836/3686/986 1838/3688/986 1837/3689/986
f 1837/3689/987 1838/3688/987 1840/3690/987 1839/3691/987
f 1839/3691/988 1840/3690/988 1842/3692/988 1841/3693/988
f 1841/3693/989 1842/3692/989 1844/3694/989 1843/3695/989
f 1843/3695/990 1844/3694/990 1846/3696/990 1845/3697/990
f 1845/3697/991 1846/3696/991 1848/3698/991 1847/3699/991
f 1847/3699/992 1848/3698/992 1850/3700/992 1849/3701/992
f 1849/3701/993 1850/3700/993 1852/3702/993 1851/3703/993
f 1851/3703/994 1852/3702/994 1854/3704/994 1853/3705/994
f 1853/3705/995 1854/3704/995 1856/3706/995 1855/3707/995
f 1855/3707/996 1856/3706/996 1858/3708/996 1857/3709/996
f 1857/3709/997 1858/3708/997 1860/3710/997 1859/3711/997
f 1859/3711/998 1860/3710/998 1862/3712/998 1861/3713/998
f 1861/3713/999 1862/3712/999 1864/3714/999 1863/3715/999
f 1863/3715/1000 1864/3714/1000 1866/3716/1000 1865/3717/1000
f 1865/3717/1001 1866/3716/1001 1868/3718/1001 1867/3719/1001
f 1867/3719/1002 1868/3718/1002 1870/3720/1002 1869/3721/1002
f 1869/3721/1003 1870/3720/1003 1872/3722/1003 1871/3723/1003
f 1871/3723/1004 1872/3722/1004 1874/3724/1004 1873/3725/1004
f 1873/3725/1005 1874/3724/1005 1876/3726/1005 1875/3727/1005
f 1875/3727/1006 1876/3726/1006 1878/3728/1006 1877/3729/1006
f 1877/3729/1007 1878/3728/1007 1880/3730/1007 1879/3731/1007
f 1879/3731/1008 1880/3730/1008 1882/3732/1008 1881/3733/1008
f 1881/3733/1009 1882/3732/1009 1884/3734/1009 1883/3735/1009
f 1883/3735/1010 1884/3734/1010 1886/3736/1010 1885/3737/1010
f 1885/3737/1011 1886/3736/1011 1888/3738/1011 1887/3739/1011
f 1887/3739/1012 1888/3738/1012 1890/3740/1012 1889/3741/1012
f 1889/3741/1013 1890/3740/1013 1892/3742/1013 1891/3743/1013
f 1891/3743/1014 1892/3742/1014 1894/3744/1014 1893/3745/1014
f 1893/3745/1015 1894/3744/1015 1896/3746/1015 1895/3747/1015
f 1895/3747/1016 1896/3746/1016 1898/3748/1016 1897/3749/1016
f 1897/3749/1017 1898/3748/1017 1900/3750/1017 1899/3751/1017
f 1899/3751/1018 1900/3750/1018 1902/3752/1018 1901/3753/1018
f 1901/3753/1019 1902/3752/1019 1904/3754/1019 1903/3755/1019
f 1903/3755/1020 1904/3754/1020 1906/3756/1020 1905/3757/1020
f 1905/3757/1021 1906/3756/1021 1908/3758/1021 1907/3759/1021
f 1907/3759/1022 1908/3758/1022 1910/3760/1022 1909/3761/1022
f 1909/3761/1023 1910/3760/1023 1912/3762/1023 1911/3763/1023
f 1911/3763/1024 1912/3762/1024 1914/3764/1024 1913/3765/1024
f 1913/3765/1025 1914/3764/1025 1916/3766/1025 1915/3767/1025
f 1915/3767/1026 1916/3766/1026 1918/3768/1026 1917/3769/1026
f 1917/3769/1027 1918/3768/1027 1920/3770/1027 1919/3771/1027
f 1919/3771/1028 1920/3770/1028 1922/3772/1028 1921/3773/1028
f 1921/3773/1029 1922/3772/1029 1924/3774/1029 1923/3775/1029
f 1923/3775/1030 1924/3774/1030 1926/3776/1030 1925/3777/1030
f 1925/3777/1031 1926/3776/1031 1928/3778/1031 1927/3779/1031
f 1927/3779/1032 1928/3778/1032 1930/3780/1032 1929/3781/1032
f 1929/3781/1033 1930/3780/1033 1932/3782/1033 1931/3783/1033
f 1931/3783/1034 1932/3782/1034 1934/3784/1034 1933/3785/1034
f 1933/3785/1035 1934/3784/1035 1936/3786/1035 1935/3787/1035
f 1935/3787/1036 1936/3786/1036 1938/3788/1036 1937/3789/1036
f 1937/3789/1037 1938/3788/1037 1940/3790/1037 1939/3791/1037
f 1939/3791/1038 1940/3790/1038 1942/3792/1038 1941/3793/1038
f 1941/3793/1039 1942/3792/1039 1944/3794/1039 1943/3795/1039
f 1943/3795/1040 1944/3794/1040 1946/3796/1040 1945/3797/1040
f 1945/3797/1041 1946/3796/1041 1948/3798/1041 1947/3799/1041
f 1947/3799/1042 1948/3798/1042 1950/3800/1042 1949/3801/1042
f 1949/3801/1043 1950/3800/1043 1952/3802/1043 1951/3803/1043
f 1951/3803/1044 1952/3802/1044 1954/3804/1044 1953/3805/1044
f 1953/3805/1045 1954/3804/1045 1956/3806/1045 1955/3807/1045
f 1955/3807/1046 1956/3806/1046 1958/3808/1046 1957/3809/1046
f 1957/3809/1047 1958/3808/1047 1960/3810/1047 1959/3811/1047
f 1959/3811/1048 1960/3810/1048 1962/3812/1048 1961/3813/1048
f 1961/3813/1049 1962/3812/1049 1964/3814/1049 1963/3815/1049
f 1963/3815/1050 1964/3814/1050 1966/3816/1050 1965/3817/1050
f 1965/3817/1051 1966/3816/1051 1968/3818/1051 1967/3819/1051
f 1967/3819/1052 1968/3818/1052 1970/3820/1052 1969/3821/1052
f 1969/3821/1053 1970/3820/1053 1972/3822/1053 1971/3823/1053
f 1971/3823/1054 1972/3822/1054 1974/3824/1054 1973/3825/1054
f 1973/3825/1055 1974/3824/1055 1976/3826/1055 1975/3827/1055
f 1975/3827/1056 1976/3826/1056 1978/3828/1056 1977/3829/1056
f 1977/3829/1057 1978/3828/1057 1980/3830/1057 1979/3831/1057
f 1979/3831/1058 1980/3830/1058 1982/3832/1058 1981/3833/1058
f 1981/3833/1059 1982/3832/1059 1984/3834/1059 1983/3835/1059
f 1983/3835/1060 1984/3834/1060 1986/3836/1060 1985/3837/1060
f 1985/3837/1061 1986/3836/1061 1988/3838/1061 1987/3839/1061
f 1987/3839/1062 1988/3838/1062 1990/3840/1062 1989/3841/1062
f 1989/3841/1063 1990/3840/1063 1992/3842/1063 1991/3843/1063
f 1991/3843/1064 1992/3842/1064 1994/3844/1064 1993/3845/1064
f 1993/3845/1065 1994/3844/1065 1996/3846/1065 1995/3847/1065
f 1995/3847/1066 1996/3846/1066 1998/3848/1066 1997/3849/1066
f 1997/3849/1067 1998/3848/1067 2000/3850/1067 1999/3851/1067
f 1999/3851/1068 2000/3850/1068 2002/3852/1068 2001/3853/1068
f 2001/3853/1069 2002/3852/1069 2004/3854/1069 2003/3855/1069
f 1810/3856/1070 1808/3857/1070 2006/3858/1070 2004/3859/1070 2002/3860/1070 2000/3861/1070 1998/3862/1070 1996/3863/1070 1994/3864/1070 1992/3865/1070 1990/3866/1070 1988/3867/1070 1986/3868/1070 1984/3869/1070 1982/3870/1070 1980/3871/1070 1978/3872/1070 1976/3873/1070 1974/3874/1070 1972/3875/1070 1970/3876/1070 1968/3877/1070 1966/3878/1070 1964/3879/1070 1962/3880/1070 1960/3881/1070 1958/3882/1070 1956/3883/1070 1954/3884/1070 1952/3885/1070 1950/3886/1070 1948/3887/1070 1946/3888/1070 1944/3889/1070 1942/3890/1070 1940/3891/1070 1938/3892/1070 1936/3893/1070 1934/3894/1070 1932/3895/1070 1930/3896/1070 1928/3897/1070 1926/3898/1070 1924/3899/1070 1922/3900/1070 1920/3901/1070 1918/3902/1070 1916/3903/1070 1914/3904/1070 1912/3905/1070 1910/3906/1070 1908/3907/1070 1906/3908/1070 1904/3909/1070 1902/3910/1070 1900/3911/1070 1898/3912/1070 1896/3913/1070 1894/3914/1070 1892/3915/1070 1890/3916/1070 1888/3917/1070 1886/3918/1070 1884/3919/1070 1882/3920/1070 1880/3921/1070 1878/3922/1070 1876/3923/1070 1874/3924/1070 1872/3925/1070 1870/3926/1070 1868/3927/1070 1866/3928/1070 1864/3929/1070 1862/3930/1070 1860/3931/1070 1858/3932/1070 1856/3933/1070 1854/3934/1070 1852/3935/1070 1850/3936/1070 1848/3937/1070 1846/3938/1070 1844/3939/1070 1842/3940/1070 1840/3941/1070 1838/3942/1070 1836/3943/1070 1834/3944/1070 1832/3945/1070 1830/3946/1070 1828/3947/1070 1826/3948/1070 1824/3949/1070 1822/3950/1070 1820/3951/1070 1818/3952/1070 1816/3953/1070 1814/3954/1070 1812/3955/1070
f 2003/3855/1071 2004/3854/1071 2006/3956/1071 2005/3957/1071
f 2005/3957/1072 2006/3956/1072 1808/3958/1072 1807/3959/1072
f 1839/3691/1073 1841/3693/1073 2024/3960/1073 2023/3961/1073
f 2007/3962/1074 2008/3963/1074 2009/3964/1074 2010/3965/1074 2011/3966/1074 2012/3967/1074 2013/3968/1074 2014/3969/1074 2015/3970/1074 2016/3971/1074 2017/3972/1074 2018/3973/1074 2019/3974/1074 2020/3975/1074 2021/3976/1074 2022/3977/1074 2023/3978/1074 2024/3979/1074 2025/3980/1074 2026/3981/1074 2027/3982/1074 2028/3983/1074 2029/3984/1074 2030/3985/1074 2031/3986/1074 2032/3987/1074 2033/3988/1074 2034/3989/1074 2035/3990/1074 2036/3991/1074 2037/3992/1074 2038/3993/1074 2039/3994/1074 2040/3995/1074 2041/3996/1074 2042/3997/1074 2043/3998/1074 2044/3999/1074 2045/4000/1074 2046/4001/1074 2047/4002/1074 2048/4003/1074 2049/4004/1074 2050/4005/1074 2051/4006/1074 2052/4007/1074 2053/4008/1074 2054/4009/1074 2055/4010/1074 2056/4011/1074 2057/4012/1074 2058/4013/1074 2059/4014/1074 2060/4015/1074 2061/4016/1074 2062/4017/1074 2063/4018/1074 2064/4019/1074 2065/4020/1074 2066/4021/1074 2067/4022/1074 2068/4023/1074 2069/4024/1074 2070/4025/1074 2071/4026/1074 2072/4027/1074 2073/4028/1074 2074/4029/1074 2075/4030/1074 2076/4031/1074 2077/4032/1074 2078/4033/1074 2079/4034/1074 2080/4035/1074 2081/4036/1074 2082/4037/1074 2083/4038/1074 2084/4039/1074 2085/4040/1074 2086/4041/1074 2087/4042/1074 2088/4043/1074 2089/4044/1074 2090/4045/1074 2091/4046/1074 2092/4047/1074 2093/4048/1074 2094/4049/1074 2095/4050/1074 2096/4051/1074 2097/4052/1074 2098/4053/1074 2099/4054/1074 2100/4055/1074 2101/4056/1074 2102/4057/1074 2103/4058/1074 2104/4059/1074 2105/4060/1074 2106/4061/1074
f 1977/3829/1075 1979/3831/1075 2093/4062/1075 2092/4063/1075
f 1943/3795/1076 1945/3797/1076 2076/4064/1076 2075/4065/1076
f 1909/3761/1077 1911/3763/1077 2059/4066/1077 2058/4067/1077
f 1807/3658/1078 1809/3661/1078 2008/4068/1078 2007/4069/1078
f 1875/3727/1079 1877/3729/1079 2042/4070/1079 2041/4071/1079
f 1841/3693/1080 1843/3695/1080 2025/4072/1080 2024/4073/1080
f 1979/3831/1081 1981/3833/1081 2094/4074/1081 2093/4075/1081
f 1945/3797/1082 1947/3799/1082 2077/4076/1082 2076/4077/1082
f 1911/3763/1083 1913/3765/1083 2060/4078/1083 2059/4079/1083
f 1877/3729/1084 1879/3731/1084 2043/4080/1084 2042/4081/1084
f 1843/3695/1085 1845/3697/1085 2026/4082/1085 2025/4083/1085
f 1809/3661/1086 1811/3663/1086 2009/4084/1086 2008/4085/1086
f 1981/3833/1087 1983/3835/1087 2095/4086/1087 2094/4087/1087
f 1947/3799/1088 1949/3801/1088 2078/4088/1088 2077/4089/1088
f 1913/3765/1089 1915/3767/1089 2061/4090/1089 2060/4091/1089
f 1879/3731/1090 1881/3733/1090 2044/4092/1090 2043/4093/1090
f 1845/3697/1091 1847/3699/1091 2027/4094/1091 2026/4095/1091
f 1811/3663/1092 1813/3665/1092 2010/4096/1092 2009/4097/1092
f 1983/3835/1093 1985/3837/1093 2096/4098/1093 2095/4099/1093
f 1949/3801/1094 1951/3803/1094 2079/4100/1094 2078/4101/1094
f 1915/3767/1095 1917/3769/1095 2062/4102/1095 2061/4103/1095
f 1881/3733/1096 1883/3735/1096 2045/4104/1096 2044/4105/1096
f 1847/3699/1097 1849/3701/1097 2028/4106/1097 2027/4107/1097
f 1813/3665/1098 1815/3667/1098 2011/4108/1098 2010/4109/1098
f 1985/3837/1099 1987/3839/1099 2097/4110/1099 2096/4111/1099
f 1951/3803/1100 1953/3805/1100 2080/4112/1100 2079/4113/1100
f 1917/3769/1101 1919/3771/1101 2063/4114/1101 2062/4115/1101
f 1883/3735/1102 1885/3737/1102 2046/4116/1102 2045/4117/1102
f 1849/3701/1103 1851/3703/1103 2029/4118/1103 2028/4119/1103
f 1815/3667/1104 1817/3669/1104 2012/4120/1104 2011/4121/1104
f 1987/3839/1105 1989/3841/1105 2098/4122/1105 2097/4123/1105
f 1953/3805/1106 1955/3807/1106 2081/4124/1106 2080/4125/1106
f 1919/3771/1107 1921/3773/1107 2064/4126/1107 2063/4127/1107
f 1885/3737/1108 1887/3739/1108 2047/4128/1108 2046/4129/1108
f 1851/3703/1109 1853/3705/1109 2030/4130/1109 2029/4131/1109
f 1817/3669/1110 1819/3671/1110 2013/4132/1110 2012/4133/1110
f 1989/3841/1111 1991/3843/1111 2099/4134/1111 2098/4135/1111
f 1955/3807/1112 1957/3809/1112 2082/4136/1112 2081/4137/1112
f 1921/3773/1113 1923/3775/1113 2065/4138/1113 2064/4139/1113
f 1887/3739/1114 1889/3741/1114 2048/4140/1114 2047/4141/1114
f 1853/3705/1115 1855/3707/1115 2031/4142/1115 2030/4143/1115
f 1819/3671/1116 1821/3673/1116 2014/4144/1116 2013/4145/1116
f 1991/3843/1117 1993/3845/1117 2100/4146/1117 2099/4147/1117
f 1957/3809/1118 1959/3811/1118 2083/4148/1118 2082/4149/1118
f 1923/3775/1119 1925/3777/1119 2066/4150/1119 2065/4151/1119
f 1889/3741/1120 1891/3743/1120 2049/4152/1120 2048/4153/1120
f 1855/3707/1121 1857/3709/1121 2032/4154/1121 2031/4155/1121
f 1821/3673/1122 1823/3675/1122 2015/4156/1122 2014/4157/1122
f 1993/3845/1123 1995/3847/1123 2101/4158/1123 2100/4159/1123
f 1959/3811/1124 1961/3813/1124 2084/4160/1124 2083/4161/1124
f 1925/3777/1125 1927/3779/1125 2067/4162/1125 2066/4163/1125
f 1891/3743/1126 1893/3745/1126 2050/4164/1126 2049/4165/1126
f 1857/3709/1127 1859/3711/1127 2033/4166/1127 2032/4167/1127
f 1823/3675/1128 1825/3677/1128 2016/4168/1128 2015/4169/1128
f 1995/3847/1129 1997/3849/1129 2102/4170/1129 2101/4171/1129
f 1961/3813/1130 1963/3815/1130 2085/4172/1130 2084/4173/1130
f 1927/3779/1131 1929/3781/1131 2068/4174/1131 2067/4175/1131
f 1893/3745/1132 1895/3747/1132 2051/4176/1132 2050/4177/1132
f 1859/3711/1133 1861/3713/1133 2034/4178/1133 2033/4179/1133
f 1825/3677/1134 1827/3679/1134 2017/4180/1134 2016/4181/1134
f 1997/3849/1135 1999/3851/1135 2103/4182/1135 2102/4183/1135
f 1963/3815/1136 1965/3817/1136 2086/4184/1136 2085/4185/1136
f 1929/3781/1137 1931/3783/1137 2069/4186/1137 2068/4187/1137
f 1895/3747/1138 1897/3749/1138 2052/4188/1138 2051/4189/1138
f 1861/3713/1139 1863/3715/1139 2035/4190/1139 2034/4191/1139
f 1827/3679/1140 1829/3681/1140 2018/4192/1140 2017/4193/1140
f 1999/3851/1141 2001/3853/1141 2104/4194/1141 2103/4195/1141
f 1965/3817/1142 1967/3819/1142 2087/4196/1142 2086/4197/1142
f 1931/3783/1143 1933/3785/1143 2070/4198/1143 2069/4199/1143
f 1897/3749/1144 1899/3751/1144 2053/4200/1144 2052/4201/1144
f 1863/3715/1145 1865/3717/1145 2036/4202/1145 2035/4203/1145
f 1829/3681/1146 1831/3683/1146 2019/4204/1146 2018/4205/1146
f 2001/3853/1147 2003/3855/1147 2105/4206/1147 2104/4207/1147
f 1967/3819/1148 1969/3821/1148 2088/4208/1148 2087/4209/1148
f 1933/3785/1149 1935/3787/1149 2071/4210/1149 2070/4211/1149
f 1899/3751/1150 1901/3753/1150 2054/4212/1150 2053/4213/1150
f 1865/3717/1151 1867/3719/1151 2037/4214/1151 2036/4215/1151
f 1831/3683/1152 1833/3685/1152 2020/4216/1152 2019/4217/1152
f 2003/3855/1153 2005/3957/1153 2106/4218/1153 2105/4219/1153
f 1969/3821/1154 1971/3823/1154 2089/4220/1154 2088/4221/1154
f 1935/3787/1155 1937/3789/1155 2072/4222/1155 2071/4223/1155
f 1901/3753/1156 1903/3755/1156 2055/4224/1156 2054/4225/1156
f 1867/3719/1157 1869/3721/1157 2038/4226/1157 2037/4227/1157
f 1833/3685/1158 1835/3687/1158 2021/4228/1158 2020/4229/1158
f 2005/3957/1159 1807/3959/1159 2007/4230/1159 2106/4231/1159
f 1971/3823/1160 1973/3825/1160 2090/4232/1160 2089/4233/1160
f 1937/3789/1161 1939/3791/1161 2073/4234/1161 2072/4235/1161
f 1903/3755/1162 1905/3757/1162 2056/4236/1162 2055/4237/1162
f 1869/3721/1163 1871/3723/1163 2039/4238/1163 2038/4239/1163
f 1835/3687/1164 1837/3689/1164 2022/4240/1164 2021/4241/1164
f 1973/3825/1165 1975/3827/1165 2091/4242/1165 2090/4243/1165
f 1939/3791/1166 1941/3793/1166 2074/4244/1166 2073/4245/1166
f 1905/3757/1167 1907/3759/1167 2057/4246/1167 2056/4247/1167
f 1871/3723/1168 1873/3725/1168 2040/4248/1168 2039/4249/1168
f 1837/3689/1169 1839/3691/1169 2023/4250/1169 2022/4251/1169
f 1975/3827/1170 1977/3829/1170 2092/4252/1170 2091/4253/1170
f 1941/3793/1171 1943/3795/1171 2075/4254/1171 2074/4255/1171
f 1907/3759/1172 1909/3761/1172 2058/4256/1172 2057/4257/1172
f 1873/3725/1173 1875/3727/1173 2041/4258/1173 2040/4259/1173
o Cylinder.010
v -3.878342 0.159993 11.035733
v -3.878342 3.669993 11.035733
v -3.848517 0.159993 11.036226
v -3.831987 3.669993 11.036226
v -3.818809 0.159993 11.037704
v -3.785815 3.669993 11.037704
v -3.789336 0.159993 11.040161
v -3.740008 3.669993 11.040161
v -3.760215 0.159993 11.043588
v -3.694747 3.669993 11.043588
v -3.731559 0.159993 11.047969
v -3.650210 3.669993 11.047969
v -3.703483 0.159993 11.053289
v -3.606574 3.669993 11.053289
v -3.676097 0.159993 11.059526
v -3.564011 3.669993 11.059526
v -3.649509 0.159993 11.066656
v -3.522687 3.669993 11.066656
v -3.623824 0.159993 11.074652
v -3.482768 3.669993 11.074652
v -3.599144 0.159993 11.083479
v -3.444410 3.669993 11.083479
v -3.575566 0.159993 11.093105
v -3.407764 3.669993 11.093105
v -3.553182 0.159993 11.103491
v -3.372975 3.669993 11.103491
v -3.532082 0.159993 11.114596
v -3.340181 3.669993 11.114596
v -3.512348 0.159993 11.126377
v -3.309511 3.669993 11.126377
v -3.494059 0.159993 11.138787
v -3.281085 3.669993 11.138787
v -3.477286 0.159993 11.151776
v -3.255017 3.669993 11.151776
v -3.462096 0.159993 11.165295
v -3.231409 3.669993 11.165295
v -3.448549 0.159993 11.179289
v -3.210354 3.669993 11.179289
v -3.436698 0.159993 11.193702
v -3.191935 3.669993 11.193702
v -3.426590 0.159993 11.208479
v -3.176225 3.669993 11.208479
v -3.418265 0.159993 11.223560
v -3.163286 3.669993 11.223560
v -3.411756 0.159993 11.238888
v -3.153169 3.669993 11.238888
v -3.407088 0.159993 11.254400
v -3.145913 3.669993 11.254400
v -3.404279 0.159993 11.270036
v -3.141549 3.669993 11.270036
v -3.403342 0.159993 11.285733
v -3.140092 3.669993 11.285733
v -3.404279 0.159993 11.301431
v -3.141549 3.669993 11.301431
v -3.407088 0.159993 11.317066
v -3.145913 3.669993 11.317066
v -3.411756 0.159993 11.332579
v -3.153169 3.669993 11.332579
v -3.418265 0.159993 11.347906
v -3.163286 3.669993 11.347906
v -3.426590 0.159993 11.362988
v -3.176225 3.669993 11.362988
v -3.436698 0.159993 11.377765
v -3.191935 3.669993 11.377765
v -3.448549 0.159993 11.392178
v -3.210354 3.669993 11.392178
v -3.462096 0.159993 11.406172
v -3.231409 3.669993 11.406172
v -3.477286 0.159993 11.419690
v -3.255017 3.669993 11.419690
v -3.494059 0.159993 11.432679
v -3.281085 3.669993 11.432679
v -3.512348 0.159993 11.445089
v -3.309511 3.669993 11.445089
v -3.532082 0.159993 11.456870
v -3.340181 3.669993 11.456870
v -3.553182 0.159993 11.467976
v -3.372975 3.669993 11.467976
v -3.575566 0.159993 11.478361
v -3.407764 3.669993 11.478361
v -3.599144 0.159993 11.487988
v -3.444410 3.669993 11.487988
v -3.623824 0.159993 11.496815
v -3.482768 3.669993 11.496815
v -3.649509 0.159993 11.504810
v -3.522687 3.669993 11.504810
v -3.676097 0.159993 11.511940
v -3.564011 3.669993 11.511940
v -3.703483 0.159993 11.518177
v -3.606574 3.669993 11.518177
v -3.731559 0.159993 11.523498
v -3.650210 3.669993 11.523498
v -3.760215 0.159993 11.527879
v -3.694747 3.669993 11.527879
v -3.789336 0.159993 11.531305
v -3.740008 3.669993 11.531305
v -3.818809 0.159993 11.533762
v -3.785815 3.669993 11.533762
v -3.848517 0.159993 11.535240
v -3.831987 3.669993 11.535240
v -3.878342 0.159993 11.535733
v -3.878342 3.669993 11.535733
v -3.908168 0.159993 11.535240
v -3.924697 3.669993 11.535240
v -3.937876 0.159993 11.533762
v -3.970869 3.669993 11.533762
v -3.967348 0.159993 11.531305
v -4.016676 3.669993 11.531305
v -3.996470 0.159993 11.527879
v -4.061937 3.669993 11.527879
v -4.025126 0.159993 11.523498
v -4.106474 3.669993 11.523498
v -4.053201 0.159993 11.518177
v -4.150110 3.669993 11.518177
v -4.080587 0.159993 11.511940
v -4.192674 3.669993 11.511940
v -4.107175 0.159993 11.504810
v -4.233997 3.669993 11.504810
v -4.132860 0.159993 11.496815
v -4.273916 3.669993 11.496815
v -4.157540 0.159993 11.487988
v -4.312274 3.669993 11.487988
v -4.181118 0.159993 11.478361
v -4.348920 3.669993 11.478361
v -4.203502 0.159993 11.467976
v -4.383709 3.669993 11.467976
v -4.224602 0.159993 11.456870
v -4.416503 3.669993 11.456870
v -4.244336 0.159993 11.445089
v -4.447174 3.669993 11.445089
v -4.262625 0.159993 11.432679
v -4.475599 3.669993 11.432679
v -4.279398 0.159993 11.419690
v -4.501667 3.669993 11.419690
v -4.294588 0.159993 11.406172
v -4.525276 3.669993 11.406172
v -4.308135 0.159993 11.392178
v -4.546331 3.669993 11.392178
v -4.319986 0.159993 11.377765
v -4.564750 3.669993 11.377765
v -4.330094 0.159993 11.362988
v -4.580460 3.669993 11.362988
v -4.338419 0.159993 11.347906
v -4.593399 3.669993 11.347906
v -4.344929 0.159993 11.332579
v -4.603516 3.669993 11.332579
v -4.349597 0.159993 11.317066
v -4.610771 3.669993 11.317066
v -4.352405 0.159993 11.301431
v -4.615135 3.669993 11.301431
v -4.353342 0.159993 11.285733
v -4.616592 3.669993 11.285733
v -4.352405 0.159993 11.270036
v -4.615135 3.669993 11.270036
v -4.349597 0.159993 11.254400
v -4.610771 3.669993 11.254400
v -4.344929 0.159993 11.238888
v -4.603516 3.669993 11.238888
v -4.338419 0.159993 11.223560
v -4.593399 3.669993 11.223560
v -4.330094 0.159993 11.208479
v -4.580460 3.669993 11.208479
v -4.319986 0.159993 11.193702
v -4.564750 3.669993 11.193702
v -4.308135 0.159993 11.179289
v -4.546331 3.669993 11.179289
v -4.294588 0.159993 11.165295
v -4.525276 3.669993 11.165295
v -4.279398 0.159993 11.151776
v -4.501667 3.669993 11.151776
v -4.262625 0.159993 11.138787
v -4.475599 3.669993 11.138787
v -4.244336 0.159993 11.126377
v -4.447174 3.669993 11.126377
v -4.224602 0.159993 11.114596
v -4.416503 3.669993 11.114596
v -4.203502 0.159993 11.103491
v -4.383709 3.669993 11.103491
v -4.181118 0.159993 11.093105
v -4.348920 3.669993 11.093105
v -4.157540 0.159993 11.083479
v -4.312274 3.669993 11.083479
v -4.132860 0.159993 11.074652
v -4.273916 3.669993 11.074652
v -4.107175 0.159993 11.066656
v -4.233997 3.669993 11.066656
v -4.080587 0.159993 11.059526
v -4.192674 3.669993 11.059526
v -4.053201 0.159993 11.053289
v -4.150110 3.669993 11.053289
v -4.025126 0.159993 11.047969
v -4.106474 3.669993 11.047969
v -3.996470 0.159993 11.043588
v -4.061937 3.669993 11.043588
v -3.967348 0.159993 11.040161
v -4.016676 3.669993 11.040161
v -3.937876 0.159993 11.037704
v -3.970869 3.669993 11.037704
v -3.908168 0.159993 11.036226
v -3.924697 3.669993 11.036226
v -3.878342 0.004993 11.035733
v -3.849411 0.004993 11.036226
v -3.820595 0.004993 11.037704
v -3.792006 0.004993 11.040161
v -3.763758 0.004993 11.043588
v -3.735963 0.004993 11.047969
v -3.708729 0.004993 11.053289
v -3.682164 0.004993 11.059526
v -3.656374 0.004993 11.066656
v -3.631460 0.004993 11.074652
v -3.607520 0.004993 11.083479
v -3.584649 0.004993 11.093105
v -3.562937 0.004993 11.103491
v -3.542470 0.004993 11.114596
v -3.523328 0.004993 11.126377
v -3.505588 0.004993 11.138787
v -3.489318 0.004993 11.151776
v -3.474584 0.004993 11.165295
v -3.461443 0.004993 11.179289
v -3.449948 0.004993 11.193702
v -3.440143 0.004993 11.208479
v -3.432067 0.004993 11.223560
v -3.425753 0.004993 11.238888
v -3.421225 0.004993 11.254400
v -3.418501 0.004993 11.270036
v -3.417592 0.004993 11.285733
v -3.418501 0.004993 11.301431
v -3.421225 0.004993 11.317066
v -3.425753 0.004993 11.332579
v -3.432067 0.004993 11.347906
v -3.440143 0.004993 11.362988
v -3.449948 0.004993 11.377765
v -3.461443 0.004993 11.392178
v -3.474584 0.004993 11.406172
v -3.489318 0.004993 11.419690
v -3.505588 0.004993 11.432679
v -3.523328 0.004993 11.445089
v -3.542470 0.004993 11.456870
v -3.562937 0.004993 11.467976
v -3.584649 0.004993 11.478361
v -3.607520 0.004993 11.487988
v -3.631460 0.004993 11.496815
v -3.656374 0.004993 11.504810
v -3.682164 0.004993 11.511940
v -3.708729 0.004993 11.518177
v -3.735963 0.004993 11.523498
v -3.763758 0.004993 11.527879
v -3.792006 0.004993 11.531305
v -3.820595 0.004993 11.533762
v -3.849411 0.004993 11.535240
v -3.878342 0.004993 11.535733
v -3.907273 0.004993 11.535240
v -3.936090 0.004993 11.533762
v -3.964678 0.004993 11.531305
v -3.992926 0.004993 11.527879
v -4.020722 0.004993 11.523498
v -4.047956 0.004993 11.518177
v -4.074520 0.004993 11.511940
v -4.100310 0.004993 11.504810
v -4.125225 0.004993 11.496815
v -4.149164 0.004993 11.487988
v -4.172035 0.004993 11.478361
v -4.193747 0.004993 11.467976
v -4.214214 0.004993 11.456870
v -4.233356 0.004993 11.445089
v -4.251097 0.004993 11.432679
v -4.267366 0.004993 11.419690
v -4.282101 0.004993 11.406172
v -4.295241 0.004993 11.392178
v -4.306736 0.004993 11.377765
v -4.316542 0.004993 11.362988
v -4.324617 0.004993 11.347906
v -4.330931 0.004993 11.332579
v -4.335459 0.004993 11.317066
v -4.338183 0.004993 11.301431
v -4.339092 0.004993 11.285733
v -4.338183 0.004993 11.270036
v -4.335459 0.004993 11.254400
v -4.330931 0.004993 11.238888
v -4.324617 0.004993 11.223560
v -4.316542 0.004993 11.208479
v -4.306736 0.004993 11.193702
v -4.295241 0.004993 11.179289
v -4.282101 0.004993 11.165295
v -4.267366 0.004993 11.151776
v -4.251097 0.004993 11.138787
v -4.233356 0.004993 11.126377
v -4.214214 0.004993 11.114596
v -4.193747 0.004993 11.103491
v -4.172035 0.004993 11.093105
v -4.149164 0.004993 11.083479
v -4.125225 0.004993 11.074652
v -4.100310 0.004993 11.066656
v -4.074520 0.004993 11.059526
v -4.047956 0.004993 11.053289
v -4.020722 0.004993 11.047969
v -3.992926 0.004993 11.043588
v -3.964678 0.004993 11.040161
v -3.936090 0.004993 11.037704
v -3.907273 0.004993 11.036226
vn 0.0130 -0.0000 -0.9999
vn 0.0389 -0.0003 -0.9992
vn 0.0651 -0.0008 -0.9979
vn 0.0917 -0.0015 -0.9958
vn 0.1189 -0.0025 -0.9929
vn 0.1468 -0.0037 -0.9892
vn 0.1756 -0.0052 -0.9845
vn 0.2055 -0.0070 -0.9786
vn 0.2368 -0.0090 -0.9715
vn 0.2697 -0.0114 -0.9629
vn 0.3045 -0.0140 -0.9524
vn 0.3414 -0.0169 -0.9398
vn 0.3809 -0.0202 -0.9244
vn 0.4234 -0.0238 -0.9057
vn 0.4690 -0.0278 -0.8828
vn 0.5183 -0.0321 -0.8546
vn 0.5713 -0.0369 -0.8199
vn 0.6283 -0.0420 -0.7768
vn 0.6889 -0.0474 -0.7233
vn 0.7520 -0.0530 -0.6570
vn 0.8159 -0.0587 -0.5752
vn 0.8772 -0.0642 -0.4758
vn 0.9312 -0.0689 -0.3579
vn 0.9721 -0.0725 -0.2230
vn 0.9943 -0.0745 -0.0758
vn 0.9943 -0.0745 0.0758
vn 0.9721 -0.0725 0.2230
vn 0.9312 -0.0689 0.3579
vn 0.8772 -0.0642 0.4758
vn 0.8159 -0.0587 0.5752
vn 0.7520 -0.0530 0.6570
vn 0.6889 -0.0474 0.7233
vn 0.6283 -0.0420 0.7768
vn 0.5713 -0.0369 0.8199
vn 0.5183 -0.0321 0.8546
vn 0.4690 -0.0278 0.8828
vn 0.4234 -0.0238 0.9057
vn 0.3809 -0.0202 0.9244
vn 0.3414 -0.0169 0.9398
vn 0.3045 -0.0140 0.9524
vn 0.2697 -0.0114 0.9629
vn 0.2368 -0.0090 0.9715
vn 0.2055 -0.0070 0.9786
vn 0.1756 -0.0052 0.9845
vn 0.1468 -0.0037 0.9892
vn 0.1189 -0.0025 0.9929
vn 0.0917 -0.0015 0.9958
vn 0.0651 -0.0008 0.9979
vn 0.0389 -0.0003 0.9992
vn 0.0130 -0.0000 0.9999
vn -0.0130 -0.0000 0.9999
vn -0.0389 -0.0003 0.9992
vn -0.0651 -0.0008 0.9979
vn -0.0917 -0.0015 0.9958
vn -0.1189 -0.0025 0.9929
vn -0.1468 -0.0037 0.9892
vn -0.1756 -0.0052 0.9845
vn -0.2055 -0.0070 0.9786
vn -0.2368 -0.0090 0.9715
vn -0.2697 -0.0114 0.9629
vn -0.3045 -0.0140 0.9524
vn -0.3414 -0.0169 0.9398
vn -0.3809 -0.0202 0.9244
vn -0.4234 -0.0238 0.9057
vn -0.4690 -0.0278 0.8828
vn -0.5183 -0.0321 0.8546
vn -0.5713 -0.0369 0.8199
vn -0.6283 -0.0420 0.7768
vn -0.6889 -0.0474 0.7233
vn -0.7520 -0.0530 0.6570
vn -0.8159 -0.0587 0.5752
vn -0.8772 -0.0642 0.4758
vn -0.9312 -0.0689 0.3579
vn -0.9721 -0.0725 0.2230
vn -0.9943 -0.0745 0.0758
vn -0.9943 -0.0745 -0.0758
vn -0.9721 -0.0725 -0.2230
vn -0.9312 -0.0689 -0.3579
vn -0.8772 -0.0642 -0.4758
vn -0.8159 -0.0587 -0.5752
vn -0.7520 -0.0530 -0.6570
vn -0.6889 -0.0474 -0.7233
vn -0.6283 -0.0420 -0.7768
vn -0.5713 -0.0369 -0.8199
vn -0.5183 -0.0321 -0.8546
vn -0.4690 -0.0278 -0.8828
vn -0.4234 -0.0238 -0.9057
vn -0.3809 -0.0202 -0.9244
vn -0.3414 -0.0169 -0.9398
vn -0.3045 -0.0140 -0.9524
vn -0.2697 -0.0114 -0.9629
vn -0.2368 -0.0090 -0.9715
vn -0.2055 -0.0070 -0.9786
vn -0.1756 -0.0052 -0.9845
vn -0.1468 -0.0037 -0.9892
vn -0.1189 -0.0025 -0.9929
vn -0.0917 -0.0015 -0.9958
vn -0.0651 -0.0008 -0.9979
vn -0.0000 1.0000 -0.0000
vn -0.0389 -0.0003 -0.9992
vn -0.0130 -0.0000 -0.9999
vn -0.2253 -0.0082 -0.9743
vn -0.0000 -1.0000 -0.0000
vn -0.9807 -0.0897 -0.1735
vn -0.3413 -0.0176 0.9398
vn 0.2627 -0.0110 0.9648
vn 0.9941 -0.0913 0.0585
vn 0.3013 -0.0141 -0.9534
vn -0.1889 -0.0059 -0.9820
vn -0.9552 -0.0867 -0.2831
vn -0.3828 -0.0216 0.9236
vn 0.2253 -0.0082 0.9743
vn 0.9807 -0.0897 0.1735
vn 0.3413 -0.0176 -0.9398
vn -0.1534 -0.0039 -0.9882
vn -0.9194 -0.0824 -0.3846
vn -0.4260 -0.0259 0.9043
vn 0.1889 -0.0059 0.9820
vn 0.9552 -0.0867 0.2831
vn 0.3828 -0.0216 -0.9236
vn -0.1186 -0.0024 -0.9929
vn -0.8759 -0.0773 -0.4762
vn -0.4711 -0.0306 0.8816
vn 0.1534 -0.0039 0.9882
vn 0.9194 -0.0824 0.3846
vn 0.4260 -0.0259 -0.9043
vn -0.0843 -0.0012 -0.9964
vn -0.8272 -0.0715 -0.5573
vn -0.5180 -0.0357 0.8546
vn 0.1186 -0.0024 0.9929
vn 0.8759 -0.0773 0.4762
vn 0.4711 -0.0306 -0.8816
vn -0.0504 -0.0004 -0.9987
vn -0.7754 -0.0654 -0.6280
vn -0.5668 -0.0412 0.8228
vn 0.0843 -0.0012 0.9964
vn 0.8272 -0.0715 0.5573
vn 0.5180 -0.0357 -0.8546
vn -0.0168 -0.0000 -0.9999
vn -0.7224 -0.0591 -0.6889
vn -0.6174 -0.0469 0.7853
vn 0.0504 -0.0004 0.9987
vn 0.7755 -0.0654 0.6280
vn 0.5668 -0.0412 -0.8228
vn -0.6695 -0.0530 -0.7410
vn -0.6695 -0.0530 0.7410
vn 0.0168 -0.0000 0.9999
vn 0.7224 -0.0591 0.6889
vn 0.6174 -0.0469 -0.7853
vn -0.6174 -0.0469 -0.7853
vn -0.7224 -0.0591 0.6889
vn -0.0168 -0.0000 0.9999
vn 0.6695 -0.0529 0.7410
vn 0.6695 -0.0529 -0.7410
vn -0.5668 -0.0412 -0.8228
vn -0.7754 -0.0654 0.6280
vn -0.0504 -0.0004 0.9987
vn 0.0168 -0.0000 -0.9999
vn 0.6174 -0.0469 0.7853
vn 0.7224 -0.0591 -0.6889
vn -0.5180 -0.0357 -0.8546
vn -0.8272 -0.0715 0.5573
vn -0.0843 -0.0012 0.9964
vn 0.5668 -0.0412 0.8228
vn 0.7755 -0.0654 -0.6280
vn 0.0504 -0.0004 -0.9987
vn -0.4711 -0.0306 -0.8816
vn -0.8759 -0.0773 0.4762
vn -0.1186 -0.0024 0.9929
vn 0.5180 -0.0357 0.8546
vn 0.8272 -0.0715 -0.5573
vn 0.0843 -0.0012 -0.9964
vn -0.4260 -0.0259 -0.9043
vn -0.9194 -0.0824 0.3846
vn -0.1534 -0.0039 0.9882
vn 0.4711 -0.0306 0.8816
vn 0.8759 -0.0773 -0.4762
vn 0.1186 -0.0024 -0.9929
vn -0.3828 -0.0216 -0.9236
vn -0.9552 -0.0867 0.2831
vn -0.1889 -0.0059 0.9820
vn 0.4260 -0.0259 0.9043
vn 0.9194 -0.0824 -0.3846
vn 0.1534 -0.0039 -0.9882
vn -0.3413 -0.0176 -0.9398
vn -0.9807 -0.0897 0.1735
vn -0.2253 -0.0082 0.9743
vn 0.3828 -0.0216 0.9236
vn 0.9552 -0.0867 -0.2831
vn 0.1889 -0.0059 -0.9820
vn -0.3013 -0.0141 -0.9534
vn -0.9941 -0.0913 0.0585
vn -0.2627 -0.0110 0.9648
vn 0.3413 -0.0176 0.9398
vn 0.9807 -0.0897 -0.1735
vn 0.2253 -0.0082 -0.9743
vn -0.2627 -0.0110 -0.9648
vn -0.9941 -0.0913 -0.0585
vn -0.3013 -0.0141 0.9534
vn 0.3013 -0.0141 0.9534
vn 0.9941 -0.0913 -0.0585
vn 0.2627 -0.0110 -0.9648
vt 1.000000 0.500000
vt 1.000000 1.000000
vt 0.990000 1.000000
vt 0.990000 0.500000
vt 0.980000 1.000000
vt 0.980000 0.500000
vt 0.970000 1.000000
vt 0.970000 0.500000
vt 0.960000 1.000000
vt 0.960000 0.500000
vt 0.950000 1.000000
vt 0.950000 0.500000
vt 0.940000 1.000000
vt 0.940000 0.500000
vt 0.930000 1.000000
vt 0.930000 0.500000
vt 0.920000 1.000000
vt 0.920000 0.500000
vt 0.910000 1.000000
vt 0.910000 0.500000
vt 0.900000 1.000000
vt 0.900000 0.500000
vt 0.890000 1.000000
vt 0.890000 0.500000
vt 0.880000 1.000000
vt 0.880000 0.500000
vt 0.870000 1.000000
vt 0.870000 0.500000
vt 0.860000 1.000000
vt 0.860000 0.500000
vt 0.850000 1.000000
vt 0.850000 0.500000
vt 0.840000 1.000000
vt 0.840000 0.500000
vt 0.830000 1.000000
vt 0.830000 0.500000
vt 0.820000 1.000000
vt 0.820000 0.500000
vt 0.810000 1.000000
vt 0.810000 0.500000
vt 0.800000 1.000000
vt 0.800000 0.500000
vt 0.790000 1.000000
vt 0.790000 0.500000
vt 0.780000 1.000000
vt 0.780000 0.500000
vt 0.770000 1.000000
vt 0.770000 0.500000
vt 0.760000 1.000000
vt 0.760000 0.500000
vt 0.750000 1.000000
vt 0.750000 0.500000
vt 0.740000 1.000000
vt 0.740000 0.500000
vt 0.730000 1.000000
vt 0.730000 0.500000
vt 0.720000 1.000000
vt 0.720000 0.500000
vt 0.710000 1.000000
vt 0.710000 0.500000
vt 0.700000 1.000000
vt 0.700000 0.500000
vt 0.690000 1.000000
vt 0.690000 0.500000
vt 0.680000 1.000000
vt 0.680000 0.500000
vt 0.670000 1.000000
vt 0.670000 0.500000
vt 0.660000 1.000000
vt 0.660000 0.500000
vt 0.650000 1.000000
vt 0.650000 0.500000
vt 0.640000 1.000000
vt 0.640000 0.500000
vt 0.630000 1.000000
vt 0.630000 0.500000
vt 0.620000 1.000000
vt 0.620000 0.500000
vt 0.610000 1.000000
vt 0.610000 0.500000
vt 0.600000 1.000000
vt 0.600000 0.500000
vt 0.590000 1.000000
vt 0.590000 0.500000
vt 0.580000 1.000000
vt 0.580000 0.500000
vt 0.570000 1.000000
vt 0.570000 0.500000
vt 0.560000 1.000000
vt 0.560000 0.500000
vt 0.550000 1.000000
vt 0.550000 0.500000
vt 0.540000 1.000000
vt 0.540000 0.500000
vt 0.530000 1.000000
vt 0.530000 0.500000
vt 0.520000 1.000000
vt 0.520000 0.500000
vt 0.510000 1.000000
vt 0.510000 0.500000
vt 0.500000 1.000000
vt 0.500000 0.500000
vt 0.490000 1.000000
vt 0.490000 0.500000
vt 0.480000 1.000000
vt 0.480000 0.500000
vt 0.470001 1.000000
vt 0.470001 0.500000
vt 0.460001 1.000000
vt 0.460001 0.500000
vt 0.450001 1.000000
vt 0.450001 0.500000
vt 0.440001 1.000000
vt 0.440001 0.500000
vt 0.430001 1.000000
vt 0.430001 0.500000
vt 0.420001 1.000000
vt 0.420001 0.500000
vt 0.410001 1.000000
vt 0.410001 0.500000
vt 0.400001 1.000000
vt 0.400001 0.500000
vt 0.390001 1.000000
vt 0.390001 0.500000
vt 0.380001 1.000000
vt 0.380001 0.500000
vt 0.370001 1.000000
vt 0.370001 0.500000
vt 0.360001 1.000000
vt 0.360001 0.500000
vt 0.350001 1.000000
vt 0.350001 0.500000
vt 0.340001 1.000000
vt 0.340001 0.500000
vt 0.330001 1.000000
vt 0.330001 0.500000
vt 0.320001 1.000000
vt 0.320001 0.500000
vt 0.310001 1.000000
vt 0.310001 0.500000
vt 0.300001 1.000000
vt 0.300001 0.500000
vt 0.290001 1.000000
vt 0.290001 0.500000
vt 0.280001 1.000000
vt 0.280001 0.500000
vt 0.270001 1.000000
vt 0.270001 0.500000
vt 0.260001 1.000000
vt 0.260001 0.500000
vt 0.250001 1.000000
vt 0.250001 0.500000
vt 0.240001 1.000000
vt 0.240001 0.500000
vt 0.230001 1.000000
vt 0.230001 0.500000
vt 0.220001 1.000000
vt 0.220001 0.500000
vt 0.210001 1.000000
vt 0.210001 0.500000
vt 0.200001 1.000000
vt 0.200001 0.500000
vt 0.190001 1.000000
vt 0.190001 0.500000
vt 0.180001 1.000000
vt 0.180001 0.500000
vt 0.170001 1.000000
vt 0.170001 0.500000
vt 0.160001 1.000000
vt 0.160001 0.500000
vt 0.150001 1.000000
vt 0.150001 0.500000
vt 0.140001 1.000000
vt 0.140001 0.500000
vt 0.130001 1.000000
vt 0.130001 0.500000
vt 0.120001 1.000000
vt 0.120001 0.500000
vt 0.110001 1.000000
vt 0.110001 0.500000
vt 0.100001 1.000000
vt 0.100001 0.500000
vt 0.090001 1.000000
vt 0.090001 0.500000
vt 0.080001 1.000000
vt 0.080001 0.500000
vt 0.070001 1.000000
vt 0.070001 0.500000
vt 0.060001 1.000000
vt 0.060001 0.500000
vt 0.050001 1.000000
vt 0.050001 0.500000
vt 0.040001 1.000000
vt 0.040001 0.500000
vt 0.030001 1.000000
vt 0.030001 0.500000
vt 0.020001 1.000000
vt 0.020001 0.500000
vt 0.265070 0.489526
vt 0.250000 0.490000
vt 0.234930 0.489526
vt 0.219920 0.488108
vt 0.205028 0.485749
vt 0.190314 0.482460
vt 0.175836 0.478254
vt 0.161650 0.473146
vt 0.147813 0.467158
vt 0.134379 0.460314
vt 0.121402 0.452639
vt 0.108932 0.444164
vt 0.097018 0.434923
vt 0.085709 0.424952
vt 0.075048 0.414291
vt 0.065077 0.402982
vt 0.055836 0.391068
vt 0.047361 0.378598
vt 0.039686 0.365621
vt 0.032842 0.352187
vt 0.026854 0.338350
vt 0.021746 0.324164
vt 0.017540 0.309686
vt 0.014251 0.294972
vt 0.011892 0.280080
vt 0.010474 0.265070
vt 0.010000 0.250000
vt 0.010474 0.234930
vt 0.011892 0.219920
vt 0.014251 0.205028
vt 0.017540 0.190314
vt 0.021746 0.175836
vt 0.026854 0.161650
vt 0.032842 0.147813
vt 0.039686 0.134379
vt 0.047361 0.121402
vt 0.055836 0.108932
vt 0.065077 0.097018
vt 0.075048 0.085709
vt 0.085709 0.075048
vt 0.097018 0.065077
vt 0.108932 0.055836
vt 0.121402 0.047361
vt 0.134379 0.039686
vt 0.147813 0.032842
vt 0.161650 0.026854
vt 0.175836 0.021746
vt 0.190314 0.017540
vt 0.205028 0.014251
vt 0.219920 0.011892
vt 0.234930 0.010474
vt 0.250000 0.010000
vt 0.265070 0.010474
vt 0.280080 0.011892
vt 0.294972 0.014251
vt 0.309686 0.017540
vt 0.324164 0.021746
vt 0.338350 0.026854
vt 0.352187 0.032842
vt 0.365621 0.039686
vt 0.378598 0.047361
vt 0.391068 0.055836
vt 0.402982 0.065077
vt 0.414291 0.075048
vt 0.424952 0.085709
vt 0.434923 0.097018
vt 0.444164 0.108932
vt 0.452639 0.121402
vt 0.460314 0.134379
vt 0.467158 0.147813
vt 0.473146 0.161650
vt 0.478254 0.175836
vt 0.482460 0.190314
vt 0.485749 0.205028
vt 0.488108 0.219920
vt 0.489526 0.234930
vt 0.490000 0.250000
vt 0.489526 0.265070
vt 0.488108 0.280080
vt 0.485749 0.294972
vt 0.482460 0.309686
vt 0.478254 0.324164
vt 0.473146 0.338350
vt 0.467158 0.352187
vt 0.460314 0.365621
vt 0.452639 0.378598
vt 0.444164 0.391068
vt 0.434923 0.402982
vt 0.424952 0.414291
vt 0.414291 0.424952
vt 0.402982 0.434923
vt 0.391068 0.444164
vt 0.378598 0.452639
vt 0.365621 0.460314
vt 0.352187 0.467158
vt 0.338350 0.473146
vt 0.324164 0.478254
vt 0.309686 0.482460
vt 0.294972 0.485749
vt 0.280080 0.488108
vt 0.010001 1.000000
vt 0.010001 0.500000
vt 0.000001 1.000000
vt 0.000001 0.500000
vt 0.059901 0.477921
vt 0.069418 0.477921
vt 0.750000 0.490000
vt 0.764618 0.489526
vt 0.779178 0.488108
vt 0.793622 0.485749
vt 0.807895 0.482460
vt 0.821939 0.478254
vt 0.835699 0.473146
vt 0.849121 0.467159
vt 0.862152 0.460314
vt 0.874740 0.452639
vt 0.886836 0.444164
vt 0.898392 0.434923
vt 0.909363 0.424952
vt 0.919704 0.414291
vt 0.929376 0.402982
vt 0.938339 0.391069
vt 0.946559 0.378598
vt 0.954004 0.365621
vt 0.960644 0.352187
vt 0.966452 0.338350
vt 0.971406 0.324164
vt 0.975486 0.309686
vt 0.978676 0.294972
vt 0.980965 0.280080
vt 0.982341 0.265070
vt 0.982800 0.250000
vt 0.982340 0.234930
vt 0.980965 0.219920
vt 0.978677 0.205029
vt 0.975486 0.190314
vt 0.971406 0.175836
vt 0.966451 0.161650
vt 0.960644 0.147813
vt 0.954004 0.134379
vt 0.946559 0.121402
vt 0.938339 0.108932
vt 0.929376 0.097018
vt 0.919704 0.085709
vt 0.909362 0.075048
vt 0.898392 0.065077
vt 0.886836 0.055836
vt 0.874740 0.047361
vt 0.862153 0.039686
vt 0.849121 0.032842
vt 0.835699 0.026854
vt 0.821939 0.021746
vt 0.807895 0.017540
vt 0.793622 0.014251
vt 0.779178 0.011892
vt 0.764618 0.010474
vt 0.750000 0.010000
vt 0.735383 0.010474
vt 0.720823 0.011892
vt 0.706378 0.014251
vt 0.692105 0.017540
vt 0.678061 0.021746
vt 0.664301 0.026854
vt 0.650879 0.032842
vt 0.637848 0.039686
vt 0.625259 0.047361
vt 0.613164 0.055836
vt 0.601607 0.065077
vt 0.590637 0.075048
vt 0.580296 0.085709
vt 0.570625 0.097018
vt 0.561661 0.108932
vt 0.553440 0.121402
vt 0.545996 0.134379
vt 0.539356 0.147813
vt 0.533548 0.161650
vt 0.528594 0.175836
vt 0.524514 0.190314
vt 0.521323 0.205028
vt 0.519036 0.219920
vt 0.517660 0.234930
vt 0.517200 0.250000
vt 0.517659 0.265070
vt 0.519036 0.280080
vt 0.521324 0.294972
vt 0.524514 0.309686
vt 0.528594 0.324164
vt 0.533548 0.338350
vt 0.539356 0.352187
vt 0.545996 0.365621
vt 0.553440 0.378598
vt 0.561661 0.391069
vt 0.570625 0.402982
vt 0.580296 0.414291
vt 0.590637 0.424952
vt 0.601608 0.434923
vt 0.613164 0.444164
vt 0.625259 0.452639
vt 0.637848 0.460314
vt 0.650879 0.467158
vt 0.664301 0.473146
vt 0.678061 0.478254
vt 0.692105 0.482460
vt 0.706378 0.485749
vt 0.720823 0.488108
vt 0.735382 0.489526
vt 0.230053 0.478038
vt 0.240035 0.478037
vt 0.400693 0.477924
vt 0.410243 0.477924
vt 0.569850 0.477922
vt 0.579376 0.477922
vt 0.740020 0.478043
vt 0.750018 0.478043
vt 0.910661 0.477922
vt 0.920198 0.477923
vt 0.049954 0.477921
vt 0.059463 0.477921
vt 0.220057 0.478029
vt 0.230010 0.478028
vt 0.390717 0.477925
vt 0.400281 0.477926
vt 0.559901 0.477921
vt 0.569418 0.477921
vt 0.730052 0.478038
vt 0.740034 0.478037
vt 0.900692 0.477924
vt 0.910242 0.477924
vt 0.040008 0.477920
vt 0.049510 0.477920
vt 0.210027 0.478016
vt 0.219941 0.478015
vt 0.380732 0.477928
vt 0.390313 0.477928
vt 0.549954 0.477921
vt 0.559463 0.477921
vt 0.720057 0.478029
vt 0.730010 0.478028
vt 0.890717 0.477925
vt 0.900281 0.477926
vt 0.030063 0.477920
vt 0.039560 0.477920
vt 0.199967 0.478003
vt 0.209839 0.478002
vt 0.370737 0.477931
vt 0.380337 0.477932
vt 0.540008 0.477920
vt 0.549510 0.477920
vt 0.710026 0.478016
vt 0.719941 0.478015
vt 0.880732 0.477928
vt 0.890313 0.477928
vt 0.020119 0.477920
vt 0.029611 0.477920
vt 0.189893 0.477989
vt 0.199720 0.477988
vt 0.360727 0.477935
vt 0.370350 0.477936
vt 0.530063 0.477920
vt 0.539560 0.477920
vt 0.699967 0.478003
vt 0.709839 0.478002
vt 0.870736 0.477931
vt 0.880336 0.477932
vt 0.010174 0.477920
vt 0.019664 0.477920
vt 0.179817 0.477977
vt 0.189602 0.477976
vt 0.350702 0.477940
vt 0.360349 0.477941
vt 0.520119 0.477920
vt 0.529611 0.477920
vt 0.689893 0.477989
vt 0.699720 0.477988
vt 0.860727 0.477935
vt 0.870349 0.477936
vt 0.000230 0.477920
vt 0.009717 0.477920
vt 0.169751 0.477966
vt 0.179496 0.477964
vt 0.340657 0.477947
vt 0.350334 0.477948
vt 0.510174 0.477920
vt 0.519663 0.477920
vt 0.679817 0.477977
vt 0.689602 0.477976
vt 0.850701 0.477940
vt 0.860349 0.477941
vt 0.159701 0.477956
vt 0.169409 0.477955
vt 0.330592 0.477955
vt 0.340301 0.477956
vt 0.500230 0.477920
vt 0.509717 0.477920
vt 0.669751 0.477966
vt 0.679496 0.477964
vt 0.840657 0.477947
vt 0.850333 0.477948
vt 0.149668 0.477948
vt 0.159344 0.477947
vt 0.320505 0.477964
vt 0.330250 0.477966
vt 0.490284 0.477920
vt 0.499771 0.477920
vt 0.659700 0.477956
vt 0.669409 0.477955
vt 0.830591 0.477955
vt 0.840300 0.477956
vt 0.139652 0.477941
vt 0.149300 0.477940
vt 0.310399 0.477976
vt 0.320184 0.477977
vt 0.480338 0.477920
vt 0.489827 0.477920
vt 0.990284 0.477920
vt 0.999770 0.477920
vt 0.649667 0.477948
vt 0.659344 0.477947
vt 0.820505 0.477964
vt 0.830249 0.477966
vt 0.129652 0.477936
vt 0.139274 0.477935
vt 0.300281 0.477988
vt 0.310108 0.477989
vt 0.470390 0.477920
vt 0.479882 0.477920
vt 0.639652 0.477941
vt 0.649299 0.477940
vt 0.810399 0.477976
vt 0.820183 0.477977
vt 0.980337 0.477920
vt 0.989826 0.477920
vt 0.119664 0.477932
vt 0.129265 0.477931
vt 0.290162 0.478002
vt 0.300034 0.478003
vt 0.460441 0.477920
vt 0.469938 0.477920
vt 0.629651 0.477936
vt 0.639274 0.477935
vt 0.800281 0.477988
vt 0.810108 0.477989
vt 0.970389 0.477920
vt 0.979882 0.477920
vt 0.109688 0.477928
vt 0.119269 0.477928
vt 0.280060 0.478015
vt 0.289974 0.478016
vt 0.450491 0.477920
vt 0.459993 0.477920
vt 0.619664 0.477932
vt 0.629264 0.477931
vt 0.790162 0.478002
vt 0.800033 0.478003
vt 0.960441 0.477920
vt 0.969938 0.477920
vt 0.099720 0.477926
vt 0.109284 0.477925
vt 0.269991 0.478028
vt 0.279944 0.478029
vt 0.440538 0.477921
vt 0.450047 0.477921
vt 0.609688 0.477928
vt 0.619269 0.477928
vt 0.780059 0.478015
vt 0.789974 0.478016
vt 0.950490 0.477920
vt 0.959993 0.477920
vt 0.089759 0.477924
vt 0.099308 0.477924
vt 0.259967 0.478037
vt 0.269949 0.478038
vt 0.430583 0.477921
vt 0.440100 0.477921
vt 0.599720 0.477926
vt 0.609284 0.477925
vt 0.769991 0.478028
vt 0.779943 0.478029
vt 0.940538 0.477921
vt 0.950047 0.477921
vt 0.079803 0.477923
vt 0.089340 0.477922
vt 0.249983 0.478043
vt 0.259981 0.478043
vt 0.420625 0.477922
vt 0.430151 0.477922
vt 0.589759 0.477924
vt 0.599308 0.477924
vt 0.759966 0.478037
vt 0.769948 0.478038
vt 0.930583 0.477921
vt 0.940100 0.477921
vt 0.069850 0.477922
vt 0.079377 0.477922
vt 0.240021 0.478043
vt 0.250019 0.478043
vt 0.410662 0.477922
vt 0.420199 0.477923
vt 0.579802 0.477923
vt 0.589339 0.477922
vt 0.749982 0.478043
vt 0.759980 0.478043
vt 0.920624 0.477922
vt 0.930150 0.477922
s 0
usemtl Material.004
f 2107/4260/1174 2108/4261/1174 2110/4262/1174 2109/4263/1174
f 2109/4263/1175 2110/4262/1175 2112/4264/1175 2111/4265/1175
f 2111/4265/1176 2112/4264/1176 2114/4266/1176 2113/4267/1176
f 2113/4267/1177 2114/4266/1177 2116/4268/1177 2115/4269/1177
f 2115/4269/1178 2116/4268/1178 2118/4270/1178 2117/4271/1178
f 2117/4271/1179 2118/4270/1179 2120/4272/1179 2119/4273/1179
f 2119/4273/1180 2120/4272/1180 2122/4274/1180 2121/4275/1180
f 2121/4275/1181 2122/4274/1181 2124/4276/1181 2123/4277/1181
f 2123/4277/1182 2124/4276/1182 2126/4278/1182 2125/4279/1182
f 2125/4279/1183 2126/4278/1183 2128/4280/1183 2127/4281/1183
f 2127/4281/1184 2128/4280/1184 2130/4282/1184 2129/4283/1184
f 2129/4283/1185 2130/4282/1185 2132/4284/1185 2131/4285/1185
f 2131/4285/1186 2132/4284/1186 2134/4286/1186 2133/4287/1186
f 2133/4287/1187 2134/4286/1187 2136/4288/1187 2135/4289/1187
f 2135/4289/1188 2136/4288/1188 2138/4290/1188 2137/4291/1188
f 2137/4291/1189 2138/4290/1189 2140/4292/1189 2139/4293/1189
f 2139/4293/1190 2140/4292/1190 2142/4294/1190 2141/4295/1190
f 2141/4295/1191 2142/4294/1191 2144/4296/1191 2143/4297/1191
f 2143/4297/1192 2144/4296/1192 2146/4298/1192 2145/4299/1192
f 2145/4299/1193 2146/4298/1193 2148/4300/1193 2147/4301/1193
f 2147/4301/1194 2148/4300/1194 2150/4302/1194 2149/4303/1194
f 2149/4303/1195 2150/4302/1195 2152/4304/1195 2151/4305/1195
f 2151/4305/1196 2152/4304/1196 2154/4306/1196 2153/4307/1196
f 2153/4307/1197 2154/4306/1197 2156/4308/1197 2155/4309/1197
f 2155/4309/1198 2156/4308/1198 2158/4310/1198 2157/4311/1198
f 2157/4311/1199 2158/4310/1199 2160/4312/1199 2159/4313/1199
f 2159/4313/1200 2160/4312/1200 2162/4314/1200 2161/4315/1200
f 2161/4315/1201 2162/4314/1201 2164/4316/1201 2163/4317/1201
f 2163/4317/1202 2164/4316/1202 2166/4318/1202 2165/4319/1202
f 2165/4319/1203 2166/4318/1203 2168/4320/1203 2167/4321/1203
f 2167/4321/1204 2168/4320/1204 2170/4322/1204 2169/4323/1204
f 2169/4323/1205 2170/4322/1205 2172/4324/1205 2171/4325/1205
f 2171/4325/1206 2172/4324/1206 2174/4326/1206 2173/4327/1206
f 2173/4327/1207 2174/4326/1207 2176/4328/1207 2175/4329/1207
f 2175/4329/1208 2176/4328/1208 2178/4330/1208 2177/4331/1208
f 2177/4331/1209 2178/4330/1209 2180/4332/1209 2179/4333/1209
f 2179/4333/1210 2180/4332/1210 2182/4334/1210 2181/4335/1210
f 2181/4335/1211 2182/4334/1211 2184/4336/1211 2183/4337/1211
f 2183/4337/1212 2184/4336/1212 2186/4338/1212 2185/4339/1212
f 2185/4339/1213 2186/4338/1213 2188/4340/1213 2187/4341/1213
f 2187/4341/1214 2188/4340/1214 2190/4342/1214 2189/4343/1214
f 2189/4343/1215 2190/4342/1215 2192/4344/1215 2191/4345/1215
f 2191/4345/1216 2192/4344/1216 2194/4346/1216 2193/4347/1216
f 2193/4347/1217 2194/4346/1217 2196/4348/1217 2195/4349/1217
f 2195/4349/1218 2196/4348/1218 2198/4350/1218 2197/4351/1218
f 2197/4351/1219 2198/4350/1219 2200/4352/1219 2199/4353/1219
f 2199/4353/1220 2200/4352/1220 2202/4354/1220 2201/4355/1220
f 2201/4355/1221 2202/4354/1221 2204/4356/1221 2203/4357/1221
f 2203/4357/1222 2204/4356/1222 2206/4358/1222 2205/4359/1222
f 2205/4359/1223 2206/4358/1223 2208/4360/1223 2207/4361/1223
f 2207/4361/1224 2208/4360/1224 2210/4362/1224 2209/4363/1224
f 2209/4363/1225 2210/4362/1225 2212/4364/1225 2211/4365/1225
f 2211/4365/1226 2212/4364/1226 2214/4366/1226 2213/4367/1226
f 2213/4367/1227 2214/4366/1227 2216/4368/1227 2215/4369/1227
f 2215/4369/1228 2216/4368/1228 2218/4370/1228 2217/4371/1228
f 2217/4371/1229 2218/4370/1229 2220/4372/1229 2219/4373/1229
f 2219/4373/1230 2220/4372/1230 2222/4374/1230 2221/4375/1230
f 2221/4375/1231 2222/4374/1231 2224/4376/1231 2223/4377/1231
f 2223/4377/1232 2224/4376/1232 2226/4378/1232 2225/4379/1232
f 2225/4379/1233 2226/4378/1233 2228/4380/1233 2227/4381/1233
f 2227/4381/1234 2228/4380/1234 2230/4382/1234 2229/4383/1234
f 2229/4383/1235 2230/4382/1235 2232/4384/1235 2231/4385/1235
f 2231/4385/1236 2232/4384/1236 2234/4386/1236 2233/4387/1236
f 2233/4387/1237 2234/4386/1237 2236/4388/1237 2235/4389/1237
f 2235/4389/1238 2236/4388/1238 2238/4390/1238 2237/4391/1238
f 2237/4391/1239 2238/4390/1239 2240/4392/1239 2239/4393/1239
f 2239/4393/1240 2240/4392/1240 2242/4394/1240 2241/4395/1240
f 2241/4395/1241 2242/4394/1241 2244/4396/1241 2243/4397/1241
f 2243/4397/1242 2244/4396/1242 2246/4398/1242 2245/4399/1242
f 2245/4399/1243 2246/4398/1243 2248/4400/1243 2247/4401/1243
f 2247/4401/1244 2248/4400/1244 2250/4402/1244 2249/4403/1244
f 2249/4403/1245 2250/4402/1245 2252/4404/1245 2251/4405/1245
f 2251/4405/1246 2252/4404/1246 2254/4406/1246 2253/4407/1246
f 2253/4407/1247 2254/4406/1247 2256/4408/1247 2255/4409/1247
f 2255/4409/1248 2256/4408/1248 2258/4410/1248 2257/4411/1248
f 2257/4411/1249 2258/4410/1249 2260/4412/1249 2259/4413/1249
f 2259/4413/1250 2260/4412/1250 2262/4414/1250 2261/4415/1250
f 2261/4415/1251 2262/4414/1251 2264/4416/1251 2263/4417/1251
f 2263/4417/1252 2264/4416/1252 2266/4418/1252 2265/4419/1252
f 2265/4419/1253 2266/4418/1253 2268/4420/1253 2267/4421/1253
f 2267/4421/1254 2268/4420/1254 2270/4422/1254 2269/4423/1254
f 2269/4423/1255 2270/4422/1255 2272/4424/1255 2271/4425/1255
f 2271/4425/1256 2272/4424/1256 2274/4426/1256 2273/4427/1256
f 2273/4427/1257 2274/4426/1257 2276/4428/1257 2275/4429/1257
f 2275/4429/1258 2276/4428/1258 2278/4430/1258 2277/4431/1258
f 2277/4431/1259 2278/4430/1259 2280/4432/1259 2279/4433/1259
f 2279/4433/1260 2280/4432/1260 2282/4434/1260 2281/4435/1260
f 2281/4435/1261 2282/4434/1261 2284/4436/1261 2283/4437/1261
f 2283/4437/1262 2284/4436/1262 2286/4438/1262 2285/4439/1262
f 2285/4439/1263 2286/4438/1263 2288/4440/1263 2287/4441/1263
f 2287/4441/1264 2288/4440/1264 2290/4442/1264 2289/4443/1264
f 2289/4443/1265 2290/4442/1265 2292/4444/1265 2291/4445/1265
f 2291/4445/1266 2292/4444/1266 2294/4446/1266 2293/4447/1266
f 2293/4447/1267 2294/4446/1267 2296/4448/1267 2295/4449/1267
f 2295/4449/1268 2296/4448/1268 2298/4450/1268 2297/4451/1268
f 2297/4451/1269 2298/4450/1269 2300/4452/1269 2299/4453/1269
f 2299/4453/1270 2300/4452/1270 2302/4454/1270 2301/4455/1270
f 2301/4455/1271 2302/4454/1271 2304/4456/1271 2303/4457/1271
f 2110/4458/1272 2108/4459/1272 2306/4460/1272 2304/4461/1272 2302/4462/1272 2300/4463/1272 2298/4464/1272 2296/4465/1272 2294/4466/1272 2292/4467/1272 2290/4468/1272 2288/4469/1272 2286/4470/1272 2284/4471/1272 2282/4472/1272 2280/4473/1272 2278/4474/1272 2276/4475/1272 2274/4476/1272 2272/4477/1272 2270/4478/1272 2268/4479/1272 2266/4480/1272 2264/4481/1272 2262/4482/1272 2260/4483/1272 2258/4484/1272 2256/4485/1272 2254/4486/1272 2252/4487/1272 2250/4488/1272 2248/4489/1272 2246/4490/1272 2244/4491/1272 2242/4492/1272 2240/4493/1272 2238/4494/1272 2236/4495/1272 2234/4496/1272 2232/4497/1272 2230/4498/1272 2228/4499/1272 2226/4500/1272 2224/4501/1272 2222/4502/1272 2220/4503/1272 2218/4504/1272 2216/4505/1272 2214/4506/1272 2212/4507/1272 2210/4508/1272 2208/4509/1272 2206/4510/1272 2204/4511/1272 2202/4512/1272 2200/4513/1272 2198/4514/1272 2196/4515/1272 2194/4516/1272 2192/4517/1272 2190/4518/1272 2188/4519/1272 2186/4520/1272 2184/4521/1272 2182/4522/1272 2180/4523/1272 2178/4524/1272 2176/4525/1272 2174/4526/1272 2172/4527/1272 2170/4528/1272 2168/4529/1272 2166/4530/1272 2164/4531/1272 2162/4532/1272 2160/4533/1272 2158/4534/1272 2156/4535/1272 2154/4536/1272 2152/4537/1272 2150/4538/1272 2148/4539/1272 2146/4540/1272 2144/4541/1272 2142/4542/1272 2140/4543/1272 2138/4544/1272 2136/4545/1272 2134/4546/1272 2132/4547/1272 2130/4548/1272 2128/4549/1272 2126/4550/1272 2124/4551/1272 2122/4552/1272 2120/4553/1272 2118/4554/1272 2116/4555/1272 2114/4556/1272 2112/4557/1272
f 2303/4457/1273 2304/4456/1273 2306/4558/1273 2305/4559/1273
f 2305/4559/1274 2306/4558/1274 2108/4560/1274 2107/4561/1274
f 2293/4447/1275 2295/4449/1275 2401/4562/1275 2400/4563/1275
f 2307/4564/1276 2308/4565/1276 2309/4566/1276 2310/4567/1276 2311/4568/1276 2312/4569/1276 2313/4570/1276 2314/4571/1276 2315/4572/1276 2316/4573/1276 2317/4574/1276 2318/4575/1276 2319/4576/1276 2320/4577/1276 2321/4578/1276 2322/4579/1276 2323/4580/1276 2324/4581/1276 2325/4582/1276 2326/4583/1276 2327/4584/1276 2328/4585/1276 2329/4586/1276 2330/4587/1276 2331/4588/1276 2332/4589/1276 2333/4590/1276 2334/4591/1276 2335/4592/1276 2336/4593/1276 2337/4594/1276 2338/4595/1276 2339/4596/1276 2340/4597/1276 2341/4598/1276 2342/4599/1276 2343/4600/1276 2344/4601/1276 2345/4602/1276 2346/4603/1276 2347/4604/1276 2348/4605/1276 2349/4606/1276 2350/4607/1276 2351/4608/1276 2352/4609/1276 2353/4610/1276 2354/4611/1276 2355/4612/1276 2356/4613/1276 2357/4614/1276 2358/4615/1276 2359/4616/1276 2360/4617/1276 2361/4618/1276 2362/4619/1276 2363/4620/1276 2364/4621/1276 2365/4622/1276 2366/4623/1276 2367/4624/1276 2368/4625/1276 2369/4626/1276 2370/4627/1276 2371/4628/1276 2372/4629/1276 2373/4630/1276 2374/4631/1276 2375/4632/1276 2376/4633/1276 2377/4634/1276 2378/4635/1276 2379/4636/1276 2380/4637/1276 2381/4638/1276 2382/4639/1276 2383/4640/1276 2384/4641/1276 2385/4642/1276 2386/4643/1276 2387/4644/1276 2388/4645/1276 2389/4646/1276 2390/4647/1276 2391/4648/1276 2392/4649/1276 2393/4650/1276 2394/4651/1276 2395/4652/1276 2396/4653/1276 2397/4654/1276 2398/4655/1276 2399/4656/1276 2400/4657/1276 2401/4658/1276 2402/4659/1276 2403/4660/1276 2404/4661/1276 2405/4662/1276 2406/4663/1276
f 2259/4413/1277 2261/4415/1277 2384/4664/1277 2383/4665/1277
f 2225/4379/1278 2227/4381/1278 2367/4666/1278 2366/4667/1278
f 2191/4345/1279 2193/4347/1279 2350/4668/1279 2349/4669/1279
f 2157/4311/1280 2159/4313/1280 2333/4670/1280 2332/4671/1280
f 2123/4277/1281 2125/4279/1281 2316/4672/1281 2315/4673/1281
f 2295/4449/1282 2297/4451/1282 2402/4674/1282 2401/4675/1282
f 2261/4415/1283 2263/4417/1283 2385/4676/1283 2384/4677/1283
f 2227/4381/1284 2229/4383/1284 2368/4678/1284 2367/4679/1284
f 2193/4347/1285 2195/4349/1285 2351/4680/1285 2350/4681/1285
f 2159/4313/1286 2161/4315/1286 2334/4682/1286 2333/4683/1286
f 2125/4279/1287 2127/4281/1287 2317/4684/1287 2316/4685/1287
f 2297/4451/1288 2299/4453/1288 2403/4686/1288 2402/4687/1288
f 2263/4417/1289 2265/4419/1289 2386/4688/1289 2385/4689/1289
f 2229/4383/1290 2231/4385/1290 2369/4690/1290 2368/4691/1290
f 2195/4349/1291 2197/4351/1291 2352/4692/1291 2351/4693/1291
f 2161/4315/1292 2163/4317/1292 2335/4694/1292 2334/4695/1292
f 2127/4281/1293 2129/4283/1293 2318/4696/1293 2317/4697/1293
f 2299/4453/1294 2301/4455/1294 2404/4698/1294 2403/4699/1294
f 2265/4419/1295 2267/4421/1295 2387/4700/1295 2386/4701/1295
f 2231/4385/1296 2233/4387/1296 2370/4702/1296 2369/4703/1296
f 2197/4351/1297 2199/4353/1297 2353/4704/1297 2352/4705/1297
f 2163/4317/1298 2165/4319/1298 2336/4706/1298 2335/4707/1298
f 2129/4283/1299 2131/4285/1299 2319/4708/1299 2318/4709/1299
f 2301/4455/1300 2303/4457/1300 2405/4710/1300 2404/4711/1300
f 2267/4421/1301 2269/4423/1301 2388/4712/1301 2387/4713/1301
f 2233/4387/1302 2235/4389/1302 2371/4714/1302 2370/4715/1302
f 2199/4353/1303 2201/4355/1303 2354/4716/1303 2353/4717/1303
f 2165/4319/1304 2167/4321/1304 2337/4718/1304 2336/4719/1304
f 2131/4285/1305 2133/4287/1305 2320/4720/1305 2319/4721/1305
f 2303/4457/1306 2305/4559/1306 2406/4722/1306 2405/4723/1306
f 2269/4423/1307 2271/4425/1307 2389/4724/1307 2388/4725/1307
f 2235/4389/1308 2237/4391/1308 2372/4726/1308 2371/4727/1308
f 2201/4355/1309 2203/4357/1309 2355/4728/1309 2354/4729/1309
f 2167/4321/1310 2169/4323/1310 2338/4730/1310 2337/4731/1310
f 2133/4287/1311 2135/4289/1311 2321/4732/1311 2320/4733/1311
f 2305/4559/1312 2107/4561/1312 2307/4734/1312 2406/4735/1312
f 2271/4425/1313 2273/4427/1313 2390/4736/1313 2389/4737/1313
f 2237/4391/1314 2239/4393/1314 2373/4738/1314 2372/4739/1314
f 2203/4357/1315 2205/4359/1315 2356/4740/1315 2355/4741/1315
f 2169/4323/1316 2171/4325/1316 2339/4742/1316 2338/4743/1316
f 2135/4289/1317 2137/4291/1317 2322/4744/1317 2321/4745/1317
f 2273/4427/1318 2275/4429/1318 2391/4746/1318 2390/4747/1318
f 2239/4393/1319 2241/4395/1319 2374/4748/1319 2373/4749/1319
f 2205/4359/1320 2207/4361/1320 2357/4750/1320 2356/4751/1320
f 2171/4325/1321 2173/4327/1321 2340/4752/1321 2339/4753/1321
f 2137/4291/1322 2139/4293/1322 2323/4754/1322 2322/4755/1322
f 2275/4429/1323 2277/4431/1323 2392/4756/1323 2391/4757/1323
f 2241/4395/1324 2243/4397/1324 2375/4758/1324 2374/4759/1324
f 2207/4361/1325 2209/4363/1325 2358/4760/1325 2357/4761/1325
f 2173/4327/1326 2175/4329/1326 2341/4762/1326 2340/4763/1326
f 2139/4293/1327 2141/4295/1327 2324/4764/1327 2323/4765/1327
f 2277/4431/1328 2279/4433/1328 2393/4766/1328 2392/4767/1328
f 2243/4397/1329 2245/4399/1329 2376/4768/1329 2375/4769/1329
f 2209/4363/1330 2211/4365/1330 2359/4770/1330 2358/4771/1330
f 2107/4260/1331 2109/4263/1331 2308/4772/1331 2307/4773/1331
f 2175/4329/1332 2177/4331/1332 2342/4774/1332 2341/4775/1332
f 2141/4295/1333 2143/4297/1333 2325/4776/1333 2324/4777/1333
f 2279/4433/1334 2281/4435/1334 2394/4778/1334 2393/4779/1334
f 2245/4399/1335 2247/4401/1335 2377/4780/1335 2376/4781/1335
f 2211/4365/1336 2213/4367/1336 2360/4782/1336 2359/4783/1336
f 2177/4331/1337 2179/4333/1337 2343/4784/1337 2342/4785/1337
f 2143/4297/1338 2145/4299/1338 2326/4786/1338 2325/4787/1338
f 2109/4263/1339 2111/4265/1339 2309/4788/1339 2308/4789/1339
f 2281/4435/1340 2283/4437/1340 2395/4790/1340 2394/4791/1340
f 2247/4401/1341 2249/4403/1341 2378/4792/1341 2377/4793/1341
f 2213/4367/1342 2215/4369/1342 2361/4794/1342 2360/4795/1342
f 2179/4333/1343 2181/4335/1343 2344/4796/1343 2343/4797/1343
f 2145/4299/1344 2147/4301/1344 2327/4798/1344 2326/4799/1344
f 2111/4265/1345 2113/4267/1345 2310/4800/1345 2309/4801/1345
f 2283/4437/1346 2285/4439/1346 2396/4802/1346 2395/4803/1346
f 2249/4403/1347 2251/4405/1347 2379/4804/1347 2378/4805/1347
f 2215/4369/1348 2217/4371/1348 2362/4806/1348 2361/4807/1348
f 2181/4335/1349 2183/4337/1349 2345/4808/1349 2344/4809/1349
f 2147/4301/1350 2149/4303/1350 2328/4810/1350 2327/4811/1350
f 2113/4267/1351 2115/4269/1351 2311/4812/1351 2310/4813/1351
f 2285/4439/1352 2287/4441/1352 2397/4814/1352 2396/4815/1352
f 2251/4405/1353 2253/4407/1353 2380/4816/1353 2379/4817/1353
f 2217/4371/1354 2219/4373/1354 2363/4818/1354 2362/4819/1354
f 2183/4337/1355 2185/4339/1355 2346/4820/1355 2345/4821/1355
f 2149/4303/1356 2151/4305/1356 2329/4822/1356 2328/4823/1356
f 2115/4269/1357 2117/4271/1357 2312/4824/1357 2311/4825/1357
f 2287/4441/1358 2289/4443/1358 2398/4826/1358 2397/4827/1358
f 2253/4407/1359 2255/4409/1359 2381/4828/1359 2380/4829/1359
f 2219/4373/1360 2221/4375/1360 2364/4830/1360 2363/4831/1360
f 2185/4339/1361 2187/4341/1361 2347/4832/1361 2346/4833/1361
f 2151/4305/1362 2153/4307/1362 2330/4834/1362 2329/4835/1362
f 2117/4271/1363 2119/4273/1363 2313/4836/1363 2312/4837/1363
f 2289/4443/1364 2291/4445/1364 2399/4838/1364 2398/4839/1364
f 2255/4409/1365 2257/4411/1365 2382/4840/1365 2381/4841/1365
f 2221/4375/1366 2223/4377/1366 2365/4842/1366 2364/4843/1366
f 2187/4341/1367 2189/4343/1367 2348/4844/1367 2347/4845/1367
f 2153/4307/1368 2155/4309/1368 2331/4846/1368 2330/4847/1368
f 2119/4273/1369 2121/4275/1369 2314/4848/1369 2313/4849/1369
f 2291/4445/1370 2293/4447/1370 2400/4850/1370 2399/4851/1370
f 2257/4411/1371 2259/4413/1371 2383/4852/1371 2382/4853/1371
f 2223/4377/1372 2225/4379/1372 2366/4854/1372 2365/4855/1372
f 2189/4343/1373 2191/4345/1373 2349/4856/1373 2348/4857/1373
f 2155/4309/1374 2157/4311/1374 2332/4858/1374 2331/4859/1374
f 2121/4275/1375 2123/4277/1375 2315/4860/1375 2314/4861/1375
o Cylinder.012
v -10.573342 0.004993 5.890734
v -10.573342 3.669993 5.890734
v -10.557016 0.004993 5.891247
v -10.557016 3.669993 5.891247
v -10.540755 0.004993 5.892784
v -10.540755 3.669993 5.892784
v -10.524623 0.004993 5.895339
v -10.524623 3.669993 5.895339
v -10.508683 0.004993 5.898902
v -10.508683 3.669993 5.898902
v -10.492998 0.004993 5.903459
v -10.492998 3.669993 5.903459
v -10.477630 0.004993 5.908992
v -10.477630 3.669993 5.908992
v -10.462640 0.004993 5.915479
v -10.462640 3.669993 5.915479
v -10.448087 0.004993 5.922894
v -10.448087 3.669993 5.922894
v -10.434028 0.004993 5.931209
v -10.434028 3.669993 5.931209
v -10.420518 0.004993 5.940390
v -10.420518 3.669993 5.940390
v -10.407612 0.004993 5.950400
v -10.407612 3.669993 5.950400
v -10.395360 0.004993 5.961202
v -10.395360 3.669993 5.961202
v -10.383810 0.004993 5.972752
v -10.383810 3.669993 5.972752
v -10.373009 0.004993 5.985003
v -10.373009 3.669993 5.985003
v -10.362998 0.004993 5.997910
v -10.362998 3.669993 5.997910
v -10.353817 0.004993 6.011419
v -10.353817 3.669993 6.011419
v -10.345503 0.004993 6.025478
v -10.345503 3.669993 6.025478
v -10.338087 0.004993 6.040031
v -10.338087 3.669993 6.040031
v -10.331600 0.004993 6.055022
v -10.331600 3.669993 6.055022
v -10.326068 0.004993 6.070390
v -10.326068 3.669993 6.070390
v -10.321510 0.004993 6.086074
v -10.321510 3.669993 6.086074
v -10.317947 0.004993 6.102015
v -10.317947 3.669993 6.102015
v -10.315392 0.004993 6.118147
v -10.315392 3.669993 6.118147
v -10.313855 0.004993 6.134408
v -10.313855 3.669993 6.134408
v -10.313342 0.004993 6.150734
v -10.313342 3.669993 6.150734
v -10.313855 0.004993 6.167059
v -10.313855 3.669993 6.167059
v -10.315392 0.004993 6.183321
v -10.315392 3.669993 6.183321
v -10.317947 0.004993 6.199453
v -10.317947 3.669993 6.199453
v -10.321510 0.004993 6.215394
v -10.321510 3.669993 6.215394
v -10.326068 0.004993 6.231078
v -10.326068 3.669993 6.231078
v -10.331600 0.004993 6.246446
v -10.331600 3.669993 6.246446
v -10.338087 0.004993 6.261436
v -10.338087 3.669993 6.261436
v -10.345503 0.004993 6.275990
v -10.345503 3.669993 6.275990
v -10.353817 0.004993 6.290049
v -10.353817 3.669993 6.290049
v -10.362998 0.004993 6.303558
v -10.362998 3.669993 6.303558
v -10.373009 0.004993 6.316464
v -10.373009 3.669993 6.316464
v -10.383810 0.004993 6.328716
v -10.383810 3.669993 6.328716
v -10.395360 0.004993 6.340266
v -10.395360 3.669993 6.340266
v -10.407612 0.004993 6.351068
v -10.407612 3.669993 6.351068
v -10.420518 0.004993 6.361078
v -10.420518 3.669993 6.361078
v -10.434028 0.004993 6.370259
v -10.434028 3.669993 6.370259
v -10.448087 0.004993 6.378574
v -10.448087 3.669993 6.378574
v -10.462640 0.004993 6.385989
v -10.462640 3.669993 6.385989
v -10.477630 0.004993 6.392476
v -10.477630 3.669993 6.392476
v -10.492998 0.004993 6.398009
v -10.492998 3.669993 6.398009
v -10.508683 0.004993 6.402565
v -10.508683 3.669993 6.402565
v -10.524623 0.004993 6.406128
v -10.524623 3.669993 6.406128
v -10.540755 0.004993 6.408684
v -10.540755 3.669993 6.408684
v -10.557016 0.004993 6.410221
v -10.557016 3.669993 6.410221
v -10.573342 0.004993 6.410734
v -10.573342 3.669993 6.410734
v -10.589668 0.004993 6.410221
v -10.589668 3.669993 6.410221
v -10.605929 0.004993 6.408684
v -10.605929 3.669993 6.408684
v -10.622062 0.004993 6.406128
v -10.622062 3.669993 6.406128
v -10.638001 0.004993 6.402565
v -10.638001 3.669993 6.402565
v -10.653687 0.004993 6.398009
v -10.653687 3.669993 6.398009
v -10.669055 0.004993 6.392476
v -10.669055 3.669993 6.392476
v -10.684045 0.004993 6.385989
v -10.684045 3.669993 6.385989
v -10.698598 0.004993 6.378574
v -10.698598 3.669993 6.378574
v -10.712657 0.004993 6.370259
v -10.712657 3.669993 6.370259
v -10.726167 0.004993 6.361078
v -10.726167 3.669993 6.361078
v -10.739073 0.004993 6.351068
v -10.739073 3.669993 6.351068
v -10.751325 0.004993 6.340266
v -10.751325 3.669993 6.340266
v -10.762875 0.004993 6.328716
v -10.762875 3.669993 6.328716
v -10.773676 0.004993 6.316464
v -10.773676 3.669993 6.316464
v -10.783687 0.004993 6.303558
v -10.783687 3.669993 6.303558
v -10.792868 0.004993 6.290049
v -10.792868 3.669993 6.290049
v -10.801182 0.004993 6.275990
v -10.801182 3.669993 6.275990
v -10.808598 0.004993 6.261436
v -10.808598 3.669993 6.261436
v -10.815084 0.004993 6.246446
v -10.815084 3.669993 6.246446
v -10.820617 0.004993 6.231078
v -10.820617 3.669993 6.231078
v -10.825174 0.004993 6.215394
v -10.825174 3.669993 6.215394
v -10.828737 0.004993 6.199453
v -10.828737 3.669993 6.199453
v -10.831292 0.004993 6.183321
v -10.831292 3.669993 6.183321
v -10.832829 0.004993 6.167059
v -10.832829 3.669993 6.167059
v -10.833343 0.004993 6.150734
v -10.833343 3.669993 6.150734
v -10.832829 0.004993 6.134408
v -10.832829 3.669993 6.134408
v -10.831292 0.004993 6.118147
v -10.831292 3.669993 6.118147
v -10.828737 0.004993 6.102015
v -10.828737 3.669993 6.102015
v -10.825174 0.004993 6.086074
v -10.825174 3.669993 6.086074
v -10.820617 0.004993 6.070390
v -10.820617 3.669993 6.070390
v -10.815084 0.004993 6.055022
v -10.815084 3.669993 6.055022
v -10.808598 0.004993 6.040031
v -10.808598 3.669993 6.040031
v -10.801182 0.004993 6.025478
v -10.801182 3.669993 6.025478
v -10.792868 0.004993 6.011419
v -10.792868 3.669993 6.011419
v -10.783687 0.004993 5.997910
v -10.783687 3.669993 5.997910
v -10.773676 0.004993 5.985003
v -10.773676 3.669993 5.985003
v -10.762875 0.004993 5.972752
v -10.762875 3.669993 5.972752
v -10.751325 0.004993 5.961202
v -10.751325 3.669993 5.961202
v -10.739073 0.004993 5.950400
v -10.739073 3.669993 5.950400
v -10.726167 0.004993 5.940390
v -10.726167 3.669993 5.940390
v -10.712657 0.004993 5.931209
v -10.712657 3.669993 5.931209
v -10.698598 0.004993 5.922894
v -10.698598 3.669993 5.922894
v -10.684045 0.004993 5.915479
v -10.684045 3.669993 5.915479
v -10.669055 0.004993 5.908992
v -10.669055 3.669993 5.908992
v -10.653687 0.004993 5.903459
v -10.653687 3.669993 5.903459
v -10.638001 0.004993 5.898902
v -10.638001 3.669993 5.898902
v -10.622062 0.004993 5.895339
v -10.622062 3.669993 5.895339
v -10.605929 0.004993 5.892784
v -10.605929 3.669993 5.892784
v -10.589668 0.004993 5.891247
v -10.589668 3.669993 5.891247
vn 0.0314 -0.0000 -0.9995
vn 0.0941 -0.0000 -0.9956
vn 0.1564 -0.0000 -0.9877
vn 0.2181 -0.0000 -0.9759
vn 0.2790 -0.0000 -0.9603
vn 0.3387 -0.0000 -0.9409
vn 0.3971 -0.0000 -0.9178
vn 0.4540 -0.0000 -0.8910
vn 0.5090 -0.0000 -0.8607
vn 0.5621 -0.0000 -0.8271
vn 0.6129 -0.0000 -0.7902
vn 0.6613 -0.0000 -0.7501
vn 0.7071 -0.0000 -0.7071
vn 0.7501 -0.0000 -0.6613
vn 0.7902 -0.0000 -0.6129
vn 0.8271 -0.0000 -0.5621
vn 0.8607 -0.0000 -0.5090
vn 0.8910 -0.0000 -0.4540
vn 0.9178 -0.0000 -0.3971
vn 0.9409 -0.0000 -0.3387
vn 0.9603 -0.0000 -0.2790
vn 0.9759 -0.0000 -0.2181
vn 0.9877 -0.0000 -0.1564
vn 0.9956 -0.0000 -0.0941
vn 0.9995 -0.0000 -0.0314
vn 0.9995 -0.0000 0.0314
vn 0.9956 -0.0000 0.0941
vn 0.9877 -0.0000 0.1564
vn 0.9759 -0.0000 0.2181
vn 0.9603 -0.0000 0.2790
vn 0.9409 -0.0000 0.3387
vn 0.9178 -0.0000 0.3971
vn 0.8910 -0.0000 0.4540
vn 0.8607 -0.0000 0.5090
vn 0.8271 -0.0000 0.5621
vn 0.7902 -0.0000 0.6129
vn 0.7501 -0.0000 0.6613
vn 0.7071 -0.0000 0.7071
vn 0.6613 -0.0000 0.7501
vn 0.6129 -0.0000 0.7902
vn 0.5621 -0.0000 0.8271
vn 0.5090 -0.0000 0.8607
vn 0.4540 -0.0000 0.8910
vn 0.3971 -0.0000 0.9178
vn 0.3387 -0.0000 0.9409
vn 0.2790 -0.0000 0.9603
vn 0.2181 -0.0000 0.9759
vn 0.1564 -0.0000 0.9877
vn 0.0941 -0.0000 0.9956
vn 0.0314 -0.0000 0.9995
vn -0.0314 -0.0000 0.9995
vn -0.0941 -0.0000 0.9956
vn -0.1564 -0.0000 0.9877
vn -0.2181 -0.0000 0.9759
vn -0.2790 -0.0000 0.9603
vn -0.3387 -0.0000 0.9409
vn -0.3971 -0.0000 0.9178
vn -0.4540 -0.0000 0.8910
vn -0.5090 -0.0000 0.8607
vn -0.5621 -0.0000 0.8271
vn -0.6129 -0.0000 0.7902
vn -0.6613 -0.0000 0.7501
vn -0.7071 -0.0000 0.7071
vn -0.7501 -0.0000 0.6613
vn -0.7902 -0.0000 0.6129
vn -0.8271 -0.0000 0.5621
vn -0.8607 -0.0000 0.5090
vn -0.8910 -0.0000 0.4540
vn -0.9178 -0.0000 0.3971
vn -0.9409 -0.0000 0.3387
vn -0.9603 -0.0000 0.2790
vn -0.9759 -0.0000 0.2181
vn -0.9877 -0.0000 0.1564
vn -0.9956 -0.0000 0.0941
vn -0.9995 -0.0000 0.0314
vn -0.9995 -0.0000 -0.0314
vn -0.9956 -0.0000 -0.0941
vn -0.9877 -0.0000 -0.1564
vn -0.9759 -0.0000 -0.2181
vn -0.9603 -0.0000 -0.2790
vn -0.9409 -0.0000 -0.3387
vn -0.9178 -0.0000 -0.3971
vn -0.8910 -0.0000 -0.4540
vn -0.8607 -0.0000 -0.5090
vn -0.8271 -0.0000 -0.5621
vn -0.7902 -0.0000 -0.6129
vn -0.7501 -0.0000 -0.6613
vn -0.7071 -0.0000 -0.7071
vn -0.6613 -0.0000 -0.7501
vn -0.6129 -0.0000 -0.7902
vn -0.5621 -0.0000 -0.8271
vn -0.5090 -0.0000 -0.8607
vn -0.4540 -0.0000 -0.8910
vn -0.3971 -0.0000 -0.9178
vn -0.3387 -0.0000 -0.9409
vn -0.2790 -0.0000 -0.9603
vn -0.2181 -0.0000 -0.9759
vn -0.1564 -0.0000 -0.9877
vn -0.0000 1.0000 -0.0000
vn -0.0941 -0.0000 -0.9956
vn -0.0314 -0.0000 -0.9995
vn -0.0000 -1.0000 -0.0000
vt 1.000000 0.477920
vt 1.000000 1.000000
vt 0.990000 1.000000
vt 0.990000 0.477920
vt 0.980000 1.000000
vt 0.980000 0.477920
vt 0.970000 1.000000
vt 0.970000 0.477920
vt 0.960000 1.000000
vt 0.960000 0.477920
vt 0.950000 1.000000
vt 0.950000 0.477920
vt 0.940000 1.000000
vt 0.940000 0.477920
vt 0.930000 1.000000
vt 0.930000 0.477920
vt 0.920000 1.000000
vt 0.920000 0.477920
vt 0.920000 0.477920
vt 0.910000 1.000000
vt 0.910000 0.477920
vt 0.910000 0.477920
vt 0.900000 1.000000
vt 0.900000 0.477920
vt 0.890000 1.000000
vt 0.890000 0.477920
vt 0.880000 1.000000
vt 0.880000 0.477920
vt 0.870000 1.000000
vt 0.870000 0.477920
vt 0.870000 0.477920
vt 0.860000 1.000000
vt 0.860000 0.477920
vt 0.850000 1.000000
vt 0.850000 0.477920
vt 0.840000 1.000000
vt 0.840000 0.477920
vt 0.830000 1.000000
vt 0.830000 0.477920
vt 0.830000 0.477920
vt 0.820000 1.000000
vt 0.820000 0.477920
vt 0.820000 0.477920
vt 0.810000 1.000000
vt 0.810000 0.477920
vt 0.800000 1.000000
vt 0.800000 0.477920
vt 0.790000 1.000000
vt 0.790000 0.477920
vt 0.780000 1.000000
vt 0.780000 0.477920
vt 0.770000 1.000000
vt 0.770000 0.477920
vt 0.760000 1.000000
vt 0.760000 0.477920
vt 0.750000 1.000000
vt 0.750000 0.477920
vt 0.740000 1.000000
vt 0.740000 0.477920
vt 0.730000 1.000000
vt 0.730000 0.477920
vt 0.720000 1.000000
vt 0.720000 0.477920
vt 0.710000 1.000000
vt 0.710000 0.477920
vt 0.700000 1.000000
vt 0.700000 0.477920
vt 0.690000 1.000000
vt 0.690000 0.477920
vt 0.680000 1.000000
vt 0.680000 0.477920
vt 0.670000 1.000000
vt 0.670000 0.477920
vt 0.670000 0.477920
vt 0.660000 1.000000
vt 0.660000 0.477920
vt 0.660000 0.477920
vt 0.650000 1.000000
vt 0.650000 0.477920
vt 0.640000 1.000000
vt 0.640000 0.477920
vt 0.630000 1.000000
vt 0.630000 0.477920
vt 0.620000 1.000000
vt 0.620000 0.477920
vt 0.620000 0.477920
vt 0.610000 1.000000
vt 0.610000 0.477920
vt 0.600000 1.000000
vt 0.600000 0.477920
vt 0.590000 1.000000
vt 0.590000 0.477920
vt 0.580000 1.000000
vt 0.580000 0.477920
vt 0.580000 0.477920
vt 0.570000 1.000000
vt 0.570000 0.477920
vt 0.570000 0.477920
vt 0.560000 1.000000
vt 0.560000 0.477920
vt 0.550000 1.000000
vt 0.550000 0.477920
vt 0.540000 1.000000
vt 0.540000 0.477920
vt 0.530000 1.000000
vt 0.530000 0.477920
vt 0.520000 1.000000
vt 0.520000 0.477920
vt 0.510000 1.000000
vt 0.510000 0.477920
vt 0.500000 1.000000
vt 0.500000 0.477920
vt 0.490000 1.000000
vt 0.490000 0.477920
vt 0.480000 1.000000
vt 0.480000 0.477920
vt 0.470001 1.000000
vt 0.470000 0.477920
vt 0.470001 0.477920
vt 0.460001 1.000000
vt 0.460001 0.477920
vt 0.450001 1.000000
vt 0.450001 0.477920
vt 0.440001 1.000000
vt 0.440001 0.477920
vt 0.430001 1.000000
vt 0.430001 0.477920
vt 0.420001 1.000000
vt 0.420001 0.477920
vt 0.420001 0.477920
vt 0.410001 1.000000
vt 0.410001 0.477920
vt 0.410001 0.477920
vt 0.400001 1.000000
vt 0.400001 0.477920
vt 0.390001 1.000000
vt 0.390001 0.477920
vt 0.380001 1.000000
vt 0.380001 0.477920
vt 0.380001 0.477920
vt 0.370001 1.000000
vt 0.370001 0.477920
vt 0.370001 0.477920
vt 0.360001 1.000000
vt 0.360001 0.477920
vt 0.350001 1.000000
vt 0.350001 0.477920
vt 0.340001 1.000000
vt 0.340001 0.477920
vt 0.330001 1.000000
vt 0.330001 0.477920
vt 0.330001 0.477920
vt 0.320001 1.000000
vt 0.320001 0.477920
vt 0.320001 0.477920
vt 0.310001 1.000000
vt 0.310001 0.477920
vt 0.310001 0.477920
vt 0.300001 1.000000
vt 0.300001 0.477920
vt 0.290001 1.000000
vt 0.290001 0.477920
vt 0.280001 1.000000
vt 0.280001 0.477920
vt 0.270001 1.000000
vt 0.270001 0.477920
vt 0.260001 1.000000
vt 0.260001 0.477920
vt 0.250001 1.000000
vt 0.250001 0.477920
vt 0.240001 1.000000
vt 0.240001 0.477920
vt 0.230001 1.000000
vt 0.230001 0.477920
vt 0.220001 1.000000
vt 0.220001 0.477920
vt 0.210001 1.000000
vt 0.210001 0.477920
vt 0.200001 1.000000
vt 0.200001 0.477920
vt 0.190001 1.000000
vt 0.190001 0.477920
vt 0.180001 1.000000
vt 0.180001 0.477920
vt 0.170001 1.000000
vt 0.170001 0.477920
vt 0.170001 0.477920
vt 0.160001 1.000000
vt 0.160001 0.477920
vt 0.160001 0.477920
vt 0.150001 1.000000
vt 0.150001 0.477920
vt 0.140001 1.000000
vt 0.140001 0.477920
vt 0.130001 1.000000
vt 0.130001 0.477920
vt 0.120001 1.000000
vt 0.120001 0.477920
vt 0.120001 0.477920
vt 0.110001 1.000000
vt 0.110001 0.477920
vt 0.100001 1.000000
vt 0.100001 0.477920
vt 0.090001 1.000000
vt 0.090001 0.477920
vt 0.080001 1.000000
vt 0.080001 0.477920
vt 0.080001 0.477920
vt 0.070001 1.000000
vt 0.070001 0.477920
vt 0.070001 0.477920
vt 0.060001 1.000000
vt 0.060001 0.477920
vt 0.050001 1.000000
vt 0.050001 0.477920
vt 0.040001 1.000000
vt 0.040001 0.477920
vt 0.030001 1.000000
vt 0.030001 0.477920
vt 0.020001 1.000000
vt 0.020001 0.477920
vt 0.265070 0.489526
vt 0.250000 0.490000
vt 0.234930 0.489526
vt 0.219920 0.488108
vt 0.205028 0.485749
vt 0.190314 0.482460
vt 0.175836 0.478254
vt 0.161650 0.473146
vt 0.147813 0.467158
vt 0.134379 0.460314
vt 0.121402 0.452639
vt 0.108932 0.444164
vt 0.097018 0.434923
vt 0.085709 0.424952
vt 0.075048 0.414291
vt 0.065077 0.402982
vt 0.055836 0.391068
vt 0.047361 0.378598
vt 0.039686 0.365621
vt 0.032842 0.352187
vt 0.026854 0.338350
vt 0.021746 0.324164
vt 0.017540 0.309686
vt 0.014251 0.294972
vt 0.011892 0.280080
vt 0.010474 0.265070
vt 0.010000 0.250000
vt 0.010474 0.234930
vt 0.011892 0.219920
vt 0.014251 0.205028
vt 0.017540 0.190314
vt 0.021746 0.175836
vt 0.026854 0.161650
vt 0.032842 0.147813
vt 0.039686 0.134379
vt 0.047361 0.121402
vt 0.055836 0.108932
vt 0.065077 0.097018
vt 0.075048 0.085709
vt 0.085709 0.075048
vt 0.097018 0.065077
vt 0.108932 0.055836
vt 0.121402 0.047361
vt 0.134379 0.039686
vt 0.147813 0.032842
vt 0.161650 0.026854
vt 0.175836 0.021746
vt 0.190314 0.017540
vt 0.205028 0.014251
vt 0.219920 0.011892
vt 0.234930 0.010474
vt 0.250000 0.010000
vt 0.265070 0.010474
vt 0.280080 0.011892
vt 0.294972 0.014251
vt 0.309686 0.017540
vt 0.324164 0.021746
vt 0.338350 0.026854
vt 0.352187 0.032842
vt 0.365621 0.039686
vt 0.378598 0.047361
vt 0.391068 0.055836
vt 0.402982 0.065077
vt 0.414291 0.075048
vt 0.424952 0.085709
vt 0.434923 0.097018
vt 0.444164 0.108932
vt 0.452639 0.121402
vt 0.460314 0.134379
vt 0.467158 0.147813
vt 0.473146 0.161650
vt 0.478254 0.175836
vt 0.482460 0.190314
vt 0.485749 0.205028
vt 0.488108 0.219920
vt 0.489526 0.234930
vt 0.490000 0.250000
vt 0.489526 0.265070
vt 0.488108 0.280080
vt 0.485749 0.294972
vt 0.482460 0.309686
vt 0.478254 0.324164
vt 0.473146 0.338350
vt 0.467158 0.352187
vt 0.460314 0.365621
vt 0.452639 0.378598
vt 0.444164 0.391068
vt 0.434923 0.402982
vt 0.424952 0.414291
vt 0.414291 0.424952
vt 0.402982 0.434923
vt 0.391068 0.444164
vt 0.378598 0.452639
vt 0.365621 0.460314
vt 0.352187 0.467158
vt 0.338350 0.473146
vt 0.324164 0.478254
vt 0.309686 0.482460
vt 0.294972 0.485749
vt 0.280080 0.488108
vt 0.010001 1.000000
vt 0.010001 0.477920
vt 0.000001 1.000000
vt 0.000001 0.477920
vt 0.750000 0.490000
vt 0.765070 0.489526
vt 0.780080 0.488108
vt 0.794972 0.485749
vt 0.809686 0.482460
vt 0.824164 0.478254
vt 0.838350 0.473146
vt 0.852187 0.467158
vt 0.865621 0.460314
vt 0.878598 0.452639
vt 0.891068 0.444164
vt 0.902982 0.434923
vt 0.914291 0.424952
vt 0.924952 0.414291
vt 0.934923 0.402982
vt 0.944164 0.391068
vt 0.952639 0.378598
vt 0.960314 0.365621
vt 0.967158 0.352187
vt 0.973146 0.338350
vt 0.978254 0.324164
vt 0.982460 0.309686
vt 0.985749 0.294972
vt 0.988108 0.280080
vt 0.989526 0.265070
vt 0.990000 0.250000
vt 0.989526 0.234930
vt 0.988108 0.219920
vt 0.985749 0.205028
vt 0.982460 0.190314
vt 0.978254 0.175836
vt 0.973146 0.161650
vt 0.967158 0.147813
vt 0.960314 0.134379
vt 0.952639 0.121402
vt 0.944164 0.108932
vt 0.934923 0.097018
vt 0.924952 0.085709
vt 0.914291 0.075048
vt 0.902982 0.065077
vt 0.891068 0.055836
vt 0.878598 0.047361
vt 0.865621 0.039686
vt 0.852187 0.032842
vt 0.838350 0.026854
vt 0.824164 0.021746
vt 0.809686 0.017540
vt 0.794972 0.014251
vt 0.780080 0.011892
vt 0.765070 0.010474
vt 0.750000 0.010000
vt 0.734930 0.010474
vt 0.719920 0.011892
vt 0.705028 0.014251
vt 0.690314 0.017540
vt 0.675836 0.021746
vt 0.661650 0.026854
vt 0.647813 0.032842
vt 0.634379 0.039686
vt 0.621402 0.047361
vt 0.608932 0.055836
vt 0.597018 0.065077
vt 0.585709 0.075048
vt 0.575048 0.085709
vt 0.565077 0.097018
vt 0.555836 0.108932
vt 0.547361 0.121402
vt 0.539686 0.134379
vt 0.532842 0.147813
vt 0.526854 0.161650
vt 0.521746 0.175836
vt 0.517540 0.190314
vt 0.514251 0.205028
vt 0.511892 0.219920
vt 0.510474 0.234930
vt 0.510000 0.250000
vt 0.510474 0.265070
vt 0.511892 0.280080
vt 0.514251 0.294972
vt 0.517540 0.309686
vt 0.521746 0.324164
vt 0.526854 0.338350
vt 0.532842 0.352187
vt 0.539686 0.365621
vt 0.547361 0.378598
vt 0.555836 0.391068
vt 0.565077 0.402982
vt 0.575048 0.414291
vt 0.585709 0.424952
vt 0.597018 0.434923
vt 0.608932 0.444164
vt 0.621402 0.452639
vt 0.634379 0.460314
vt 0.647813 0.467158
vt 0.661650 0.473146
vt 0.675836 0.478254
vt 0.690314 0.482460
vt 0.705028 0.485749
vt 0.719920 0.488108
vt 0.734930 0.489526
s 0
usemtl Material.002
f 2407/4862/1376 2408/4863/1376 2410/4864/1376 2409/4865/1376
f 2409/4865/1377 2410/4864/1377 2412/4866/1377 2411/4867/1377
f 2411/4867/1378 2412/4866/1378 2414/4868/1378 2413/4869/1378
f 2413/4869/1379 2414/4868/1379 2416/4870/1379 2415/4871/1379
f 2415/4871/1380 2416/4870/1380 2418/4872/1380 2417/4873/1380
f 2417/4873/1381 2418/4872/1381 2420/4874/1381 2419/4875/1381
f 2419/4875/1382 2420/4874/1382 2422/4876/1382 2421/4877/1382
f 2421/4877/1383 2422/4876/1383 2424/4878/1383 2423/4879/1383
f 2423/4880/1384 2424/4878/1384 2426/4881/1384 2425/4882/1384
f 2425/4883/1385 2426/4881/1385 2428/4884/1385 2427/4885/1385
f 2427/4885/1386 2428/4884/1386 2430/4886/1386 2429/4887/1386
f 2429/4887/1387 2430/4886/1387 2432/4888/1387 2431/4889/1387
f 2431/4889/1388 2432/4888/1388 2434/4890/1388 2433/4891/1388
f 2433/4892/1389 2434/4890/1389 2436/4893/1389 2435/4894/1389
f 2435/4894/1390 2436/4893/1390 2438/4895/1390 2437/4896/1390
f 2437/4896/1391 2438/4895/1391 2440/4897/1391 2439/4898/1391
f 2439/4898/1392 2440/4897/1392 2442/4899/1392 2441/4900/1392
f 2441/4901/1393 2442/4899/1393 2444/4902/1393 2443/4903/1393
f 2443/4904/1394 2444/4902/1394 2446/4905/1394 2445/4906/1394
f 2445/4906/1395 2446/4905/1395 2448/4907/1395 2447/4908/1395
f 2447/4908/1396 2448/4907/1396 2450/4909/1396 2449/4910/1396
f 2449/4910/1397 2450/4909/1397 2452/4911/1397 2451/4912/1397
f 2451/4912/1398 2452/4911/1398 2454/4913/1398 2453/4914/1398
f 2453/4914/1399 2454/4913/1399 2456/4915/1399 2455/4916/1399
f 2455/4916/1400 2456/4915/1400 2458/4917/1400 2457/4918/1400
f 2457/4918/1401 2458/4917/1401 2460/4919/1401 2459/4920/1401
f 2459/4920/1402 2460/4919/1402 2462/4921/1402 2461/4922/1402
f 2461/4922/1403 2462/4921/1403 2464/4923/1403 2463/4924/1403
f 2463/4924/1404 2464/4923/1404 2466/4925/1404 2465/4926/1404
f 2465/4926/1405 2466/4925/1405 2468/4927/1405 2467/4928/1405
f 2467/4928/1406 2468/4927/1406 2470/4929/1406 2469/4930/1406
f 2469/4930/1407 2470/4929/1407 2472/4931/1407 2471/4932/1407
f 2471/4932/1408 2472/4931/1408 2474/4933/1408 2473/4934/1408
f 2473/4935/1409 2474/4933/1409 2476/4936/1409 2475/4937/1409
f 2475/4938/1410 2476/4936/1410 2478/4939/1410 2477/4940/1410
f 2477/4940/1411 2478/4939/1411 2480/4941/1411 2479/4942/1411
f 2479/4942/1412 2480/4941/1412 2482/4943/1412 2481/4944/1412
f 2481/4944/1413 2482/4943/1413 2484/4945/1413 2483/4946/1413
f 2483/4947/1414 2484/4945/1414 2486/4948/1414 2485/4949/1414
f 2485/4949/1415 2486/4948/1415 2488/4950/1415 2487/4951/1415
f 2487/4951/1416 2488/4950/1416 2490/4952/1416 2489/4953/1416
f 2489/4953/1417 2490/4952/1417 2492/4954/1417 2491/4955/1417
f 2491/4956/1418 2492/4954/1418 2494/4957/1418 2493/4958/1418
f 2493/4959/1419 2494/4957/1419 2496/4960/1419 2495/4961/1419
f 2495/4961/1420 2496/4960/1420 2498/4962/1420 2497/4963/1420
f 2497/4963/1421 2498/4962/1421 2500/4964/1421 2499/4965/1421
f 2499/4965/1422 2500/4964/1422 2502/4966/1422 2501/4967/1422
f 2501/4967/1423 2502/4966/1423 2504/4968/1423 2503/4969/1423
f 2503/4969/1424 2504/4968/1424 2506/4970/1424 2505/4971/1424
f 2505/4971/1425 2506/4970/1425 2508/4972/1425 2507/4973/1425
f 2507/4973/1426 2508/4972/1426 2510/4974/1426 2509/4975/1426
f 2509/4975/1427 2510/4974/1427 2512/4976/1427 2511/4977/1427
f 2511/4977/1428 2512/4976/1428 2514/4978/1428 2513/4979/1428
f 2513/4980/1429 2514/4978/1429 2516/4981/1429 2515/4982/1429
f 2515/4982/1430 2516/4981/1430 2518/4983/1430 2517/4984/1430
f 2517/4984/1431 2518/4983/1431 2520/4985/1431 2519/4986/1431
f 2519/4986/1432 2520/4985/1432 2522/4987/1432 2521/4988/1432
f 2521/4988/1433 2522/4987/1433 2524/4989/1433 2523/4990/1433
f 2523/4991/1434 2524/4989/1434 2526/4992/1434 2525/4993/1434
f 2525/4994/1435 2526/4992/1435 2528/4995/1435 2527/4996/1435
f 2527/4996/1436 2528/4995/1436 2530/4997/1436 2529/4998/1436
f 2529/4998/1437 2530/4997/1437 2532/4999/1437 2531/5000/1437
f 2531/5001/1438 2532/4999/1438 2534/5002/1438 2533/5003/1438
f 2533/5004/1439 2534/5002/1439 2536/5005/1439 2535/5006/1439
f 2535/5006/1440 2536/5005/1440 2538/5007/1440 2537/5008/1440
f 2537/5008/1441 2538/5007/1441 2540/5009/1441 2539/5010/1441
f 2539/5010/1442 2540/5009/1442 2542/5011/1442 2541/5012/1442
f 2541/5013/1443 2542/5011/1443 2544/5014/1443 2543/5015/1443
f 2543/5016/1444 2544/5014/1444 2546/5017/1444 2545/5018/1444
f 2545/5019/1445 2546/5017/1445 2548/5020/1445 2547/5021/1445
f 2547/5021/1446 2548/5020/1446 2550/5022/1446 2549/5023/1446
f 2549/5023/1447 2550/5022/1447 2552/5024/1447 2551/5025/1447
f 2551/5025/1448 2552/5024/1448 2554/5026/1448 2553/5027/1448
f 2553/5027/1449 2554/5026/1449 2556/5028/1449 2555/5029/1449
f 2555/5029/1450 2556/5028/1450 2558/5030/1450 2557/5031/1450
f 2557/5031/1451 2558/5030/1451 2560/5032/1451 2559/5033/1451
f 2559/5033/1452 2560/5032/1452 2562/5034/1452 2561/5035/1452
f 2561/5035/1453 2562/5034/1453 2564/5036/1453 2563/5037/1453
f 2563/5037/1454 2564/5036/1454 2566/5038/1454 2565/5039/1454
f 2565/5039/1455 2566/5038/1455 2568/5040/1455 2567/5041/1455
f 2567/5041/1456 2568/5040/1456 2570/5042/1456 2569/5043/1456
f 2569/5043/1457 2570/5042/1457 2572/5044/1457 2571/5045/1457
f 2571/5045/1458 2572/5044/1458 2574/5046/1458 2573/5047/1458
f 2573/5048/1459 2574/5046/1459 2576/5049/1459 2575/5050/1459
f 2575/5051/1460 2576/5049/1460 2578/5052/1460 2577/5053/1460
f 2577/5053/1461 2578/5052/1461 2580/5054/1461 2579/5055/1461
f 2579/5055/1462 2580/5054/1462 2582/5056/1462 2581/5057/1462
f 2581/5057/1463 2582/5056/1463 2584/5058/1463 2583/5059/1463
f 2583/5060/1464 2584/5058/1464 2586/5061/1464 2585/5062/1464
f 2585/5062/1465 2586/5061/1465 2588/5063/1465 2587/5064/1465
f 2587/5064/1466 2588/5063/1466 2590/5065/1466 2589/5066/1466
f 2589/5066/1467 2590/5065/1467 2592/5067/1467 2591/5068/1467
f 2591/5069/1468 2592/5067/1468 2594/5070/1468 2593/5071/1468
f 2593/5072/1469 2594/5070/1469 2596/5073/1469 2595/5074/1469
f 2595/5074/1470 2596/5073/1470 2598/5075/1470 2597/5076/1470
f 2597/5076/1471 2598/5075/1471 2600/5077/1471 2599/5078/1471
f 2599/5078/1472 2600/5077/1472 2602/5079/1472 2601/5080/1472
f 2601/5080/1473 2602/5079/1473 2604/5081/1473 2603/5082/1473
f 2410/5083/1474 2408/5084/1474 2606/5085/1474 2604/5086/1474 2602/5087/1474 2600/5088/1474 2598/5089/1474 2596/5090/1474 2594/5091/1474 2592/5092/1474 2590/5093/1474 2588/5094/1474 2586/5095/1474 2584/5096/1474 2582/5097/1474 2580/5098/1474 2578/5099/1474 2576/5100/1474 2574/5101/1474 2572/5102/1474 2570/5103/1474 2568/5104/1474 2566/5105/1474 2564/5106/1474 2562/5107/1474 2560/5108/1474 2558/5109/1474 2556/5110/1474 2554/5111/1474 2552/5112/1474 2550/5113/1474 2548/5114/1474 2546/5115/1474 2544/5116/1474 2542/5117/1474 2540/5118/1474 2538/5119/1474 2536/5120/1474 2534/5121/1474 2532/5122/1474 2530/5123/1474 2528/5124/1474 2526/5125/1474 2524/5126/1474 2522/5127/1474 2520/5128/1474 2518/5129/1474 2516/5130/1474 2514/5131/1474 2512/5132/1474 2510/5133/1474 2508/5134/1474 2506/5135/1474 2504/5136/1474 2502/5137/1474 2500/5138/1474 2498/5139/1474 2496/5140/1474 2494/5141/1474 2492/5142/1474 2490/5143/1474 2488/5144/1474 2486/5145/1474 2484/5146/1474 2482/5147/1474 2480/5148/1474 2478/5149/1474 2476/5150/1474 2474/5151/1474 2472/5152/1474 2470/5153/1474 2468/5154/1474 2466/5155/1474 2464/5156/1474 2462/5157/1474 2460/5158/1474 2458/5159/1474 2456/5160/1474 2454/5161/1474 2452/5162/1474 2450/5163/1474 2448/5164/1474 2446/5165/1474 2444/5166/1474 2442/5167/1474 2440/5168/1474 2438/5169/1474 2436/5170/1474 2434/5171/1474 2432/5172/1474 2430/5173/1474 2428/5174/1474 2426/5175/1474 2424/5176/1474 2422/5177/1474 2420/5178/1474 2418/5179/1474 2416/5180/1474 2414/5181/1474 2412/5182/1474
f 2603/5082/1475 2604/5081/1475 2606/5183/1475 2605/5184/1475
f 2605/5184/1476 2606/5183/1476 2408/5185/1476 2407/5186/1476
f 2407/5187/1477 2409/5188/1477 2411/5189/1477 2413/5190/1477 2415/5191/1477 2417/5192/1477 2419/5193/1477 2421/5194/1477 2423/5195/1477 2425/5196/1477 2427/5197/1477 2429/5198/1477 2431/5199/1477 2433/5200/1477 2435/5201/1477 2437/5202/1477 2439/5203/1477 2441/5204/1477 2443/5205/1477 2445/5206/1477 2447/5207/1477 2449/5208/1477 2451/5209/1477 2453/5210/1477 2455/5211/1477 2457/5212/1477 2459/5213/1477 2461/5214/1477 2463/5215/1477 2465/5216/1477 2467/5217/1477 2469/5218/1477 2471/5219/1477 2473/5220/1477 2475/5221/1477 2477/5222/1477 2479/5223/1477 2481/5224/1477 2483/5225/1477 2485/5226/1477 2487/5227/1477 2489/5228/1477 2491/5229/1477 2493/5230/1477 2495/5231/1477 2497/5232/1477 2499/5233/1477 2501/5234/1477 2503/5235/1477 2505/5236/1477 2507/5237/1477 2509/5238/1477 2511/5239/1477 2513/5240/1477 2515/5241/1477 2517/5242/1477 2519/5243/1477 2521/5244/1477 2523/5245/1477 2525/5246/1477 2527/5247/1477 2529/5248/1477 2531/5249/1477 2533/5250/1477 2535/5251/1477 2537/5252/1477 2539/5253/1477 2541/5254/1477 2543/5255/1477 2545/5256/1477 2547/5257/1477 2549/5258/1477 2551/5259/1477 2553/5260/1477 2555/5261/1477 2557/5262/1477 2559/5263/1477 2561/5264/1477 2563/5265/1477 2565/5266/1477 2567/5267/1477 2569/5268/1477 2571/5269/1477 2573/5270/1477 2575/5271/1477 2577/5272/1477 2579/5273/1477 2581/5274/1477 2583/5275/1477 2585/5276/1477 2587/5277/1477 2589/5278/1477 2591/5279/1477 2593/5280/1477 2595/5281/1477 2597/5282/1477 2599/5283/1477 2601/5284/1477 2603/5285/1477 2605/5286/1477
o Cylinder.013
v -10.573342 0.004993 -1.109266
v -10.573342 3.669993 -1.109266
v -10.557016 0.004993 -1.108753
v -10.557016 3.669993 -1.108753
v -10.540755 0.004993 -1.107216
v -10.540755 3.669993 -1.107216
v -10.524623 0.004993 -1.104661
v -10.524623 3.669993 -1.104661
v -10.508683 0.004993 -1.101098
v -10.508683 3.669993 -1.101098
v -10.492998 0.004993 -1.096541
v -10.492998 3.669993 -1.096541
v -10.477630 0.004993 -1.091008
v -10.477630 3.669993 -1.091008
v -10.462640 0.004993 -1.084521
v -10.462640 3.669993 -1.084521
v -10.448087 0.004993 -1.077106
v -10.448087 3.669993 -1.077106
v -10.434028 0.004993 -1.068791
v -10.434028 3.669993 -1.068791
v -10.420518 0.004993 -1.059610
v -10.420518 3.669993 -1.059610
v -10.407612 0.004993 -1.049600
v -10.407612 3.669993 -1.049600
v -10.395360 0.004993 -1.038798
v -10.395360 3.669993 -1.038798
v -10.383810 0.004993 -1.027248
v -10.383810 3.669993 -1.027248
v -10.373009 0.004993 -1.014996
v -10.373009 3.669993 -1.014996
v -10.362998 0.004993 -1.002090
v -10.362998 3.669993 -1.002090
v -10.353817 0.004993 -0.988581
v -10.353817 3.669993 -0.988581
v -10.345503 0.004993 -0.974522
v -10.345503 3.669993 -0.974522
v -10.338087 0.004993 -0.959969
v -10.338087 3.669993 -0.959969
v -10.331600 0.004993 -0.944978
v -10.331600 3.669993 -0.944978
v -10.326068 0.004993 -0.929610
v -10.326068 3.669993 -0.929610
v -10.321510 0.004993 -0.913925
v -10.321510 3.669993 -0.913925
v -10.317947 0.004993 -0.897985
v -10.317947 3.669993 -0.897985
v -10.315392 0.004993 -0.881853
v -10.315392 3.669993 -0.881853
v -10.313855 0.004993 -0.865592
v -10.313855 3.669993 -0.865592
v -10.313342 0.004993 -0.849266
v -10.313342 3.669993 -0.849266
v -10.313855 0.004993 -0.832941
v -10.313855 3.669993 -0.832941
v -10.315392 0.004993 -0.816679
v -10.315392 3.669993 -0.816679
v -10.317947 0.004993 -0.800547
v -10.317947 3.669993 -0.800547
v -10.321510 0.004993 -0.784607
v -10.321510 3.669993 -0.784607
v -10.326068 0.004993 -0.768922
v -10.326068 3.669993 -0.768922
v -10.331600 0.004993 -0.753554
v -10.331600 3.669993 -0.753554
v -10.338087 0.004993 -0.738563
v -10.338087 3.669993 -0.738563
v -10.345503 0.004993 -0.724010
v -10.345503 3.669993 -0.724010
v -10.353817 0.004993 -0.709951
v -10.353817 3.669993 -0.709951
v -10.362998 0.004993 -0.696442
v -10.362998 3.669993 -0.696442
v -10.373009 0.004993 -0.683536
v -10.373009 3.669993 -0.683536
v -10.383810 0.004993 -0.671284
v -10.383810 3.669993 -0.671284
v -10.395360 0.004993 -0.659734
v -10.395360 3.669993 -0.659734
v -10.407612 0.004993 -0.648933
v -10.407612 3.669993 -0.648933
v -10.420518 0.004993 -0.638922
v -10.420518 3.669993 -0.638922
v -10.434028 0.004993 -0.629741
v -10.434028 3.669993 -0.629741
v -10.448087 0.004993 -0.621426
v -10.448087 3.669993 -0.621426
v -10.462640 0.004993 -0.614011
v -10.462640 3.669993 -0.614011
v -10.477630 0.004993 -0.607524
v -10.477630 3.669993 -0.607524
v -10.492998 0.004993 -0.601991
v -10.492998 3.669993 -0.601991
v -10.508683 0.004993 -0.597434
v -10.508683 3.669993 -0.597434
v -10.524623 0.004993 -0.593871
v -10.524623 3.669993 -0.593871
v -10.540755 0.004993 -0.591316
v -10.540755 3.669993 -0.591316
v -10.557016 0.004993 -0.589779
v -10.557016 3.669993 -0.589779
v -10.573342 0.004993 -0.589266
v -10.573342 3.669993 -0.589266
v -10.589668 0.004993 -0.589779
v -10.589668 3.669993 -0.589779
v -10.605929 0.004993 -0.591316
v -10.605929 3.669993 -0.591316
v -10.622062 0.004993 -0.593871
v -10.622062 3.669993 -0.593871
v -10.638001 0.004993 -0.597434
v -10.638001 3.669993 -0.597434
v -10.653687 0.004993 -0.601991
v -10.653687 3.669993 -0.601991
v -10.669055 0.004993 -0.607524
v -10.669055 3.669993 -0.607524
v -10.684045 0.004993 -0.614011
v -10.684045 3.669993 -0.614011
v -10.698598 0.004993 -0.621426
v -10.698598 3.669993 -0.621426
v -10.712657 0.004993 -0.629741
v -10.712657 3.669993 -0.629741
v -10.726167 0.004993 -0.638922
v -10.726167 3.669993 -0.638922
v -10.739073 0.004993 -0.648933
v -10.739073 3.669993 -0.648933
v -10.751325 0.004993 -0.659734
v -10.751325 3.669993 -0.659734
v -10.762875 0.004993 -0.671284
v -10.762875 3.669993 -0.671284
v -10.773676 0.004993 -0.683536
v -10.773676 3.669993 -0.683536
v -10.783687 0.004993 -0.696442
v -10.783687 3.669993 -0.696442
v -10.792868 0.004993 -0.709951
v -10.792868 3.669993 -0.709951
v -10.801182 0.004993 -0.724010
v -10.801182 3.669993 -0.724010
v -10.808598 0.004993 -0.738563
v -10.808598 3.669993 -0.738563
v -10.815084 0.004993 -0.753554
v -10.815084 3.669993 -0.753554
v -10.820617 0.004993 -0.768922
v -10.820617 3.669993 -0.768922
v -10.825174 0.004993 -0.784607
v -10.825174 3.669993 -0.784607
v -10.828737 0.004993 -0.800547
v -10.828737 3.669993 -0.800547
v -10.831292 0.004993 -0.816679
v -10.831292 3.669993 -0.816679
v -10.832829 0.004993 -0.832941
v -10.832829 3.669993 -0.832941
v -10.833343 0.004993 -0.849266
v -10.833343 3.669993 -0.849266
v -10.832829 0.004993 -0.865592
v -10.832829 3.669993 -0.865592
v -10.831292 0.004993 -0.881853
v -10.831292 3.669993 -0.881853
v -10.828737 0.004993 -0.897985
v -10.828737 3.669993 -0.897985
v -10.825174 0.004993 -0.913925
v -10.825174 3.669993 -0.913925
v -10.820617 0.004993 -0.929610
v -10.820617 3.669993 -0.929610
v -10.815084 0.004993 -0.944978
v -10.815084 3.669993 -0.944978
v -10.808598 0.004993 -0.959969
v -10.808598 3.669993 -0.959969
v -10.801182 0.004993 -0.974522
v -10.801182 3.669993 -0.974522
v -10.792868 0.004993 -0.988581
v -10.792868 3.669993 -0.988581
v -10.783687 0.004993 -1.002090
v -10.783687 3.669993 -1.002090
v -10.773676 0.004993 -1.014996
v -10.773676 3.669993 -1.014996
v -10.762875 0.004993 -1.027248
v -10.762875 3.669993 -1.027248
v -10.751325 0.004993 -1.038798
v -10.751325 3.669993 -1.038798
v -10.739073 0.004993 -1.049600
v -10.739073 3.669993 -1.049600
v -10.726167 0.004993 -1.059610
v -10.726167 3.669993 -1.059610
v -10.712657 0.004993 -1.068791
v -10.712657 3.669993 -1.068791
v -10.698598 0.004993 -1.077106
v -10.698598 3.669993 -1.077106
v -10.684045 0.004993 -1.084521
v -10.684045 3.669993 -1.084521
v -10.669055 0.004993 -1.091008
v -10.669055 3.669993 -1.091008
v -10.653687 0.004993 -1.096541
v -10.653687 3.669993 -1.096541
v -10.638001 0.004993 -1.101098
v -10.638001 3.669993 -1.101098
v -10.622062 0.004993 -1.104661
v -10.622062 3.669993 -1.104661
v -10.605929 0.004993 -1.107216
v -10.605929 3.669993 -1.107216
v -10.589668 0.004993 -1.108753
v -10.589668 3.669993 -1.108753
vn 0.0314 -0.0000 -0.9995
vn 0.0941 -0.0000 -0.9956
vn 0.1564 -0.0000 -0.9877
vn 0.2181 -0.0000 -0.9759
vn 0.2790 -0.0000 -0.9603
vn 0.3387 -0.0000 -0.9409
vn 0.3971 -0.0000 -0.9178
vn 0.4540 -0.0000 -0.8910
vn 0.5090 -0.0000 -0.8607
vn 0.5621 -0.0000 -0.8271
vn 0.6129 -0.0000 -0.7902
vn 0.6613 -0.0000 -0.7501
vn 0.7071 -0.0000 -0.7071
vn 0.7501 -0.0000 -0.6613
vn 0.7902 -0.0000 -0.6129
vn 0.8271 -0.0000 -0.5621
vn 0.8607 -0.0000 -0.5090
vn 0.8910 -0.0000 -0.4540
vn 0.9178 -0.0000 -0.3971
vn 0.9409 -0.0000 -0.3387
vn 0.9603 -0.0000 -0.2790
vn 0.9759 -0.0000 -0.2181
vn 0.9877 -0.0000 -0.1564
vn 0.9956 -0.0000 -0.0941
vn 0.9995 -0.0000 -0.0314
vn 0.9995 -0.0000 0.0314
vn 0.9956 -0.0000 0.0941
vn 0.9877 -0.0000 0.1564
vn 0.9759 -0.0000 0.2181
vn 0.9603 -0.0000 0.2790
vn 0.9409 -0.0000 0.3387
vn 0.9178 -0.0000 0.3971
vn 0.8910 -0.0000 0.4540
vn 0.8607 -0.0000 0.5090
vn 0.8271 -0.0000 0.5621
vn 0.7902 -0.0000 0.6129
vn 0.7501 -0.0000 0.6613
vn 0.7071 -0.0000 0.7071
vn 0.6613 -0.0000 0.7501
vn 0.6129 -0.0000 0.7902
vn 0.5621 -0.0000 0.8271
vn 0.5090 -0.0000 0.8607
vn 0.4540 -0.0000 0.8910
vn 0.3971 -0.0000 0.9178
vn 0.3387 -0.0000 0.9409
vn 0.2790 -0.0000 0.9603
vn 0.2181 -0.0000 0.9759
vn 0.1564 -0.0000 0.9877
vn 0.0941 -0.0000 0.9956
vn 0.0314 -0.0000 0.9995
vn -0.0314 -0.0000 0.9995
vn -0.0941 -0.0000 0.9956
vn -0.1564 -0.0000 0.9877
vn -0.2181 -0.0000 0.9759
vn -0.2790 -0.0000 0.9603
vn -0.3387 -0.0000 0.9409
vn -0.3971 -0.0000 0.9178
vn -0.4540 -0.0000 0.8910
vn -0.5090 -0.0000 0.8607
vn -0.5621 -0.0000 0.8271
vn -0.6129 -0.0000 0.7902
vn -0.6613 -0.0000 0.7501
vn -0.7071 -0.0000 0.7071
vn -0.7501 -0.0000 0.6613
vn -0.7902 -0.0000 0.6129
vn -0.8271 -0.0000 0.5621
vn -0.8607 -0.0000 0.5090
vn -0.8910 -0.0000 0.4540
vn -0.9178 -0.0000 0.3971
vn -0.9409 -0.0000 0.3387
vn -0.9603 -0.0000 0.2790
vn -0.9759 -0.0000 0.2181
vn -0.9877 -0.0000 0.1564
vn -0.9956 -0.0000 0.0941
vn -0.9995 -0.0000 0.0314
vn -0.9995 -0.0000 -0.0314
vn -0.9956 -0.0000 -0.0941
vn -0.9877 -0.0000 -0.1564
vn -0.9759 -0.0000 -0.2181
vn -0.9603 -0.0000 -0.2790
vn -0.9409 -0.0000 -0.3387
vn -0.9178 -0.0000 -0.3971
vn -0.8910 -0.0000 -0.4540
vn -0.8607 -0.0000 -0.5090
vn -0.8271 -0.0000 -0.5621
vn -0.7902 -0.0000 -0.6129
vn -0.7501 -0.0000 -0.6613
vn -0.7071 -0.0000 -0.7071
vn -0.6613 -0.0000 -0.7501
vn -0.6129 -0.0000 -0.7902
vn -0.5621 -0.0000 -0.8271
vn -0.5090 -0.0000 -0.8607
vn -0.4540 -0.0000 -0.8910
vn -0.3971 -0.0000 -0.9178
vn -0.3387 -0.0000 -0.9409
vn -0.2790 -0.0000 -0.9603
vn -0.2181 -0.0000 -0.9759
vn -0.1564 -0.0000 -0.9877
vn -0.0000 1.0000 -0.0000
vn -0.0941 -0.0000 -0.9956
vn -0.0314 -0.0000 -0.9995
vn -0.0000 -1.0000 -0.0000
vt 1.000000 0.477920
vt 1.000000 1.000000
vt 0.990000 1.000000
vt 0.990000 0.477920
vt 0.980000 1.000000
vt 0.980000 0.477920
vt 0.970000 1.000000
vt 0.970000 0.477920
vt 0.960000 1.000000
vt 0.960000 0.477920
vt 0.950000 1.000000
vt 0.950000 0.477920
vt 0.940000 1.000000
vt 0.940000 0.477920
vt 0.930000 1.000000
vt 0.930000 0.477920
vt 0.920000 1.000000
vt 0.920000 0.477920
vt 0.920000 0.477920
vt 0.910000 1.000000
vt 0.910000 0.477920
vt 0.910000 0.477920
vt 0.900000 1.000000
vt 0.900000 0.477920
vt 0.890000 1.000000
vt 0.890000 0.477920
vt 0.880000 1.000000
vt 0.880000 0.477920
vt 0.870000 1.000000
vt 0.870000 0.477920
vt 0.870000 0.477920
vt 0.860000 1.000000
vt 0.860000 0.477920
vt 0.850000 1.000000
vt 0.850000 0.477920
vt 0.840000 1.000000
vt 0.840000 0.477920
vt 0.830000 1.000000
vt 0.830000 0.477920
vt 0.830000 0.477920
vt 0.820000 1.000000
vt 0.820000 0.477920
vt 0.820000 0.477920
vt 0.810000 1.000000
vt 0.810000 0.477920
vt 0.800000 1.000000
vt 0.800000 0.477920
vt 0.790000 1.000000
vt 0.790000 0.477920
vt 0.780000 1.000000
vt 0.780000 0.477920
vt 0.770000 1.000000
vt 0.770000 0.477920
vt 0.760000 1.000000
vt 0.760000 0.477920
vt 0.750000 1.000000
vt 0.750000 0.477920
vt 0.740000 1.000000
vt 0.740000 0.477920
vt 0.730000 1.000000
vt 0.730000 0.477920
vt 0.720000 1.000000
vt 0.720000 0.477920
vt 0.710000 1.000000
vt 0.710000 0.477920
vt 0.700000 1.000000
vt 0.700000 0.477920
vt 0.690000 1.000000
vt 0.690000 0.477920
vt 0.680000 1.000000
vt 0.680000 0.477920
vt 0.670000 1.000000
vt 0.670000 0.477920
vt 0.670000 0.477920
vt 0.660000 1.000000
vt 0.660000 0.477920
vt 0.660000 0.477920
vt 0.650000 1.000000
vt 0.650000 0.477920
vt 0.640000 1.000000
vt 0.640000 0.477920
vt 0.630000 1.000000
vt 0.630000 0.477920
vt 0.620000 1.000000
vt 0.620000 0.477920
vt 0.620000 0.477920
vt 0.610000 1.000000
vt 0.610000 0.477920
vt 0.600000 1.000000
vt 0.600000 0.477920
vt 0.590000 1.000000
vt 0.590000 0.477920
vt 0.580000 1.000000
vt 0.580000 0.477920
vt 0.580000 0.477920
vt 0.570000 1.000000
vt 0.570000 0.477920
vt 0.570000 0.477920
vt 0.560000 1.000000
vt 0.560000 0.477920
vt 0.550000 1.000000
vt 0.550000 0.477920
vt 0.540000 1.000000
vt 0.540000 0.477920
vt 0.530000 1.000000
vt 0.530000 0.477920
vt 0.520000 1.000000
vt 0.520000 0.477920
vt 0.510000 1.000000
vt 0.510000 0.477920
vt 0.500000 1.000000
vt 0.500000 0.477920
vt 0.490000 1.000000
vt 0.490000 0.477920
vt 0.480000 1.000000
vt 0.480000 0.477920
vt 0.470001 1.000000
vt 0.470000 0.477920
vt 0.470001 0.477920
vt 0.460001 1.000000
vt 0.460001 0.477920
vt 0.450001 1.000000
vt 0.450001 0.477920
vt 0.440001 1.000000
vt 0.440001 0.477920
vt 0.430001 1.000000
vt 0.430001 0.477920
vt 0.420001 1.000000
vt 0.420001 0.477920
vt 0.420001 0.477920
vt 0.410001 1.000000
vt 0.410001 0.477920
vt 0.410001 0.477920
vt 0.400001 1.000000
vt 0.400001 0.477920
vt 0.390001 1.000000
vt 0.390001 0.477920
vt 0.380001 1.000000
vt 0.380001 0.477920
vt 0.380001 0.477920
vt 0.370001 1.000000
vt 0.370001 0.477920
vt 0.370001 0.477920
vt 0.360001 1.000000
vt 0.360001 0.477920
vt 0.350001 1.000000
vt 0.350001 0.477920
vt 0.340001 1.000000
vt 0.340001 0.477920
vt 0.330001 1.000000
vt 0.330001 0.477920
vt 0.330001 0.477920
vt 0.320001 1.000000
vt 0.320001 0.477920
vt 0.320001 0.477920
vt 0.310001 1.000000
vt 0.310001 0.477920
vt 0.310001 0.477920
vt 0.300001 1.000000
vt 0.300001 0.477920
vt 0.290001 1.000000
vt 0.290001 0.477920
vt 0.280001 1.000000
vt 0.280001 0.477920
vt 0.270001 1.000000
vt 0.270001 0.477920
vt 0.260001 1.000000
vt 0.260001 0.477920
vt 0.250001 1.000000
vt 0.250001 0.477920
vt 0.240001 1.000000
vt 0.240001 0.477920
vt 0.230001 1.000000
vt 0.230001 0.477920
vt 0.220001 1.000000
vt 0.220001 0.477920
vt 0.210001 1.000000
vt 0.210001 0.477920
vt 0.200001 1.000000
vt 0.200001 0.477920
vt 0.190001 1.000000
vt 0.190001 0.477920
vt 0.180001 1.000000
vt 0.180001 0.477920
vt 0.170001 1.000000
vt 0.170001 0.477920
vt 0.170001 0.477920
vt 0.160001 1.000000
vt 0.160001 0.477920
vt 0.160001 0.477920
vt 0.150001 1.000000
vt 0.150001 0.477920
vt 0.140001 1.000000
vt 0.140001 0.477920
vt 0.130001 1.000000
vt 0.130001 0.477920
vt 0.120001 1.000000
vt 0.120001 0.477920
vt 0.120001 0.477920
vt 0.110001 1.000000
vt 0.110001 0.477920
vt 0.100001 1.000000
vt 0.100001 0.477920
vt 0.090001 1.000000
vt 0.090001 0.477920
vt 0.080001 1.000000
vt 0.080001 0.477920
vt 0.080001 0.477920
vt 0.070001 1.000000
vt 0.070001 0.477920
vt 0.070001 0.477920
vt 0.060001 1.000000
vt 0.060001 0.477920
vt 0.050001 1.000000
vt 0.050001 0.477920
vt 0.040001 1.000000
vt 0.040001 0.477920
vt 0.030001 1.000000
vt 0.030001 0.477920
vt 0.020001 1.000000
vt 0.020001 0.477920
vt 0.265070 0.489526
vt 0.250000 0.490000
vt 0.234930 0.489526
vt 0.219920 0.488108
vt 0.205028 0.485749
vt 0.190314 0.482460
vt 0.175836 0.478254
vt 0.161650 0.473146
vt 0.147813 0.467158
vt 0.134379 0.460314
vt 0.121402 0.452639
vt 0.108932 0.444164
vt 0.097018 0.434923
vt 0.085709 0.424952
vt 0.075048 0.414291
vt 0.065077 0.402982
vt 0.055836 0.391068
vt 0.047361 0.378598
vt 0.039686 0.365621
vt 0.032842 0.352187
vt 0.026854 0.338350
vt 0.021746 0.324164
vt 0.017540 0.309686
vt 0.014251 0.294972
vt 0.011892 0.280080
vt 0.010474 0.265070
vt 0.010000 0.250000
vt 0.010474 0.234930
vt 0.011892 0.219920
vt 0.014251 0.205028
vt 0.017540 0.190314
vt 0.021746 0.175836
vt 0.026854 0.161650
vt 0.032842 0.147813
vt 0.039686 0.134379
vt 0.047361 0.121402
vt 0.055836 0.108932
vt 0.065077 0.097018
vt 0.075048 0.085709
vt 0.085709 0.075048
vt 0.097018 0.065077
vt 0.108932 0.055836
vt 0.121402 0.047361
vt 0.134379 0.039686
vt 0.147813 0.032842
vt 0.161650 0.026854
vt 0.175836 0.021746
vt 0.190314 0.017540
vt 0.205028 0.014251
vt 0.219920 0.011892
vt 0.234930 0.010474
vt 0.250000 0.010000
vt 0.265070 0.010474
vt 0.280080 0.011892
vt 0.294972 0.014251
vt 0.309686 0.017540
vt 0.324164 0.021746
vt 0.338350 0.026854
vt 0.352187 0.032842
vt 0.365621 0.039686
vt 0.378598 0.047361
vt 0.391068 0.055836
vt 0.402982 0.065077
vt 0.414291 0.075048
vt 0.424952 0.085709
vt 0.434923 0.097018
vt 0.444164 0.108932
vt 0.452639 0.121402
vt 0.460314 0.134379
vt 0.467158 0.147813
vt 0.473146 0.161650
vt 0.478254 0.175836
vt 0.482460 0.190314
vt 0.485749 0.205028
vt 0.488108 0.219920
vt 0.489526 0.234930
vt 0.490000 0.250000
vt 0.489526 0.265070
vt 0.488108 0.280080
vt 0.485749 0.294972
vt 0.482460 0.309686
vt 0.478254 0.324164
vt 0.473146 0.338350
vt 0.467158 0.352187
vt 0.460314 0.365621
vt 0.452639 0.378598
vt 0.444164 0.391068
vt 0.434923 0.402982
vt 0.424952 0.414291
vt 0.414291 0.424952
vt 0.402982 0.434923
vt 0.391068 0.444164
vt 0.378598 0.452639
vt 0.365621 0.460314
vt 0.352187 0.467158
vt 0.338350 0.473146
vt 0.324164 0.478254
vt 0.309686 0.482460
vt 0.294972 0.485749
vt 0.280080 0.488108
vt 0.010001 1.000000
vt 0.010001 0.477920
vt 0.000001 1.000000
vt 0.000001 0.477920
vt 0.750000 0.490000
vt 0.765070 0.489526
vt 0.780080 0.488108
vt 0.794972 0.485749
vt 0.809686 0.482460
vt 0.824164 0.478254
vt 0.838350 0.473146
vt 0.852187 0.467158
vt 0.865621 0.460314
vt 0.878598 0.452639
vt 0.891068 0.444164
vt 0.902982 0.434923
vt 0.914291 0.424952
vt 0.924952 0.414291
vt 0.934923 0.402982
vt 0.944164 0.391068
vt 0.952639 0.378598
vt 0.960314 0.365621
vt 0.967158 0.352187
vt 0.973146 0.338350
vt 0.978254 0.324164
vt 0.982460 0.309686
vt 0.985749 0.294972
vt 0.988108 0.280080
vt 0.989526 0.265070
vt 0.990000 0.250000
vt 0.989526 0.234930
vt 0.988108 0.219920
vt 0.985749 0.205028
vt 0.982460 0.190314
vt 0.978254 0.175836
vt 0.973146 0.161650
vt 0.967158 0.147813
vt 0.960314 0.134379
vt 0.952639 0.121402
vt 0.944164 0.108932
vt 0.934923 0.097018
vt 0.924952 0.085709
vt 0.914291 0.075048
vt 0.902982 0.065077
vt 0.891068 0.055836
vt 0.878598 0.047361
vt 0.865621 0.039686
vt 0.852187 0.032842
vt 0.838350 0.026854
vt 0.824164 0.021746
vt 0.809686 0.017540
vt 0.794972 0.014251
vt 0.780080 0.011892
vt 0.765070 0.010474
vt 0.750000 0.010000
vt 0.734930 0.010474
vt 0.719920 0.011892
vt 0.705028 0.014251
vt 0.690314 0.017540
vt 0.675836 0.021746
vt 0.661650 0.026854
vt 0.647813 0.032842
vt 0.634379 0.039686
vt 0.621402 0.047361
vt 0.608932 0.055836
vt 0.597018 0.065077
vt 0.585709 0.075048
vt 0.575048 0.085709
vt 0.565077 0.097018
vt 0.555836 0.108932
vt 0.547361 0.121402
vt 0.539686 0.134379
vt 0.532842 0.147813
vt 0.526854 0.161650
vt 0.521746 0.175836
vt 0.517540 0.190314
vt 0.514251 0.205028
vt 0.511892 0.219920
vt 0.510474 0.234930
vt 0.510000 0.250000
vt 0.510474 0.265070
vt 0.511892 0.280080
vt 0.514251 0.294972
vt 0.517540 0.309686
vt 0.521746 0.324164
vt 0.526854 0.338350
vt 0.532842 0.352187
vt 0.539686 0.365621
vt 0.547361 0.378598
vt 0.555836 0.391068
vt 0.565077 0.402982
vt 0.575048 0.414291
vt 0.585709 0.424952
vt 0.597018 0.434923
vt 0.608932 0.444164
vt 0.621402 0.452639
vt 0.634379 0.460314
vt 0.647813 0.467158
vt 0.661650 0.473146
vt 0.675836 0.478254
vt 0.690314 0.482460
vt 0.705028 0.485749
vt 0.719920 0.488108
vt 0.734930 0.489526
s 0
usemtl Material.002
f 2607/5287/1478 2608/5288/1478 2610/5289/1478 2609/5290/1478
f 2609/5290/1479 2610/5289/1479 2612/5291/1479 2611/5292/1479
f 2611/5292/1480 2612/5291/1480 2614/5293/1480 2613/5294/1480
f 2613/5294/1481 2614/5293/1481 2616/5295/1481 2615/5296/1481
f 2615/5296/1482 2616/5295/1482 2618/5297/1482 2617/5298/1482
f 2617/5298/1483 2618/5297/1483 2620/5299/1483 2619/5300/1483
f 2619/5300/1484 2620/5299/1484 2622/5301/1484 2621/5302/1484
f 2621/5302/1485 2622/5301/1485 2624/5303/1485 2623/5304/1485
f 2623/5305/1486 2624/5303/1486 2626/5306/1486 2625/5307/1486
f 2625/5308/1487 2626/5306/1487 2628/5309/1487 2627/5310/1487
f 2627/5310/1488 2628/5309/1488 2630/5311/1488 2629/5312/1488
f 2629/5312/1489 2630/5311/1489 2632/5313/1489 2631/5314/1489
f 2631/5314/1490 2632/5313/1490 2634/5315/1490 2633/5316/1490
f 2633/5317/1491 2634/5315/1491 2636/5318/1491 2635/5319/1491
f 2635/5319/1492 2636/5318/1492 2638/5320/1492 2637/5321/1492
f 2637/5321/1493 2638/5320/1493 2640/5322/1493 2639/5323/1493
f 2639/5323/1494 2640/5322/1494 2642/5324/1494 2641/5325/1494
f 2641/5326/1495 2642/5324/1495 2644/5327/1495 2643/5328/1495
f 2643/5329/1496 2644/5327/1496 2646/5330/1496 2645/5331/1496
f 2645/5331/1497 2646/5330/1497 2648/5332/1497 2647/5333/1497
f 2647/5333/1498 2648/5332/1498 2650/5334/1498 2649/5335/1498
f 2649/5335/1499 2650/5334/1499 2652/5336/1499 2651/5337/1499
f 2651/5337/1500 2652/5336/1500 2654/5338/1500 2653/5339/1500
f 2653/5339/1501 2654/5338/1501 2656/5340/1501 2655/5341/1501
f 2655/5341/1502 2656/5340/1502 2658/5342/1502 2657/5343/1502
f 2657/5343/1503 2658/5342/1503 2660/5344/1503 2659/5345/1503
f 2659/5345/1504 2660/5344/1504 2662/5346/1504 2661/5347/1504
f 2661/5347/1505 2662/5346/1505 2664/5348/1505 2663/5349/1505
f 2663/5349/1506 2664/5348/1506 2666/5350/1506 2665/5351/1506
f 2665/5351/1507 2666/5350/1507 2668/5352/1507 2667/5353/1507
f 2667/5353/1508 2668/5352/1508 2670/5354/1508 2669/5355/1508
f 2669/5355/1509 2670/5354/1509 2672/5356/1509 2671/5357/1509
f 2671/5357/1510 2672/5356/1510 2674/5358/1510 2673/5359/1510
f 2673/5360/1511 2674/5358/1511 2676/5361/1511 2675/5362/1511
f 2675/5363/1512 2676/5361/1512 2678/5364/1512 2677/5365/1512
f 2677/5365/1513 2678/5364/1513 2680/5366/1513 2679/5367/1513
f 2679/5367/1514 2680/5366/1514 2682/5368/1514 2681/5369/1514
f 2681/5369/1515 2682/5368/1515 2684/5370/1515 2683/5371/1515
f 2683/5372/1516 2684/5370/1516 2686/5373/1516 2685/5374/1516
f 2685/5374/1517 2686/5373/1517 2688/5375/1517 2687/5376/1517
f 2687/5376/1518 2688/5375/1518 2690/5377/1518 2689/5378/1518
f 2689/5378/1519 2690/5377/1519 2692/5379/1519 2691/5380/1519
f 2691/5381/1520 2692/5379/1520 2694/5382/1520 2693/5383/1520
f 2693/5384/1521 2694/5382/1521 2696/5385/1521 2695/5386/1521
f 2695/5386/1522 2696/5385/1522 2698/5387/1522 2697/5388/1522
f 2697/5388/1523 2698/5387/1523 2700/5389/1523 2699/5390/1523
f 2699/5390/1524 2700/5389/1524 2702/5391/1524 2701/5392/1524
f 2701/5392/1525 2702/5391/1525 2704/5393/1525 2703/5394/1525
f 2703/5394/1526 2704/5393/1526 2706/5395/1526 2705/5396/1526
f 2705/5396/1527 2706/5395/1527 2708/5397/1527 2707/5398/1527
f 2707/5398/1528 2708/5397/1528 2710/5399/1528 2709/5400/1528
f 2709/5400/1529 2710/5399/1529 2712/5401/1529 2711/5402/1529
f 2711/5402/1530 2712/5401/1530 2714/5403/1530 2713/5404/1530
f 2713/5405/1531 2714/5403/1531 2716/5406/1531 2715/5407/1531
f 2715/5407/1532 2716/5406/1532 2718/5408/1532 2717/5409/1532
f 2717/5409/1533 2718/5408/1533 2720/5410/1533 2719/5411/1533
f 2719/5411/1534 2720/5410/1534 2722/5412/1534 2721/5413/1534
f 2721/5413/1535 2722/5412/1535 2724/5414/1535 2723/5415/1535
f 2723/5416/1536 2724/5414/1536 2726/5417/1536 2725/5418/1536
f 2725/5419/1537 2726/5417/1537 2728/5420/1537 2727/5421/1537
f 2727/5421/1538 2728/5420/1538 2730/5422/1538 2729/5423/1538
f 2729/5423/1539 2730/5422/1539 2732/5424/1539 2731/5425/1539
f 2731/5426/1540 2732/5424/1540 2734/5427/1540 2733/5428/1540
f 2733/5429/1541 2734/5427/1541 2736/5430/1541 2735/5431/1541
f 2735/5431/1542 2736/5430/1542 2738/5432/1542 2737/5433/1542
f 2737/5433/1543 2738/5432/1543 2740/5434/1543 2739/5435/1543
f 2739/5435/1544 2740/5434/1544 2742/5436/1544 2741/5437/1544
f 2741/5438/1545 2742/5436/1545 2744/5439/1545 2743/5440/1545
f 2743/5441/1546 2744/5439/1546 2746/5442/1546 2745/5443/1546
f 2745/5444/1547 2746/5442/1547 2748/5445/1547 2747/5446/1547
f 2747/5446/1548 2748/5445/1548 2750/5447/1548 2749/5448/1548
f 2749/5448/1549 2750/5447/1549 2752/5449/1549 2751/5450/1549
f 2751/5450/1550 2752/5449/1550 2754/5451/1550 2753/5452/1550
f 2753/5452/1551 2754/5451/1551 2756/5453/1551 2755/5454/1551
f 2755/5454/1552 2756/5453/1552 2758/5455/1552 2757/5456/1552
f 2757/5456/1553 2758/5455/1553 2760/5457/1553 2759/5458/1553
f 2759/5458/1554 2760/5457/1554 2762/5459/1554 2761/5460/1554
f 2761/5460/1555 2762/5459/1555 2764/5461/1555 2763/5462/1555
f 2763/5462/1556 2764/5461/1556 2766/5463/1556 2765/5464/1556
f 2765/5464/1557 2766/5463/1557 2768/5465/1557 2767/5466/1557
f 2767/5466/1558 2768/5465/1558 2770/5467/1558 2769/5468/1558
f 2769/5468/1559 2770/5467/1559 2772/5469/1559 2771/5470/1559
f 2771/5470/1560 2772/5469/1560 2774/5471/1560 2773/5472/1560
f 2773/5473/1561 2774/5471/1561 2776/5474/1561 2775/5475/1561
f 2775/5476/1562 2776/5474/1562 2778/5477/1562 2777/5478/1562
f 2777/5478/1563 2778/5477/1563 2780/5479/1563 2779/5480/1563
f 2779/5480/1564 2780/5479/1564 2782/5481/1564 2781/5482/1564
f 2781/5482/1565 2782/5481/1565 2784/5483/1565 2783/5484/1565
f 2783/5485/1566 2784/5483/1566 2786/5486/1566 2785/5487/1566
f 2785/5487/1567 2786/5486/1567 2788/5488/1567 2787/5489/1567
f 2787/5489/1568 2788/5488/1568 2790/5490/1568 2789/5491/1568
f 2789/5491/1569 2790/5490/1569 2792/5492/1569 2791/5493/1569
f 2791/5494/1570 2792/5492/1570 2794/5495/1570 2793/5496/1570
f 2793/5497/1571 2794/5495/1571 2796/5498/1571 2795/5499/1571
f 2795/5499/1572 2796/5498/1572 2798/5500/1572 2797/5501/1572
f 2797/5501/1573 2798/5500/1573 2800/5502/1573 2799/5503/1573
f 2799/5503/1574 2800/5502/1574 2802/5504/1574 2801/5505/1574
f 2801/5505/1575 2802/5504/1575 2804/5506/1575 2803/5507/1575
f 2610/5508/1576 2608/5509/1576 2806/5510/1576 2804/5511/1576 2802/5512/1576 2800/5513/1576 2798/5514/1576 2796/5515/1576 2794/5516/1576 2792/5517/1576 2790/5518/1576 2788/5519/1576 2786/5520/1576 2784/5521/1576 2782/5522/1576 2780/5523/1576 2778/5524/1576 2776/5525/1576 2774/5526/1576 2772/5527/1576 2770/5528/1576 2768/5529/1576 2766/5530/1576 2764/5531/1576 2762/5532/1576 2760/5533/1576 2758/5534/1576 2756/5535/1576 2754/5536/1576 2752/5537/1576 2750/5538/1576 2748/5539/1576 2746/5540/1576 2744/5541/1576 2742/5542/1576 2740/5543/1576 2738/5544/1576 2736/5545/1576 2734/5546/1576 2732/5547/1576 2730/5548/1576 2728/5549/1576 2726/5550/1576 2724/5551/1576 2722/5552/1576 2720/5553/1576 2718/5554/1576 2716/5555/1576 2714/5556/1576 2712/5557/1576 2710/5558/1576 2708/5559/1576 2706/5560/1576 2704/5561/1576 2702/5562/1576 2700/5563/1576 2698/5564/1576 2696/5565/1576 2694/5566/1576 2692/5567/1576 2690/5568/1576 2688/5569/1576 2686/5570/1576 2684/5571/1576 2682/5572/1576 2680/5573/1576 2678/5574/1576 2676/5575/1576 2674/5576/1576 2672/5577/1576 2670/5578/1576 2668/5579/1576 2666/5580/1576 2664/5581/1576 2662/5582/1576 2660/5583/1576 2658/5584/1576 2656/5585/1576 2654/5586/1576 2652/5587/1576 2650/5588/1576 2648/5589/1576 2646/5590/1576 2644/5591/1576 2642/5592/1576 2640/5593/1576 2638/5594/1576 2636/5595/1576 2634/5596/1576 2632/5597/1576 2630/5598/1576 2628/5599/1576 2626/5600/1576 2624/5601/1576 2622/5602/1576 2620/5603/1576 2618/5604/1576 2616/5605/1576 2614/5606/1576 2612/5607/1576
f 2803/5507/1577 2804/5506/1577 2806/5608/1577 2805/5609/1577
f 2805/5609/1578 2806/5608/1578 2608/5610/1578 2607/5611/1578
f 2607/5612/1579 2609/5613/1579 2611/5614/1579 2613/5615/1579 2615/5616/1579 2617/5617/1579 2619/5618/1579 2621/5619/1579 2623/5620/1579 2625/5621/1579 2627/5622/1579 2629/5623/1579 2631/5624/1579 2633/5625/1579 2635/5626/1579 2637/5627/1579 2639/5628/1579 2641/5629/1579 2643/5630/1579 2645/5631/1579 2647/5632/1579 2649/5633/1579 2651/5634/1579 2653/5635/1579 2655/5636/1579 2657/5637/1579 2659/5638/1579 2661/5639/1579 2663/5640/1579 2665/5641/1579 2667/5642/1579 2669/5643/1579 2671/5644/1579 2673/5645/1579 2675/5646/1579 2677/5647/1579 2679/5648/1579 2681/5649/1579 2683/5650/1579 2685/5651/1579 2687/5652/1579 2689/5653/1579 2691/5654/1579 2693/5655/1579 2695/5656/1579 2697/5657/1579 2699/5658/1579 2701/5659/1579 2703/5660/1579 2705/5661/1579 2707/5662/1579 2709/5663/1579 2711/5664/1579 2713/5665/1579 2715/5666/1579 2717/5667/1579 2719/5668/1579 2721/5669/1579 2723/5670/1579 2725/5671/1579 2727/5672/1579 2729/5673/1579 2731/5674/1579 2733/5675/1579 2735/5676/1579 2737/5677/1579 2739/5678/1579 2741/5679/1579 2743/5680/1579 2745/5681/1579 2747/5682/1579 2749/5683/1579 2751/5684/1579 2753/5685/1579 2755/5686/1579 2757/5687/1579 2759/5688/1579 2761/5689/1579 2763/5690/1579 2765/5691/1579 2767/5692/1579 2769/5693/1579 2771/5694/1579 2773/5695/1579 2775/5696/1579 2777/5697/1579 2779/5698/1579 2781/5699/1579 2783/5700/1579 2785/5701/1579 2787/5702/1579 2789/5703/1579 2791/5704/1579 2793/5705/1579 2795/5706/1579 2797/5707/1579 2799/5708/1579 2801/5709/1579 2803/5710/1579 2805/5711/1579
o Cylinder.011
v 3.321658 0.159993 11.035733
v 3.321658 3.669993 11.035733
v 3.351483 0.159993 11.036226
v 3.368013 3.669993 11.036226
v 3.381191 0.159993 11.037704
v 3.414185 3.669993 11.037704
v 3.410664 0.159993 11.040161
v 3.459992 3.669993 11.040161
v 3.439785 0.159993 11.043588
v 3.505253 3.669993 11.043588
v 3.468441 0.159993 11.047969
v 3.549789 3.669993 11.047969
v 3.496517 0.159993 11.053289
v 3.593426 3.669993 11.053289
v 3.523903 0.159993 11.059526
v 3.635989 3.669993 11.059526
v 3.550491 0.159993 11.066656
v 3.677312 3.669993 11.066656
v 3.576175 0.159993 11.074652
v 3.717232 3.669993 11.074652
v 3.600856 0.159993 11.083479
v 3.755590 3.669993 11.083479
v 3.624434 0.159993 11.093105
v 3.792236 3.669993 11.093105
v 3.646817 0.159993 11.103491
v 3.827024 3.669993 11.103491
v 3.667918 0.159993 11.114596
v 3.859819 3.669993 11.114596
v 3.687651 0.159993 11.126377
v 3.890489 3.669993 11.126377
v 3.705941 0.159993 11.138787
v 3.918915 3.669993 11.138787
v 3.722713 0.159993 11.151776
v 3.944983 3.669993 11.151776
v 3.737903 0.159993 11.165295
v 3.968591 3.669993 11.165295
v 3.751451 0.159993 11.179289
v 3.989646 3.669993 11.179289
v 3.763301 0.159993 11.193702
v 4.008065 3.669993 11.193702
v 3.773409 0.159993 11.208479
v 4.023775 3.669993 11.208479
v 3.781735 0.159993 11.223560
v 4.036714 3.669993 11.223560
v 3.788244 0.159993 11.238888
v 4.046831 3.669993 11.238888
v 3.792912 0.159993 11.254400
v 4.054086 3.669993 11.254400
v 3.795720 0.159993 11.270036
v 4.058451 3.669993 11.270036
v 3.796658 0.159993 11.285733
v 4.059908 3.669993 11.285733
v 3.795720 0.159993 11.301431
v 4.058451 3.669993 11.301431
v 3.792912 0.159993 11.317066
v 4.054086 3.669993 11.317066
v 3.788244 0.159993 11.332579
v 4.046831 3.669993 11.332579
v 3.781735 0.159993 11.347906
v 4.036714 3.669993 11.347906
v 3.773409 0.159993 11.362988
v 4.023775 3.669993 11.362988
v 3.763301 0.159993 11.377765
v 4.008065 3.669993 11.377765
v 3.751451 0.159993 11.392178
v 3.989646 3.669993 11.392178
v 3.737903 0.159993 11.406172
v 3.968591 3.669993 11.406172
v 3.722713 0.159993 11.419690
v 3.944983 3.669993 11.419690
v 3.705941 0.159993 11.432679
v 3.918915 3.669993 11.432679
v 3.687651 0.159993 11.445089
v 3.890489 3.669993 11.445089
v 3.667918 0.159993 11.456870
v 3.859819 3.669993 11.456870
v 3.646817 0.159993 11.467976
v 3.827024 3.669993 11.467976
v 3.624434 0.159993 11.478361
v 3.792236 3.669993 11.478361
v 3.600856 0.159993 11.487988
v 3.755590 3.669993 11.487988
v 3.576175 0.159993 11.496815
v 3.717232 3.669993 11.496815
v 3.550491 0.159993 11.504810
v 3.677312 3.669993 11.504810
v 3.523903 0.159993 11.511940
v 3.635989 3.669993 11.511940
v 3.496517 0.159993 11.518177
v 3.593426 3.669993 11.518177
v 3.468441 0.159993 11.523498
v 3.549789 3.669993 11.523498
v 3.439785 0.159993 11.527879
v 3.505253 3.669993 11.527879
v 3.410664 0.159993 11.531305
v 3.459992 3.669993 11.531305
v 3.381191 0.159993 11.533762
v 3.414185 3.669993 11.533762
v 3.351483 0.159993 11.535240
v 3.368013 3.669993 11.535240
v 3.321658 0.159993 11.535733
v 3.321658 3.669993 11.535733
v 3.291832 0.159993 11.535240
v 3.275303 3.669993 11.535240
v 3.262124 0.159993 11.533762
v 3.229131 3.669993 11.533762
v 3.232651 0.159993 11.531305
v 3.183323 3.669993 11.531305
v 3.203530 0.159993 11.527879
v 3.138062 3.669993 11.527879
v 3.174875 0.159993 11.523498
v 3.093526 3.669993 11.523498
v 3.146798 0.159993 11.518177
v 3.049890 3.669993 11.518177
v 3.119412 0.159993 11.511940
v 3.007326 3.669993 11.511940
v 3.092825 0.159993 11.504810
v 2.966003 3.669993 11.504810
v 3.067140 0.159993 11.496815
v 2.926084 3.669993 11.496815
v 3.042460 0.159993 11.487988
v 2.887725 3.669993 11.487988
v 3.018881 0.159993 11.478361
v 2.851079 3.669993 11.478361
v 2.996498 0.159993 11.467976
v 2.816291 3.669993 11.467976
v 2.975398 0.159993 11.456870
v 2.783497 3.669993 11.456870
v 2.955664 0.159993 11.445089
v 2.752826 3.669993 11.445089
v 2.937375 0.159993 11.432679
v 2.724401 3.669993 11.432679
v 2.920602 0.159993 11.419690
v 2.698333 3.669993 11.419690
v 2.905412 0.159993 11.406172
v 2.674724 3.669993 11.406172
v 2.891865 0.159993 11.392178
v 2.653669 3.669993 11.392178
v 2.880014 0.159993 11.377765
v 2.635250 3.669993 11.377765
v 2.869906 0.159993 11.362988
v 2.619540 3.669993 11.362988
v 2.861581 0.159993 11.347906
v 2.606601 3.669993 11.347906
v 2.855071 0.159993 11.332579
v 2.596484 3.669993 11.332579
v 2.850403 0.159993 11.317066
v 2.589229 3.669993 11.317066
v 2.847595 0.159993 11.301431
v 2.584864 3.669993 11.301431
v 2.846658 0.159993 11.285733
v 2.583408 3.669993 11.285733
v 2.847595 0.159993 11.270036
v 2.584864 3.669993 11.270036
v 2.850403 0.159993 11.254400
v 2.589229 3.669993 11.254400
v 2.855071 0.159993 11.238888
v 2.596484 3.669993 11.238888
v 2.861581 0.159993 11.223560
v 2.606601 3.669993 11.223560
v 2.869906 0.159993 11.208479
v 2.619540 3.669993 11.208479
v 2.880014 0.159993 11.193702
v 2.635250 3.669993 11.193702
v 2.891865 0.159993 11.179289
v 2.653669 3.669993 11.179289
v 2.905412 0.159993 11.165295
v 2.674724 3.669993 11.165295
v 2.920602 0.159993 11.151776
v 2.698333 3.669993 11.151776
v 2.937375 0.159993 11.138787
v 2.724401 3.669993 11.138787
v 2.955664 0.159993 11.126377
v 2.752826 3.669993 11.126377
v 2.975398 0.159993 11.114596
v 2.783497 3.669993 11.114596
v 2.996498 0.159993 11.103491
v 2.816291 3.669993 11.103491
v 3.018881 0.159993 11.093105
v 2.851079 3.669993 11.093105
v 3.042460 0.159993 11.083479
v 2.887725 3.669993 11.083479
v 3.067140 0.159993 11.074652
v 2.926084 3.669993 11.074652
v 3.092825 0.159993 11.066656
v 2.966003 3.669993 11.066656
v 3.119412 0.159993 11.059526
v 3.007326 3.669993 11.059526
v 3.146798 0.159993 11.053289
v 3.049890 3.669993 11.053289
v 3.174875 0.159993 11.047969
v 3.093526 3.669993 11.047969
v 3.203530 0.159993 11.043588
v 3.138062 3.669993 11.043588
v 3.232651 0.159993 11.040161
v 3.183323 3.669993 11.040161
v 3.262124 0.159993 11.037704
v 3.229131 3.669993 11.037704
v 3.291832 0.159993 11.036226
v 3.275303 3.669993 11.036226
vn 0.0130 -0.0000 -0.9999
vn 0.0389 -0.0003 -0.9992
vn 0.0651 -0.0008 -0.9979
vn 0.0917 -0.0015 -0.9958
vn 0.1189 -0.0025 -0.9929
vn 0.1468 -0.0037 -0.9892
vn 0.1756 -0.0052 -0.9845
vn 0.2055 -0.0070 -0.9786
vn 0.2368 -0.0090 -0.9715
vn 0.2697 -0.0114 -0.9629
vn 0.3045 -0.0140 -0.9524
vn 0.3414 -0.0169 -0.9398
vn 0.3809 -0.0202 -0.9244
vn 0.4234 -0.0238 -0.9057
vn 0.4690 -0.0278 -0.8828
vn 0.5183 -0.0321 -0.8546
vn 0.5713 -0.0369 -0.8199
vn 0.6283 -0.0420 -0.7768
vn 0.6889 -0.0474 -0.7233
vn 0.7520 -0.0530 -0.6570
vn 0.8159 -0.0587 -0.5752
vn 0.8772 -0.0642 -0.4758
vn 0.9312 -0.0689 -0.3579
vn 0.9721 -0.0725 -0.2230
vn 0.9943 -0.0745 -0.0758
vn 0.9943 -0.0745 0.0758
vn 0.9721 -0.0725 0.2230
vn 0.9312 -0.0689 0.3579
vn 0.8772 -0.0642 0.4758
vn 0.8159 -0.0587 0.5752
vn 0.7520 -0.0530 0.6570
vn 0.6889 -0.0474 0.7233
vn 0.6283 -0.0420 0.7768
vn 0.5713 -0.0369 0.8199
vn 0.5183 -0.0321 0.8546
vn 0.4690 -0.0278 0.8828
vn 0.4234 -0.0238 0.9057
vn 0.3809 -0.0202 0.9244
vn 0.3414 -0.0169 0.9398
vn 0.3045 -0.0140 0.9524
vn 0.2697 -0.0114 0.9629
vn 0.2368 -0.0090 0.9715
vn 0.2055 -0.0070 0.9786
vn 0.1756 -0.0052 0.9845
vn 0.1468 -0.0037 0.9892
vn 0.1189 -0.0025 0.9929
vn 0.0917 -0.0015 0.9958
vn 0.0651 -0.0008 0.9979
vn 0.0389 -0.0003 0.9992
vn 0.0130 -0.0000 0.9999
vn -0.0130 -0.0000 0.9999
vn -0.0389 -0.0003 0.9992
vn -0.0651 -0.0008 0.9979
vn -0.0917 -0.0015 0.9958
vn -0.1189 -0.0025 0.9929
vn -0.1468 -0.0037 0.9892
vn -0.1756 -0.0052 0.9845
vn -0.2055 -0.0070 0.9786
vn -0.2368 -0.0090 0.9715
vn -0.2697 -0.0114 0.9629
vn -0.3045 -0.0140 0.9524
vn -0.3414 -0.0169 0.9398
vn -0.3809 -0.0202 0.9244
vn -0.4234 -0.0238 0.9057
vn -0.4690 -0.0278 0.8828
vn -0.5183 -0.0321 0.8546
vn -0.5713 -0.0369 0.8199
vn -0.6283 -0.0420 0.7768
vn -0.6889 -0.0474 0.7233
vn -0.7520 -0.0530 0.6570
vn -0.8159 -0.0587 0.5752
vn -0.8772 -0.0642 0.4758
vn -0.9312 -0.0689 0.3579
vn -0.9721 -0.0725 0.2230
vn -0.9943 -0.0745 0.0758
vn -0.9943 -0.0745 -0.0758
vn -0.9721 -0.0725 -0.2230
vn -0.9312 -0.0689 -0.3579
vn -0.8772 -0.0642 -0.4758
vn -0.8159 -0.0587 -0.5752
vn -0.7520 -0.0530 -0.6570
vn -0.6889 -0.0474 -0.7233
vn -0.6283 -0.0420 -0.7768
vn -0.5713 -0.0369 -0.8199
vn -0.5183 -0.0321 -0.8546
vn -0.4690 -0.0278 -0.8828
vn -0.4234 -0.0238 -0.9057
vn -0.3809 -0.0202 -0.9244
vn -0.3414 -0.0169 -0.9398
vn -0.3045 -0.0140 -0.9524
vn -0.2697 -0.0114 -0.9629
vn -0.2368 -0.0090 -0.9715
vn -0.2055 -0.0070 -0.9786
vn -0.1756 -0.0052 -0.9845
vn -0.1468 -0.0037 -0.9892
vn -0.1189 -0.0025 -0.9929
vn -0.0917 -0.0015 -0.9958
vn -0.0651 -0.0008 -0.9979
vn -0.0000 1.0000 -0.0000
vn -0.0389 -0.0003 -0.9992
vn -0.0130 -0.0000 -0.9999
vn -0.0000 -1.0000 -0.0000
vt 1.000000 0.500000
vt 1.000000 1.000000
vt 0.990000 1.000000
vt 0.990000 0.500000
vt 0.980000 1.000000
vt 0.980000 0.500000
vt 0.970000 1.000000
vt 0.970000 0.500000
vt 0.960000 1.000000
vt 0.960000 0.500000
vt 0.950000 1.000000
vt 0.950000 0.500000
vt 0.940000 1.000000
vt 0.940000 0.500000
vt 0.930000 1.000000
vt 0.930000 0.500000
vt 0.920000 1.000000
vt 0.920000 0.500000
vt 0.910000 1.000000
vt 0.910000 0.500000
vt 0.900000 1.000000
vt 0.900000 0.500000
vt 0.890000 1.000000
vt 0.890000 0.500000
vt 0.880000 1.000000
vt 0.880000 0.500000
vt 0.870000 1.000000
vt 0.870000 0.500000
vt 0.860000 1.000000
vt 0.860000 0.500000
vt 0.850000 1.000000
vt 0.850000 0.500000
vt 0.840000 1.000000
vt 0.840000 0.500000
vt 0.830000 1.000000
vt 0.830000 0.500000
vt 0.820000 1.000000
vt 0.820000 0.500000
vt 0.810000 1.000000
vt 0.810000 0.500000
vt 0.800000 1.000000
vt 0.800000 0.500000
vt 0.790000 1.000000
vt 0.790000 0.500000
vt 0.780000 1.000000
vt 0.780000 0.500000
vt 0.770000 1.000000
vt 0.770000 0.500000
vt 0.760000 1.000000
vt 0.760000 0.500000
vt 0.750000 1.000000
vt 0.750000 0.500000
vt 0.740000 1.000000
vt 0.740000 0.500000
vt 0.730000 1.000000
vt 0.730000 0.500000
vt 0.720000 1.000000
vt 0.720000 0.500000
vt 0.710000 1.000000
vt 0.710000 0.500000
vt 0.700000 1.000000
vt 0.700000 0.500000
vt 0.690000 1.000000
vt 0.690000 0.500000
vt 0.680000 1.000000
vt 0.680000 0.500000
vt 0.670000 1.000000
vt 0.670000 0.500000
vt 0.660000 1.000000
vt 0.660000 0.500000
vt 0.650000 1.000000
vt 0.650000 0.500000
vt 0.640000 1.000000
vt 0.640000 0.500000
vt 0.630000 1.000000
vt 0.630000 0.500000
vt 0.620000 1.000000
vt 0.620000 0.500000
vt 0.610000 1.000000
vt 0.610000 0.500000
vt 0.600000 1.000000
vt 0.600000 0.500000
vt 0.590000 1.000000
vt 0.590000 0.500000
vt 0.580000 1.000000
vt 0.580000 0.500000
vt 0.570000 1.000000
vt 0.570000 0.500000
vt 0.560000 1.000000
vt 0.560000 0.500000
vt 0.550000 1.000000
vt 0.550000 0.500000
vt 0.540000 1.000000
vt 0.540000 0.500000
vt 0.530000 1.000000
vt 0.530000 0.500000
vt 0.520000 1.000000
vt 0.520000 0.500000
vt 0.510000 1.000000
vt 0.510000 0.500000
vt 0.500000 1.000000
vt 0.500000 0.500000
vt 0.490000 1.000000
vt 0.490000 0.500000
vt 0.480000 1.000000
vt 0.480000 0.500000
vt 0.470001 1.000000
vt 0.470001 0.500000
vt 0.460001 1.000000
vt 0.460001 0.500000
vt 0.450001 1.000000
vt 0.450001 0.500000
vt 0.440001 1.000000
vt 0.440001 0.500000
vt 0.430001 1.000000
vt 0.430001 0.500000
vt 0.420001 1.000000
vt 0.420001 0.500000
vt 0.410001 1.000000
vt 0.410001 0.500000
vt 0.400001 1.000000
vt 0.400001 0.500000
vt 0.390001 1.000000
vt 0.390001 0.500000
vt 0.380001 1.000000
vt 0.380001 0.500000
vt 0.370001 1.000000
vt 0.370001 0.500000
vt 0.360001 1.000000
vt 0.360001 0.500000
vt 0.350001 1.000000
vt 0.350001 0.500000
vt 0.340001 1.000000
vt 0.340001 0.500000
vt 0.330001 1.000000
vt 0.330001 0.500000
vt 0.320001 1.000000
vt 0.320001 0.500000
vt 0.310001 1.000000
vt 0.310001 0.500000
vt 0.300001 1.000000
vt 0.300001 0.500000
vt 0.290001 1.000000
vt 0.290001 0.500000
vt 0.280001 1.000000
vt 0.280001 0.500000
vt 0.270001 1.000000
vt 0.270001 0.500000
vt 0.260001 1.000000
vt 0.260001 0.500000
vt 0.250001 1.000000
vt 0.250001 0.500000
vt 0.240001 1.000000
vt 0.240001 0.500000
vt 0.230001 1.000000
vt 0.230001 0.500000
vt 0.220001 1.000000
vt 0.220001 0.500000
vt 0.210001 1.000000
vt 0.210001 0.500000
vt 0.200001 1.000000
vt 0.200001 0.500000
vt 0.190001 1.000000
vt 0.190001 0.500000
vt 0.180001 1.000000
vt 0.180001 0.500000
vt 0.170001 1.000000
vt 0.170001 0.500000
vt 0.160001 1.000000
vt 0.160001 0.500000
vt 0.150001 1.000000
vt 0.150001 0.500000
vt 0.140001 1.000000
vt 0.140001 0.500000
vt 0.130001 1.000000
vt 0.130001 0.500000
vt 0.120001 1.000000
vt 0.120001 0.500000
vt 0.110001 1.000000
vt 0.110001 0.500000
vt 0.100001 1.000000
vt 0.100001 0.500000
vt 0.090001 1.000000
vt 0.090001 0.500000
vt 0.080001 1.000000
vt 0.080001 0.500000
vt 0.070001 1.000000
vt 0.070001 0.500000
vt 0.060001 1.000000
vt 0.060001 0.500000
vt 0.050001 1.000000
vt 0.050001 0.500000
vt 0.040001 1.000000
vt 0.040001 0.500000
vt 0.030001 1.000000
vt 0.030001 0.500000
vt 0.020001 1.000000
vt 0.020001 0.500000
vt 0.265070 0.489526
vt 0.250000 0.490000
vt 0.234930 0.489526
vt 0.219920 0.488108
vt 0.205028 0.485749
vt 0.190314 0.482460
vt 0.175836 0.478254
vt 0.161650 0.473146
vt 0.147813 0.467158
vt 0.134379 0.460314
vt 0.121402 0.452639
vt 0.108932 0.444164
vt 0.097018 0.434923
vt 0.085709 0.424952
vt 0.075048 0.414291
vt 0.065077 0.402982
vt 0.055836 0.391068
vt 0.047361 0.378598
vt 0.039686 0.365621
vt 0.032842 0.352187
vt 0.026854 0.338350
vt 0.021746 0.324164
vt 0.017540 0.309686
vt 0.014251 0.294972
vt 0.011892 0.280080
vt 0.010474 0.265070
vt 0.010000 0.250000
vt 0.010474 0.234930
vt 0.011892 0.219920
vt 0.014251 0.205028
vt 0.017540 0.190314
vt 0.021746 0.175836
vt 0.026854 0.161650
vt 0.032842 0.147813
vt 0.039686 0.134379
vt 0.047361 0.121402
vt 0.055836 0.108932
vt 0.065077 0.097018
vt 0.075048 0.085709
vt 0.085709 0.075048
vt 0.097018 0.065077
vt 0.108932 0.055836
vt 0.121402 0.047361
vt 0.134379 0.039686
vt 0.147813 0.032842
vt 0.161650 0.026854
vt 0.175836 0.021746
vt 0.190314 0.017540
vt 0.205028 0.014251
vt 0.219920 0.011892
vt 0.234930 0.010474
vt 0.250000 0.010000
vt 0.265070 0.010474
vt 0.280080 0.011892
vt 0.294972 0.014251
vt 0.309686 0.017540
vt 0.324164 0.021746
vt 0.338350 0.026854
vt 0.352187 0.032842
vt 0.365621 0.039686
vt 0.378598 0.047361
vt 0.391068 0.055836
vt 0.402982 0.065077
vt 0.414291 0.075048
vt 0.424952 0.085709
vt 0.434923 0.097018
vt 0.444164 0.108932
vt 0.452639 0.121402
vt 0.460314 0.134379
vt 0.467158 0.147813
vt 0.473146 0.161650
vt 0.478254 0.175836
vt 0.482460 0.190314
vt 0.485749 0.205028
vt 0.488108 0.219920
vt 0.489526 0.234930
vt 0.490000 0.250000
vt 0.489526 0.265070
vt 0.488108 0.280080
vt 0.485749 0.294972
vt 0.482460 0.309686
vt 0.478254 0.324164
vt 0.473146 0.338350
vt 0.467158 0.352187
vt 0.460314 0.365621
vt 0.452639 0.378598
vt 0.444164 0.391068
vt 0.434923 0.402982
vt 0.424952 0.414291
vt 0.414291 0.424952
vt 0.402982 0.434923
vt 0.391068 0.444164
vt 0.378598 0.452639
vt 0.365621 0.460314
vt 0.352187 0.467158
vt 0.338350 0.473146
vt 0.324164 0.478254
vt 0.309686 0.482460
vt 0.294972 0.485749
vt 0.280080 0.488108
vt 0.010001 1.000000
vt 0.010001 0.500000
vt 0.000001 1.000000
vt 0.000001 0.500000
vt 0.750000 0.490000
vt 0.765070 0.489526
vt 0.780080 0.488108
vt 0.794972 0.485749
vt 0.809686 0.482460
vt 0.824164 0.478254
vt 0.838350 0.473146
vt 0.852187 0.467158
vt 0.865621 0.460314
vt 0.878598 0.452639
vt 0.891068 0.444164
vt 0.902982 0.434923
vt 0.914291 0.424952
vt 0.924952 0.414291
vt 0.934923 0.402982
vt 0.944164 0.391068
vt 0.952639 0.378598
vt 0.960314 0.365621
vt 0.967158 0.352187
vt 0.973146 0.338350
vt 0.978254 0.324164
vt 0.982460 0.309686
vt 0.985749 0.294972
vt 0.988108 0.280080
vt 0.989526 0.265070
vt 0.990000 0.250000
vt 0.989526 0.234930
vt 0.988108 0.219920
vt 0.985749 0.205028
vt 0.982460 0.190314
vt 0.978254 0.175836
vt 0.973146 0.161650
vt 0.967158 0.147813
vt 0.960314 0.134379
vt 0.952639 0.121402
vt 0.944164 0.108932
vt 0.934923 0.097018
vt 0.924952 0.085709
vt 0.914291 0.075048
vt 0.902982 0.065077
vt 0.891068 0.055836
vt 0.878598 0.047361
vt 0.865621 0.039686
vt 0.852187 0.032842
vt 0.838350 0.026854
vt 0.824164 0.021746
vt 0.809686 0.017540
vt 0.794972 0.014251
vt 0.780080 0.011892
vt 0.765070 0.010474
vt 0.750000 0.010000
vt 0.734930 0.010474
vt 0.719920 0.011892
vt 0.705028 0.014251
vt 0.690314 0.017540
vt 0.675836 0.021746
vt 0.661650 0.026854
vt 0.647813 0.032842
vt 0.634379 0.039686
vt 0.621402 0.047361
vt 0.608932 0.055836
vt 0.597018 0.065077
vt 0.585709 0.075048
vt 0.575048 0.085709
vt 0.565077 0.097018
vt 0.555836 0.108932
vt 0.547361 0.121402
vt 0.539686 0.134379
vt 0.532842 0.147813
vt 0.526854 0.161650
vt 0.521746 0.175836
vt 0.517540 0.190314
vt 0.514251 0.205028
vt 0.511892 0.219920
vt 0.510474 0.234930
vt 0.510000 0.250000
vt 0.510474 0.265070
vt 0.511892 0.280080
vt 0.514251 0.294972
vt 0.517540 0.309686
vt 0.521746 0.324164
vt 0.526854 0.338350
vt 0.532842 0.352187
vt 0.539686 0.365621
vt 0.547361 0.378598
vt 0.555836 0.391068
vt 0.565077 0.402982
vt 0.575048 0.414291
vt 0.585709 0.424952
vt 0.597018 0.434923
vt 0.608932 0.444164
vt 0.621402 0.452639
vt 0.634379 0.460314
vt 0.647813 0.467158
vt 0.661650 0.473146
vt 0.675836 0.478254
vt 0.690314 0.482460
vt 0.705028 0.485749
vt 0.719920 0.488108
vt 0.734930 0.489526
s 0
usemtl Material.003
f 2807/5712/1580 2808/5713/1580 2810/5714/1580 2809/5715/1580
f 2809/5715/1581 2810/5714/1581 2812/5716/1581 2811/5717/1581
f 2811/5717/1582 2812/5716/1582 2814/5718/1582 2813/5719/1582
f 2813/5719/1583 2814/5718/1583 2816/5720/1583 2815/5721/1583
f 2815/5721/1584 2816/5720/1584 2818/5722/1584 2817/5723/1584
f 2817/5723/1585 2818/5722/1585 2820/5724/1585 2819/5725/1585
f 2819/5725/1586 2820/5724/1586 2822/5726/1586 2821/5727/1586
f 2821/5727/1587 2822/5726/1587 2824/5728/1587 2823/5729/1587
f 2823/5729/1588 2824/5728/1588 2826/5730/1588 2825/5731/1588
f 2825/5731/1589 2826/5730/1589 2828/5732/1589 2827/5733/1589
f 2827/5733/1590 2828/5732/1590 2830/5734/1590 2829/5735/1590
f 2829/5735/1591 2830/5734/1591 2832/5736/1591 2831/5737/1591
f 2831/5737/1592 2832/5736/1592 2834/5738/1592 2833/5739/1592
f 2833/5739/1593 2834/5738/1593 2836/5740/1593 2835/5741/1593
f 2835/5741/1594 2836/5740/1594 2838/5742/1594 2837/5743/1594
f 2837/5743/1595 2838/5742/1595 2840/5744/1595 2839/5745/1595
f 2839/5745/1596 2840/5744/1596 2842/5746/1596 2841/5747/1596
f 2841/5747/1597 2842/5746/1597 2844/5748/1597 2843/5749/1597
f 2843/5749/1598 2844/5748/1598 2846/5750/1598 2845/5751/1598
f 2845/5751/1599 2846/5750/1599 2848/5752/1599 2847/5753/1599
f 2847/5753/1600 2848/5752/1600 2850/5754/1600 2849/5755/1600
f 2849/5755/1601 2850/5754/1601 2852/5756/1601 2851/5757/1601
f 2851/5757/1602 2852/5756/1602 2854/5758/1602 2853/5759/1602
f 2853/5759/1603 2854/5758/1603 2856/5760/1603 2855/5761/1603
f 2855/5761/1604 2856/5760/1604 2858/5762/1604 2857/5763/1604
f 2857/5763/1605 2858/5762/1605 2860/5764/1605 2859/5765/1605
f 2859/5765/1606 2860/5764/1606 2862/5766/1606 2861/5767/1606
f 2861/5767/1607 2862/5766/1607 2864/5768/1607 2863/5769/1607
f 2863/5769/1608 2864/5768/1608 2866/5770/1608 2865/5771/1608
f 2865/5771/1609 2866/5770/1609 2868/5772/1609 2867/5773/1609
f 2867/5773/1610 2868/5772/1610 2870/5774/1610 2869/5775/1610
f 2869/5775/1611 2870/5774/1611 2872/5776/1611 2871/5777/1611
f 2871/5777/1612 2872/5776/1612 2874/5778/1612 2873/5779/1612
f 2873/5779/1613 2874/5778/1613 2876/5780/1613 2875/5781/1613
f 2875/5781/1614 2876/5780/1614 2878/5782/1614 2877/5783/1614
f 2877/5783/1615 2878/5782/1615 2880/5784/1615 2879/5785/1615
f 2879/5785/1616 2880/5784/1616 2882/5786/1616 2881/5787/1616
f 2881/5787/1617 2882/5786/1617 2884/5788/1617 2883/5789/1617
f 2883/5789/1618 2884/5788/1618 2886/5790/1618 2885/5791/1618
f 2885/5791/1619 2886/5790/1619 2888/5792/1619 2887/5793/1619
f 2887/5793/1620 2888/5792/1620 2890/5794/1620 2889/5795/1620
f 2889/5795/1621 2890/5794/1621 2892/5796/1621 2891/5797/1621
f 2891/5797/1622 2892/5796/1622 2894/5798/1622 2893/5799/1622
f 2893/5799/1623 2894/5798/1623 2896/5800/1623 2895/5801/1623
f 2895/5801/1624 2896/5800/1624 2898/5802/1624 2897/5803/1624
f 2897/5803/1625 2898/5802/1625 2900/5804/1625 2899/5805/1625
f 2899/5805/1626 2900/5804/1626 2902/5806/1626 2901/5807/1626
f 2901/5807/1627 2902/5806/1627 2904/5808/1627 2903/5809/1627
f 2903/5809/1628 2904/5808/1628 2906/5810/1628 2905/5811/1628
f 2905/5811/1629 2906/5810/1629 2908/5812/1629 2907/5813/1629
f 2907/5813/1630 2908/5812/1630 2910/5814/1630 2909/5815/1630
f 2909/5815/1631 2910/5814/1631 2912/5816/1631 2911/5817/1631
f 2911/5817/1632 2912/5816/1632 2914/5818/1632 2913/5819/1632
f 2913/5819/1633 2914/5818/1633 2916/5820/1633 2915/5821/1633
f 2915/5821/1634 2916/5820/1634 2918/5822/1634 2917/5823/1634
f 2917/5823/1635 2918/5822/1635 2920/5824/1635 2919/5825/1635
f 2919/5825/1636 2920/5824/1636 2922/5826/1636 2921/5827/1636
f 2921/5827/1637 2922/5826/1637 2924/5828/1637 2923/5829/1637
f 2923/5829/1638 2924/5828/1638 2926/5830/1638 2925/5831/1638
f 2925/5831/1639 2926/5830/1639 2928/5832/1639 2927/5833/1639
f 2927/5833/1640 2928/5832/1640 2930/5834/1640 2929/5835/1640
f 2929/5835/1641 2930/5834/1641 2932/5836/1641 2931/5837/1641
f 2931/5837/1642 2932/5836/1642 2934/5838/1642 2933/5839/1642
f 2933/5839/1643 2934/5838/1643 2936/5840/1643 2935/5841/1643
f 2935/5841/1644 2936/5840/1644 2938/5842/1644 2937/5843/1644
f 2937/5843/1645 2938/5842/1645 2940/5844/1645 2939/5845/1645
f 2939/5845/1646 2940/5844/1646 2942/5846/1646 2941/5847/1646
f 2941/5847/1647 2942/5846/1647 2944/5848/1647 2943/5849/1647
f 2943/5849/1648 2944/5848/1648 2946/5850/1648 2945/5851/1648
f 2945/5851/1649 2946/5850/1649 2948/5852/1649 2947/5853/1649
f 2947/5853/1650 2948/5852/1650 2950/5854/1650 2949/5855/1650
f 2949/5855/1651 2950/5854/1651 2952/5856/1651 2951/5857/1651
f 2951/5857/1652 2952/5856/1652 2954/5858/1652 2953/5859/1652
f 2953/5859/1653 2954/5858/1653 2956/5860/1653 2955/5861/1653
f 2955/5861/1654 2956/5860/1654 2958/5862/1654 2957/5863/1654
f 2957/5863/1655 2958/5862/1655 2960/5864/1655 2959/5865/1655
f 2959/5865/1656 2960/5864/1656 2962/5866/1656 2961/5867/1656
f 2961/5867/1657 2962/5866/1657 2964/5868/1657 2963/5869/1657
f 2963/5869/1658 2964/5868/1658 2966/5870/1658 2965/5871/1658
f 2965/5871/1659 2966/5870/1659 2968/5872/1659 2967/5873/1659
f 2967/5873/1660 2968/5872/1660 2970/5874/1660 2969/5875/1660
f 2969/5875/1661 2970/5874/1661 2972/5876/1661 2971/5877/1661
f 2971/5877/1662 2972/5876/1662 2974/5878/1662 2973/5879/1662
f 2973/5879/1663 2974/5878/1663 2976/5880/1663 2975/5881/1663
f 2975/5881/1664 2976/5880/1664 2978/5882/1664 2977/5883/1664
f 2977/5883/1665 2978/5882/1665 2980/5884/1665 2979/5885/1665
f 2979/5885/1666 2980/5884/1666 2982/5886/1666 2981/5887/1666
f 2981/5887/1667 2982/5886/1667 2984/5888/1667 2983/5889/1667
f 2983/5889/1668 2984/5888/1668 2986/5890/1668 2985/5891/1668
f 2985/5891/1669 2986/5890/1669 2988/5892/1669 2987/5893/1669
f 2987/5893/1670 2988/5892/1670 2990/5894/1670 2989/5895/1670
f 2989/5895/1671 2990/5894/1671 2992/5896/1671 2991/5897/1671
f 2991/5897/1672 2992/5896/1672 2994/5898/1672 2993/5899/1672
f 2993/5899/1673 2994/5898/1673 2996/5900/1673 2995/5901/1673
f 2995/5901/1674 2996/5900/1674 2998/5902/1674 2997/5903/1674
f 2997/5903/1675 2998/5902/1675 3000/5904/1675 2999/5905/1675
f 2999/5905/1676 3000/5904/1676 3002/5906/1676 3001/5907/1676
f 3001/5907/1677 3002/5906/1677 3004/5908/1677 3003/5909/1677
f 2810/5910/1678 2808/5911/1678 3006/5912/1678 3004/5913/1678 3002/5914/1678 3000/5915/1678 2998/5916/1678 2996/5917/1678 2994/5918/1678 2992/5919/1678 2990/5920/1678 2988/5921/1678 2986/5922/1678 2984/5923/1678 2982/5924/1678 2980/5925/1678 2978/5926/1678 2976/5927/1678 2974/5928/1678 2972/5929/1678 2970/5930/1678 2968/5931/1678 2966/5932/1678 2964/5933/1678 2962/5934/1678 2960/5935/1678 2958/5936/1678 2956/5937/1678 2954/5938/1678 2952/5939/1678 2950/5940/1678 2948/5941/1678 2946/5942/1678 2944/5943/1678 2942/5944/1678 2940/5945/1678 2938/5946/1678 2936/5947/1678 2934/5948/1678 2932/5949/1678 2930/5950/1678 2928/5951/1678 2926/5952/1678 2924/5953/1678 2922/5954/1678 2920/5955/1678 2918/5956/1678 2916/5957/1678 2914/5958/1678 2912/5959/1678 2910/5960/1678 2908/5961/1678 2906/5962/1678 2904/5963/1678 2902/5964/1678 2900/5965/1678 2898/5966/1678 2896/5967/1678 2894/5968/1678 2892/5969/1678 2890/5970/1678 2888/5971/1678 2886/5972/1678 2884/5973/1678 2882/5974/1678 2880/5975/1678 2878/5976/1678 2876/5977/1678 2874/5978/1678 2872/5979/1678 2870/5980/1678 2868/5981/1678 2866/5982/1678 2864/5983/1678 2862/5984/1678 2860/5985/1678 2858/5986/1678 2856/5987/1678 2854/5988/1678 2852/5989/1678 2850/5990/1678 2848/5991/1678 2846/5992/1678 2844/5993/1678 2842/5994/1678 2840/5995/1678 2838/5996/1678 2836/5997/1678 2834/5998/1678 2832/5999/1678 2830/6000/1678 2828/6001/1678 2826/6002/1678 2824/6003/1678 2822/6004/1678 2820/6005/1678 2818/6006/1678 2816/6007/1678 2814/6008/1678 2812/6009/1678
f 3003/5909/1679 3004/5908/1679 3006/6010/1679 3005/6011/1679
f 3005/6011/1680 3006/6010/1680 2808/6012/1680 2807/6013/1680
f 2807/6014/1681 2809/6015/1681 2811/6016/1681 2813/6017/1681 2815/6018/1681 2817/6019/1681 2819/6020/1681 2821/6021/1681 2823/6022/1681 2825/6023/1681 2827/6024/1681 2829/6025/1681 2831/6026/1681 2833/6027/1681 2835/6028/1681 2837/6029/1681 2839/6030/1681 2841/6031/1681 2843/6032/1681 2845/6033/1681 2847/6034/1681 2849/6035/1681 2851/6036/1681 2853/6037/1681 2855/6038/1681 2857/6039/1681 2859/6040/1681 2861/6041/1681 2863/6042/1681 2865/6043/1681 2867/6044/1681 2869/6045/1681 2871/6046/1681 2873/6047/1681 2875/6048/1681 2877/6049/1681 2879/6050/1681 2881/6051/1681 2883/6052/1681 2885/6053/1681 2887/6054/1681 2889/6055/1681 2891/6056/1681 2893/6057/1681 2895/6058/1681 2897/6059/1681 2899/6060/1681 2901/6061/1681 2903/6062/1681 2905/6063/1681 2907/6064/1681 2909/6065/1681 2911/6066/1681 2913/6067/1681 2915/6068/1681 2917/6069/1681 2919/6070/1681 2921/6071/1681 2923/6072/1681 2925/6073/1681 2927/6074/1681 2929/6075/1681 2931/6076/1681 2933/6077/1681 2935/6078/1681 2937/6079/1681 2939/6080/1681 2941/6081/1681 2943/6082/1681 2945/6083/1681 2947/6084/1681 2949/6085/1681 2951/6086/1681 2953/6087/1681 2955/6088/1681 2957/6089/1681 2959/6090/1681 2961/6091/1681 2963/6092/1681 2965/6093/1681 2967/6094/1681 2969/6095/1681 2971/6096/1681 2973/6097/1681 2975/6098/1681 2977/6099/1681 2979/6100/1681 2981/6101/1681 2983/6102/1681 2985/6103/1681 2987/6104/1681 2989/6105/1681 2991/6106/1681 2993/6107/1681 2995/6108/1681 2997/6109/1681 2999/6110/1681 3001/6111/1681 3003/6112/1681 3005/6113/1681
o Cylinder.015
v -11.373343 0.004993 -1.109266
v -11.373343 3.669993 -1.109266
v -11.357017 0.004993 -1.108753
v -11.357017 3.669993 -1.108753
v -11.340755 0.004993 -1.107216
v -11.340755 3.669993 -1.107216
v -11.324623 0.004993 -1.104661
v -11.324623 3.669993 -1.104661
v -11.308683 0.004993 -1.101098
v -11.308683 3.669993 -1.101098
v -11.292998 0.004993 -1.096541
v -11.292998 3.669993 -1.096541
v -11.277630 0.004993 -1.091008
v -11.277630 3.669993 -1.091008
v -11.262640 0.004993 -1.084521
v -11.262640 3.669993 -1.084521
v -11.248087 0.004993 -1.077106
v -11.248087 3.669993 -1.077106
v -11.234028 0.004993 -1.068791
v -11.234028 3.669993 -1.068791
v -11.220518 0.004993 -1.059610
v -11.220518 3.669993 -1.059610
v -11.207612 0.004993 -1.049600
v -11.207612 3.669993 -1.049600
v -11.195360 0.004993 -1.038798
v -11.195360 3.669993 -1.038798
v -11.183810 0.004993 -1.027248
v -11.183810 3.669993 -1.027248
v -11.173009 0.004993 -1.014996
v -11.173009 3.669993 -1.014996
v -11.162998 0.004993 -1.002090
v -11.162998 3.669993 -1.002090
v -11.153817 0.004993 -0.988581
v -11.153817 3.669993 -0.988581
v -11.145503 0.004993 -0.974522
v -11.145503 3.669993 -0.974522
v -11.138087 0.004993 -0.959969
v -11.138087 3.669993 -0.959969
v -11.131600 0.004993 -0.944978
v -11.131600 3.669993 -0.944978
v -11.126068 0.004993 -0.929610
v -11.126068 3.669993 -0.929610
v -11.121511 0.004993 -0.913925
v -11.121511 3.669993 -0.913925
v -11.117948 0.004993 -0.897985
v -11.117948 3.669993 -0.897985
v -11.115393 0.004993 -0.881853
v -11.115393 3.669993 -0.881853
v -11.113855 0.004993 -0.865592
v -11.113855 3.669993 -0.865592
v -11.113342 0.004993 -0.849266
v -11.113342 3.669993 -0.849266
v -11.113855 0.004993 -0.832941
v -11.113855 3.669993 -0.832941
v -11.115393 0.004993 -0.816679
v -11.115393 3.669993 -0.816679
v -11.117948 0.004993 -0.800547
v -11.117948 3.669993 -0.800547
v -11.121511 0.004993 -0.784607
v -11.121511 3.669993 -0.784607
v -11.126068 0.004993 -0.768922
v -11.126068 3.669993 -0.768922
v -11.131600 0.004993 -0.753554
v -11.131600 3.669993 -0.753554
v -11.138087 0.004993 -0.738563
v -11.138087 3.669993 -0.738563
v -11.145503 0.004993 -0.724010
v -11.145503 3.669993 -0.724010
v -11.153817 0.004993 -0.709951
v -11.153817 3.669993 -0.709951
v -11.162998 0.004993 -0.696442
v -11.162998 3.669993 -0.696442
v -11.173009 0.004993 -0.683536
v -11.173009 3.669993 -0.683536
v -11.183810 0.004993 -0.671284
v -11.183810 3.669993 -0.671284
v -11.195360 0.004993 -0.659734
v -11.195360 3.669993 -0.659734
v -11.207612 0.004993 -0.648933
v -11.207612 3.669993 -0.648933
v -11.220518 0.004993 -0.638922
v -11.220518 3.669993 -0.638922
v -11.234028 0.004993 -0.629741
v -11.234028 3.669993 -0.629741
v -11.248087 0.004993 -0.621426
v -11.248087 3.669993 -0.621426
v -11.262640 0.004993 -0.614011
v -11.262640 3.669993 -0.614011
v -11.277630 0.004993 -0.607524
v -11.277630 3.669993 -0.607524
v -11.292998 0.004993 -0.601991
v -11.292998 3.669993 -0.601991
v -11.308683 0.004993 -0.597434
v -11.308683 3.669993 -0.597434
v -11.324623 0.004993 -0.593871
v -11.324623 3.669993 -0.593871
v -11.340755 0.004993 -0.591316
v -11.340755 3.669993 -0.591316
v -11.357017 0.004993 -0.589779
v -11.357017 3.669993 -0.589779
v -11.373343 0.004993 -0.589266
v -11.373343 3.669993 -0.589266
v -11.389668 0.004993 -0.589779
v -11.389668 3.669993 -0.589779
v -11.405930 0.004993 -0.591316
v -11.405930 3.669993 -0.591316
v -11.422062 0.004993 -0.593871
v -11.422062 3.669993 -0.593871
v -11.438002 0.004993 -0.597434
v -11.438002 3.669993 -0.597434
v -11.453687 0.004993 -0.601991
v -11.453687 3.669993 -0.601991
v -11.469055 0.004993 -0.607524
v -11.469055 3.669993 -0.607524
v -11.484045 0.004993 -0.614011
v -11.484045 3.669993 -0.614011
v -11.498598 0.004993 -0.621426
v -11.498598 3.669993 -0.621426
v -11.512657 0.004993 -0.629741
v -11.512657 3.669993 -0.629741
v -11.526167 0.004993 -0.638922
v -11.526167 3.669993 -0.638922
v -11.539073 0.004993 -0.648933
v -11.539073 3.669993 -0.648933
v -11.551325 0.004993 -0.659734
v -11.551325 3.669993 -0.659734
v -11.562875 0.004993 -0.671284
v -11.562875 3.669993 -0.671284
v -11.573676 0.004993 -0.683536
v -11.573676 3.669993 -0.683536
v -11.583687 0.004993 -0.696442
v -11.583687 3.669993 -0.696442
v -11.592868 0.004993 -0.709951
v -11.592868 3.669993 -0.709951
v -11.601182 0.004993 -0.724010
v -11.601182 3.669993 -0.724010
v -11.608598 0.004993 -0.738563
v -11.608598 3.669993 -0.738563
v -11.615085 0.004993 -0.753554
v -11.615085 3.669993 -0.753554
v -11.620617 0.004993 -0.768922
v -11.620617 3.669993 -0.768922
v -11.625175 0.004993 -0.784607
v -11.625175 3.669993 -0.784607
v -11.628737 0.004993 -0.800547
v -11.628737 3.669993 -0.800547
v -11.631292 0.004993 -0.816679
v -11.631292 3.669993 -0.816679
v -11.632830 0.004993 -0.832941
v -11.632830 3.669993 -0.832941
v -11.633343 0.004993 -0.849266
v -11.633343 3.669993 -0.849266
v -11.632830 0.004993 -0.865592
v -11.632830 3.669993 -0.865592
v -11.631292 0.004993 -0.881853
v -11.631292 3.669993 -0.881853
v -11.628737 0.004993 -0.897985
v -11.628737 3.669993 -0.897985
v -11.625175 0.004993 -0.913925
v -11.625175 3.669993 -0.913925
v -11.620617 0.004993 -0.929610
v -11.620617 3.669993 -0.929610
v -11.615085 0.004993 -0.944978
v -11.615085 3.669993 -0.944978
v -11.608598 0.004993 -0.959969
v -11.608598 3.669993 -0.959969
v -11.601182 0.004993 -0.974522
v -11.601182 3.669993 -0.974522
v -11.592868 0.004993 -0.988581
v -11.592868 3.669993 -0.988581
v -11.583687 0.004993 -1.002090
v -11.583687 3.669993 -1.002090
v -11.573676 0.004993 -1.014996
v -11.573676 3.669993 -1.014996
v -11.562875 0.004993 -1.027248
v -11.562875 3.669993 -1.027248
v -11.551325 0.004993 -1.038798
v -11.551325 3.669993 -1.038798
v -11.539073 0.004993 -1.049600
v -11.539073 3.669993 -1.049600
v -11.526167 0.004993 -1.059610
v -11.526167 3.669993 -1.059610
v -11.512657 0.004993 -1.068791
v -11.512657 3.669993 -1.068791
v -11.498598 0.004993 -1.077106
v -11.498598 3.669993 -1.077106
v -11.484045 0.004993 -1.084521
v -11.484045 3.669993 -1.084521
v -11.469055 0.004993 -1.091008
v -11.469055 3.669993 -1.091008
v -11.453687 0.004993 -1.096541
v -11.453687 3.669993 -1.096541
v -11.438002 0.004993 -1.101098
v -11.438002 3.669993 -1.101098
v -11.422062 0.004993 -1.104661
v -11.422062 3.669993 -1.104661
v -11.405930 0.004993 -1.107216
v -11.405930 3.669993 -1.107216
v -11.389668 0.004993 -1.108753
v -11.389668 3.669993 -1.108753
vn 0.0314 -0.0000 -0.9995
vn 0.0941 -0.0000 -0.9956
vn 0.1564 -0.0000 -0.9877
vn 0.2181 -0.0000 -0.9759
vn 0.2790 -0.0000 -0.9603
vn 0.3387 -0.0000 -0.9409
vn 0.3971 -0.0000 -0.9178
vn 0.4540 -0.0000 -0.8910
vn 0.5090 -0.0000 -0.8607
vn 0.5621 -0.0000 -0.8271
vn 0.6129 -0.0000 -0.7902
vn 0.6613 -0.0000 -0.7501
vn 0.7071 -0.0000 -0.7071
vn 0.7501 -0.0000 -0.6613
vn 0.7902 -0.0000 -0.6129
vn 0.8271 -0.0000 -0.5621
vn 0.8607 -0.0000 -0.5090
vn 0.8910 -0.0000 -0.4540
vn 0.9178 -0.0000 -0.3971
vn 0.9409 -0.0000 -0.3387
vn 0.9603 -0.0000 -0.2790
vn 0.9759 -0.0000 -0.2181
vn 0.9877 -0.0000 -0.1564
vn 0.9956 -0.0000 -0.0941
vn 0.9995 -0.0000 -0.0314
vn 0.9995 -0.0000 0.0314
vn 0.9956 -0.0000 0.0941
vn 0.9877 -0.0000 0.1564
vn 0.9759 -0.0000 0.2181
vn 0.9603 -0.0000 0.2790
vn 0.9409 -0.0000 0.3387
vn 0.9178 -0.0000 0.3971
vn 0.8910 -0.0000 0.4540
vn 0.8607 -0.0000 0.5090
vn 0.8271 -0.0000 0.5621
vn 0.7902 -0.0000 0.6129
vn 0.7501 -0.0000 0.6613
vn 0.7071 -0.0000 0.7071
vn 0.6613 -0.0000 0.7501
vn 0.6129 -0.0000 0.7902
vn 0.5621 -0.0000 0.8271
vn 0.5090 -0.0000 0.8607
vn 0.4540 -0.0000 0.8910
vn 0.3971 -0.0000 0.9178
vn 0.3387 -0.0000 0.9409
vn 0.2790 -0.0000 0.9603
vn 0.2181 -0.0000 0.9759
vn 0.1564 -0.0000 0.9877
vn 0.0941 -0.0000 0.9956
vn 0.0314 -0.0000 0.9995
vn -0.0314 -0.0000 0.9995
vn -0.0941 -0.0000 0.9956
vn -0.1564 -0.0000 0.9877
vn -0.2181 -0.0000 0.9759
vn -0.2790 -0.0000 0.9603
vn -0.3387 -0.0000 0.9409
vn -0.3971 -0.0000 0.9178
vn -0.4540 -0.0000 0.8910
vn -0.5090 -0.0000 0.8607
vn -0.5621 -0.0000 0.8271
vn -0.6129 -0.0000 0.7902
vn -0.6613 -0.0000 0.7501
vn -0.7071 -0.0000 0.7071
vn -0.7501 -0.0000 0.6613
vn -0.7902 -0.0000 0.6129
vn -0.8271 -0.0000 0.5621
vn -0.8607 -0.0000 0.5090
vn -0.8910 -0.0000 0.4540
vn -0.9178 -0.0000 0.3971
vn -0.9409 -0.0000 0.3387
vn -0.9603 -0.0000 0.2790
vn -0.9759 -0.0000 0.2181
vn -0.9877 -0.0000 0.1564
vn -0.9956 -0.0000 0.0941
vn -0.9995 -0.0000 0.0314
vn -0.9995 -0.0000 -0.0314
vn -0.9956 -0.0000 -0.0941
vn -0.9877 -0.0000 -0.1564
vn -0.9759 -0.0000 -0.2181
vn -0.9603 -0.0000 -0.2790
vn -0.9409 -0.0000 -0.3387
vn -0.9178 -0.0000 -0.3971
vn -0.8910 -0.0000 -0.4540
vn -0.8607 -0.0000 -0.5090
vn -0.8271 -0.0000 -0.5621
vn -0.7902 -0.0000 -0.6129
vn -0.7501 -0.0000 -0.6613
vn -0.7071 -0.0000 -0.7071
vn -0.6613 -0.0000 -0.7501
vn -0.6129 -0.0000 -0.7902
vn -0.5621 -0.0000 -0.8271
vn -0.5090 -0.0000 -0.8607
vn -0.4540 -0.0000 -0.8910
vn -0.3971 -0.0000 -0.9178
vn -0.3387 -0.0000 -0.9409
vn -0.2790 -0.0000 -0.9603
vn -0.2181 -0.0000 -0.9759
vn -0.1564 -0.0000 -0.9877
vn -0.0000 1.0000 -0.0000
vn -0.0941 -0.0000 -0.9956
vn -0.0314 -0.0000 -0.9995
vn -0.0000 -1.0000 -0.0000
vt 1.000000 0.477920
vt 1.000000 1.000000
vt 0.990000 1.000000
vt 0.990000 0.477920
vt 0.980000 1.000000
vt 0.980000 0.477920
vt 0.970000 1.000000
vt 0.970000 0.477920
vt 0.960000 1.000000
vt 0.960000 0.477920
vt 0.950000 1.000000
vt 0.950000 0.477920
vt 0.940000 1.000000
vt 0.940000 0.477920
vt 0.930000 1.000000
vt 0.930000 0.477920
vt 0.920000 1.000000
vt 0.920000 0.477920
vt 0.920000 0.477920
vt 0.910000 1.000000
vt 0.910000 0.477920
vt 0.910000 0.477920
vt 0.900000 1.000000
vt 0.900000 0.477920
vt 0.890000 1.000000
vt 0.890000 0.477920
vt 0.880000 1.000000
vt 0.880000 0.477920
vt 0.870000 1.000000
vt 0.870000 0.477920
vt 0.870000 0.477920
vt 0.860000 1.000000
vt 0.860000 0.477920
vt 0.850000 1.000000
vt 0.850000 0.477920
vt 0.840000 1.000000
vt 0.840000 0.477920
vt 0.830000 1.000000
vt 0.830000 0.477920
vt 0.830000 0.477920
vt 0.820000 1.000000
vt 0.820000 0.477920
vt 0.820000 0.477920
vt 0.810000 1.000000
vt 0.810000 0.477920
vt 0.800000 1.000000
vt 0.800000 0.477920
vt 0.790000 1.000000
vt 0.790000 0.477920
vt 0.780000 1.000000
vt 0.780000 0.477920
vt 0.770000 1.000000
vt 0.770000 0.477920
vt 0.760000 1.000000
vt 0.760000 0.477920
vt 0.750000 1.000000
vt 0.750000 0.477920
vt 0.740000 1.000000
vt 0.740000 0.477920
vt 0.730000 1.000000
vt 0.730000 0.477920
vt 0.720000 1.000000
vt 0.720000 0.477920
vt 0.710000 1.000000
vt 0.710000 0.477920
vt 0.700000 1.000000
vt 0.700000 0.477920
vt 0.690000 1.000000
vt 0.690000 0.477920
vt 0.680000 1.000000
vt 0.680000 0.477920
vt 0.670000 1.000000
vt 0.670000 0.477920
vt 0.670000 0.477920
vt 0.660000 1.000000
vt 0.660000 0.477920
vt 0.660000 0.477920
vt 0.650000 1.000000
vt 0.650000 0.477920
vt 0.640000 1.000000
vt 0.640000 0.477920
vt 0.630000 1.000000
vt 0.630000 0.477920
vt 0.620000 1.000000
vt 0.620000 0.477920
vt 0.620000 0.477920
vt 0.610000 1.000000
vt 0.610000 0.477920
vt 0.600000 1.000000
vt 0.600000 0.477920
vt 0.590000 1.000000
vt 0.590000 0.477920
vt 0.580000 1.000000
vt 0.580000 0.477920
vt 0.580000 0.477920
vt 0.570000 1.000000
vt 0.570000 0.477920
vt 0.570000 0.477920
vt 0.560000 1.000000
vt 0.560000 0.477920
vt 0.550000 1.000000
vt 0.550000 0.477920
vt 0.540000 1.000000
vt 0.540000 0.477920
vt 0.530000 1.000000
vt 0.530000 0.477920
vt 0.520000 1.000000
vt 0.520000 0.477920
vt 0.510000 1.000000
vt 0.510000 0.477920
vt 0.500000 1.000000
vt 0.500000 0.477920
vt 0.490000 1.000000
vt 0.490000 0.477920
vt 0.480000 1.000000
vt 0.480000 0.477920
vt 0.470001 1.000000
vt 0.470000 0.477920
vt 0.470001 0.477920
vt 0.460001 1.000000
vt 0.460001 0.477920
vt 0.450001 1.000000
vt 0.450001 0.477920
vt 0.440001 1.000000
vt 0.440001 0.477920
vt 0.430001 1.000000
vt 0.430001 0.477920
vt 0.420001 1.000000
vt 0.420001 0.477920
vt 0.420001 0.477920
vt 0.410001 1.000000
vt 0.410001 0.477920
vt 0.410001 0.477920
vt 0.400001 1.000000
vt 0.400001 0.477920
vt 0.390001 1.000000
vt 0.390001 0.477920
vt 0.380001 1.000000
vt 0.380001 0.477920
vt 0.380001 0.477920
vt 0.370001 1.000000
vt 0.370001 0.477920
vt 0.370001 0.477920
vt 0.360001 1.000000
vt 0.360001 0.477920
vt 0.350001 1.000000
vt 0.350001 0.477920
vt 0.340001 1.000000
vt 0.340001 0.477920
vt 0.330001 1.000000
vt 0.330001 0.477920
vt 0.330001 0.477920
vt 0.320001 1.000000
vt 0.320001 0.477920
vt 0.320001 0.477920
vt 0.310001 1.000000
vt 0.310001 0.477920
vt 0.310001 0.477920
vt 0.300001 1.000000
vt 0.300001 0.477920
vt 0.290001 1.000000
vt 0.290001 0.477920
vt 0.280001 1.000000
vt 0.280001 0.477920
vt 0.270001 1.000000
vt 0.270001 0.477920
vt 0.260001 1.000000
vt 0.260001 0.477920
vt 0.250001 1.000000
vt 0.250001 0.477920
vt 0.240001 1.000000
vt 0.240001 0.477920
vt 0.230001 1.000000
vt 0.230001 0.477920
vt 0.220001 1.000000
vt 0.220001 0.477920
vt 0.210001 1.000000
vt 0.210001 0.477920
vt 0.200001 1.000000
vt 0.200001 0.477920
vt 0.190001 1.000000
vt 0.190001 0.477920
vt 0.180001 1.000000
vt 0.180001 0.477920
vt 0.170001 1.000000
vt 0.170001 0.477920
vt 0.170001 0.477920
vt 0.160001 1.000000
vt 0.160001 0.477920
vt 0.160001 0.477920
vt 0.150001 1.000000
vt 0.150001 0.477920
vt 0.140001 1.000000
vt 0.140001 0.477920
vt 0.130001 1.000000
vt 0.130001 0.477920
vt 0.120001 1.000000
vt 0.120001 0.477920
vt 0.120001 0.477920
vt 0.110001 1.000000
vt 0.110001 0.477920
vt 0.100001 1.000000
vt 0.100001 0.477920
vt 0.090001 1.000000
vt 0.090001 0.477920
vt 0.080001 1.000000
vt 0.080001 0.477920
vt 0.080001 0.477920
vt 0.070001 1.000000
vt 0.070001 0.477920
vt 0.070001 0.477920
vt 0.060001 1.000000
vt 0.060001 0.477920
vt 0.050001 1.000000
vt 0.050001 0.477920
vt 0.040001 1.000000
vt 0.040001 0.477920
vt 0.030001 1.000000
vt 0.030001 0.477920
vt 0.020001 1.000000
vt 0.020001 0.477920
vt 0.265070 0.489526
vt 0.250000 0.490000
vt 0.234930 0.489526
vt 0.219920 0.488108
vt 0.205028 0.485749
vt 0.190314 0.482460
vt 0.175836 0.478254
vt 0.161650 0.473146
vt 0.147813 0.467158
vt 0.134379 0.460314
vt 0.121402 0.452639
vt 0.108932 0.444164
vt 0.097018 0.434923
vt 0.085709 0.424952
vt 0.075048 0.414291
vt 0.065077 0.402982
vt 0.055836 0.391068
vt 0.047361 0.378598
vt 0.039686 0.365621
vt 0.032842 0.352187
vt 0.026854 0.338350
vt 0.021746 0.324164
vt 0.017540 0.309686
vt 0.014251 0.294972
vt 0.011892 0.280080
vt 0.010474 0.265070
vt 0.010000 0.250000
vt 0.010474 0.234930
vt 0.011892 0.219920
vt 0.014251 0.205028
vt 0.017540 0.190314
vt 0.021746 0.175836
vt 0.026854 0.161650
vt 0.032842 0.147813
vt 0.039686 0.134379
vt 0.047361 0.121402
vt 0.055836 0.108932
vt 0.065077 0.097018
vt 0.075048 0.085709
vt 0.085709 0.075048
vt 0.097018 0.065077
vt 0.108932 0.055836
vt 0.121402 0.047361
vt 0.134379 0.039686
vt 0.147813 0.032842
vt 0.161650 0.026854
vt 0.175836 0.021746
vt 0.190314 0.017540
vt 0.205028 0.014251
vt 0.219920 0.011892
vt 0.234930 0.010474
vt 0.250000 0.010000
vt 0.265070 0.010474
vt 0.280080 0.011892
vt 0.294972 0.014251
vt 0.309686 0.017540
vt 0.324164 0.021746
vt 0.338350 0.026854
vt 0.352187 0.032842
vt 0.365621 0.039686
vt 0.378598 0.047361
vt 0.391068 0.055836
vt 0.402982 0.065077
vt 0.414291 0.075048
vt 0.424952 0.085709
vt 0.434923 0.097018
vt 0.444164 0.108932
vt 0.452639 0.121402
vt 0.460314 0.134379
vt 0.467158 0.147813
vt 0.473146 0.161650
vt 0.478254 0.175836
vt 0.482460 0.190314
vt 0.485749 0.205028
vt 0.488108 0.219920
vt 0.489526 0.234930
vt 0.490000 0.250000
vt 0.489526 0.265070
vt 0.488108 0.280080
vt 0.485749 0.294972
vt 0.482460 0.309686
vt 0.478254 0.324164
vt 0.473146 0.338350
vt 0.467158 0.352187
vt 0.460314 0.365621
vt 0.452639 0.378598
vt 0.444164 0.391068
vt 0.434923 0.402982
vt 0.424952 0.414291
vt 0.414291 0.424952
vt 0.402982 0.434923
vt 0.391068 0.444164
vt 0.378598 0.452639
vt 0.365621 0.460314
vt 0.352187 0.467158
vt 0.338350 0.473146
vt 0.324164 0.478254
vt 0.309686 0.482460
vt 0.294972 0.485749
vt 0.280080 0.488108
vt 0.010001 1.000000
vt 0.010001 0.477920
vt 0.000001 1.000000
vt 0.000001 0.477920
vt 0.750000 0.490000
vt 0.765070 0.489526
vt 0.780080 0.488108
vt 0.794972 0.485749
vt 0.809686 0.482460
vt 0.824164 0.478254
vt 0.838350 0.473146
vt 0.852187 0.467158
vt 0.865621 0.460314
vt 0.878598 0.452639
vt 0.891068 0.444164
vt 0.902982 0.434923
vt 0.914291 0.424952
vt 0.924952 0.414291
vt 0.934923 0.402982
vt 0.944164 0.391068
vt 0.952639 0.378598
vt 0.960314 0.365621
vt 0.967158 0.352187
vt 0.973146 0.338350
vt 0.978254 0.324164
vt 0.982460 0.309686
vt 0.985749 0.294972
vt 0.988108 0.280080
vt 0.989526 0.265070
vt 0.990000 0.250000
vt 0.989526 0.234930
vt 0.988108 0.219920
vt 0.985749 0.205028
vt 0.982460 0.190314
vt 0.978254 0.175836
vt 0.973146 0.161650
vt 0.967158 0.147813
vt 0.960314 0.134379
vt 0.952639 0.121402
vt 0.944164 0.108932
vt 0.934923 0.097018
vt 0.924952 0.085709
vt 0.914291 0.075048
vt 0.902982 0.065077
vt 0.891068 0.055836
vt 0.878598 0.047361
vt 0.865621 0.039686
vt 0.852187 0.032842
vt 0.838350 0.026854
vt 0.824164 0.021746
vt 0.809686 0.017540
vt 0.794972 0.014251
vt 0.780080 0.011892
vt 0.765070 0.010474
vt 0.750000 0.010000
vt 0.734930 0.010474
vt 0.719920 0.011892
vt 0.705028 0.014251
vt 0.690314 0.017540
vt 0.675836 0.021746
vt 0.661650 0.026854
vt 0.647813 0.032842
vt 0.634379 0.039686
vt 0.621402 0.047361
vt 0.608932 0.055836
vt 0.597018 0.065077
vt 0.585709 0.075048
vt 0.575048 0.085709
vt 0.565077 0.097018
vt 0.555836 0.108932
vt 0.547361 0.121402
vt 0.539686 0.134379
vt 0.532842 0.147813
vt 0.526854 0.161650
vt 0.521746 0.175836
vt 0.517540 0.190314
vt 0.514251 0.205028
vt 0.511892 0.219920
vt 0.510474 0.234930
vt 0.510000 0.250000
vt 0.510474 0.265070
vt 0.511892 0.280080
vt 0.514251 0.294972
vt 0.517540 0.309686
vt 0.521746 0.324164
vt 0.526854 0.338350
vt 0.532842 0.352187
vt 0.539686 0.365621
vt 0.547361 0.378598
vt 0.555836 0.391068
vt 0.565077 0.402982
vt 0.575048 0.414291
vt 0.585709 0.424952
vt 0.597018 0.434923
vt 0.608932 0.444164
vt 0.621402 0.452639
vt 0.634379 0.460314
vt 0.647813 0.467158
vt 0.661650 0.473146
vt 0.675836 0.478254
vt 0.690314 0.482460
vt 0.705028 0.485749
vt 0.719920 0.488108
vt 0.734930 0.489526
s 0
usemtl Material.002
f 3007/6114/1682 3008/6115/1682 3010/6116/1682 3009/6117/1682
f 3009/6117/1683 3010/6116/1683 3012/6118/1683 3011/6119/1683
f 3011/6119/1684 3012/6118/1684 3014/6120/1684 3013/6121/1684
f 3013/6121/1685 3014/6120/1685 3016/6122/1685 3015/6123/1685
f 3015/6123/1686 3016/6122/1686 3018/6124/1686 3017/6125/1686
f 3017/6125/1687 3018/6124/1687 3020/6126/1687 3019/6127/1687
f 3019/6127/1688 3020/6126/1688 3022/6128/1688 3021/6129/1688
f 3021/6129/1689 3022/6128/1689 3024/6130/1689 3023/6131/1689
f 3023/6132/1690 3024/6130/1690 3026/6133/1690 3025/6134/1690
f 3025/6135/1691 3026/6133/1691 3028/6136/1691 3027/6137/1691
f 3027/6137/1692 3028/6136/1692 3030/6138/1692 3029/6139/1692
f 3029/6139/1693 3030/6138/1693 3032/6140/1693 3031/6141/1693
f 3031/6141/1694 3032/6140/1694 3034/6142/1694 3033/6143/1694
f 3033/6144/1695 3034/6142/1695 3036/6145/1695 3035/6146/1695
f 3035/6146/1696 3036/6145/1696 3038/6147/1696 3037/6148/1696
f 3037/6148/1697 3038/6147/1697 3040/6149/1697 3039/6150/1697
f 3039/6150/1698 3040/6149/1698 3042/6151/1698 3041/6152/1698
f 3041/6153/1699 3042/6151/1699 3044/6154/1699 3043/6155/1699
f 3043/6156/1700 3044/6154/1700 3046/6157/1700 3045/6158/1700
f 3045/6158/1701 3046/6157/1701 3048/6159/1701 3047/6160/1701
f 3047/6160/1702 3048/6159/1702 3050/6161/1702 3049/6162/1702
f 3049/6162/1703 3050/6161/1703 3052/6163/1703 3051/6164/1703
f 3051/6164/1704 3052/6163/1704 3054/6165/1704 3053/6166/1704
f 3053/6166/1705 3054/6165/1705 3056/6167/1705 3055/6168/1705
f 3055/6168/1706 3056/6167/1706 3058/6169/1706 3057/6170/1706
f 3057/6170/1707 3058/6169/1707 3060/6171/1707 3059/6172/1707
f 3059/6172/1708 3060/6171/1708 3062/6173/1708 3061/6174/1708
f 3061/6174/1709 3062/6173/1709 3064/6175/1709 3063/6176/1709
f 3063/6176/1710 3064/6175/1710 3066/6177/1710 3065/6178/1710
f 3065/6178/1711 3066/6177/1711 3068/6179/1711 3067/6180/1711
f 3067/6180/1712 3068/6179/1712 3070/6181/1712 3069/6182/1712
f 3069/6182/1713 3070/6181/1713 3072/6183/1713 3071/6184/1713
f 3071/6184/1714 3072/6183/1714 3074/6185/1714 3073/6186/1714
f 3073/6187/1715 3074/6185/1715 3076/6188/1715 3075/6189/1715
f 3075/6190/1716 3076/6188/1716 3078/6191/1716 3077/6192/1716
f 3077/6192/1717 3078/6191/1717 3080/6193/1717 3079/6194/1717
f 3079/6194/1718 3080/6193/1718 3082/6195/1718 3081/6196/1718
f 3081/6196/1719 3082/6195/1719 3084/6197/1719 3083/6198/1719
f 3083/6199/1720 3084/6197/1720 3086/6200/1720 3085/6201/1720
f 3085/6201/1721 3086/6200/1721 3088/6202/1721 3087/6203/1721
f 3087/6203/1722 3088/6202/1722 3090/6204/1722 3089/6205/1722
f 3089/6205/1723 3090/6204/1723 3092/6206/1723 3091/6207/1723
f 3091/6208/1724 3092/6206/1724 3094/6209/1724 3093/6210/1724
f 3093/6211/1725 3094/6209/1725 3096/6212/1725 3095/6213/1725
f 3095/6213/1726 3096/6212/1726 3098/6214/1726 3097/6215/1726
f 3097/6215/1727 3098/6214/1727 3100/6216/1727 3099/6217/1727
f 3099/6217/1728 3100/6216/1728 3102/6218/1728 3101/6219/1728
f 3101/6219/1729 3102/6218/1729 3104/6220/1729 3103/6221/1729
f 3103/6221/1730 3104/6220/1730 3106/6222/1730 3105/6223/1730
f 3105/6223/1731 3106/6222/1731 3108/6224/1731 3107/6225/1731
f 3107/6225/1732 3108/6224/1732 3110/6226/1732 3109/6227/1732
f 3109/6227/1733 3110/6226/1733 3112/6228/1733 3111/6229/1733
f 3111/6229/1734 3112/6228/1734 3114/6230/1734 3113/6231/1734
f 3113/6232/1735 3114/6230/1735 3116/6233/1735 3115/6234/1735
f 3115/6234/1736 3116/6233/1736 3118/6235/1736 3117/6236/1736
f 3117/6236/1737 3118/6235/1737 3120/6237/1737 3119/6238/1737
f 3119/6238/1738 3120/6237/1738 3122/6239/1738 3121/6240/1738
f 3121/6240/1739 3122/6239/1739 3124/6241/1739 3123/6242/1739
f 3123/6243/1740 3124/6241/1740 3126/6244/1740 3125/6245/1740
f 3125/6246/1741 3126/6244/1741 3128/6247/1741 3127/6248/1741
f 3127/6248/1742 3128/6247/1742 3130/6249/1742 3129/6250/1742
f 3129/6250/1743 3130/6249/1743 3132/6251/1743 3131/6252/1743
f 3131/6253/1744 3132/6251/1744 3134/6254/1744 3133/6255/1744
f 3133/6256/1745 3134/6254/1745 3136/6257/1745 3135/6258/1745
f 3135/6258/1746 3136/6257/1746 3138/6259/1746 3137/6260/1746
f 3137/6260/1747 3138/6259/1747 3140/6261/1747 3139/6262/1747
f 3139/6262/1748 3140/6261/1748 3142/6263/1748 3141/6264/1748
f 3141/6265/1749 3142/6263/1749 3144/6266/1749 3143/6267/1749
f 3143/6268/1750 3144/6266/1750 3146/6269/1750 3145/6270/1750
f 3145/6271/1751 3146/6269/1751 3148/6272/1751 3147/6273/1751
f 3147/6273/1752 3148/6272/1752 3150/6274/1752 3149/6275/1752
f 3149/6275/1753 3150/6274/1753 3152/6276/1753 3151/6277/1753
f 3151/6277/1754 3152/6276/1754 3154/6278/1754 3153/6279/1754
f 3153/6279/1755 3154/6278/1755 3156/6280/1755 3155/6281/1755
f 3155/6281/1756 3156/6280/1756 3158/6282/1756 3157/6283/1756
f 3157/6283/1757 3158/6282/1757 3160/6284/1757 3159/6285/1757
f 3159/6285/1758 3160/6284/1758 3162/6286/1758 3161/6287/1758
f 3161/6287/1759 3162/6286/1759 3164/6288/1759 3163/6289/1759
f 3163/6289/1760 3164/6288/1760 3166/6290/1760 3165/6291/1760
f 3165/6291/1761 3166/6290/1761 3168/6292/1761 3167/6293/1761
f 3167/6293/1762 3168/6292/1762 3170/6294/1762 3169/6295/1762
f 3169/6295/1763 3170/6294/1763 3172/6296/1763 3171/6297/1763
f 3171/6297/1764 3172/6296/1764 3174/6298/1764 3173/6299/1764
f 3173/6300/1765 3174/6298/1765 3176/6301/1765 3175/6302/1765
f 3175/6303/1766 3176/6301/1766 3178/6304/1766 3177/6305/1766
f 3177/6305/1767 3178/6304/1767 3180/6306/1767 3179/6307/1767
f 3179/6307/1768 3180/6306/1768 3182/6308/1768 3181/6309/1768
f 3181/6309/1769 3182/6308/1769 3184/6310/1769 3183/6311/1769
f 3183/6312/1770 3184/6310/1770 3186/6313/1770 3185/6314/1770
f 3185/6314/1771 3186/6313/1771 3188/6315/1771 3187/6316/1771
f 3187/6316/1772 3188/6315/1772 3190/6317/1772 3189/6318/1772
f 3189/6318/1773 3190/6317/1773 3192/6319/1773 3191/6320/1773
f 3191/6321/1774 3192/6319/1774 3194/6322/1774 3193/6323/1774
f 3193/6324/1775 3194/6322/1775 3196/6325/1775 3195/6326/1775
f 3195/6326/1776 3196/6325/1776 3198/6327/1776 3197/6328/1776
f 3197/6328/1777 3198/6327/1777 3200/6329/1777 3199/6330/1777
f 3199/6330/1778 3200/6329/1778 3202/6331/1778 3201/6332/1778
f 3201/6332/1779 3202/6331/1779 3204/6333/1779 3203/6334/1779
f 3010/6335/1780 3008/6336/1780 3206/6337/1780 3204/6338/1780 3202/6339/1780 3200/6340/1780 3198/6341/1780 3196/6342/1780 3194/6343/1780 3192/6344/1780 3190/6345/1780 3188/6346/1780 3186/6347/1780 3184/6348/1780 3182/6349/1780 3180/6350/1780 3178/6351/1780 3176/6352/1780 3174/6353/1780 3172/6354/1780 3170/6355/1780 3168/6356/1780 3166/6357/1780 3164/6358/1780 3162/6359/1780 3160/6360/1780 3158/6361/1780 3156/6362/1780 3154/6363/1780 3152/6364/1780 3150/6365/1780 3148/6366/1780 3146/6367/1780 3144/6368/1780 3142/6369/1780 3140/6370/1780 3138/6371/1780 3136/6372/1780 3134/6373/1780 3132/6374/1780 3130/6375/1780 3128/6376/1780 3126/6377/1780 3124/6378/1780 3122/6379/1780 3120/6380/1780 3118/6381/1780 3116/6382/1780 3114/6383/1780 3112/6384/1780 3110/6385/1780 3108/6386/1780 3106/6387/1780 3104/6388/1780 3102/6389/1780 3100/6390/1780 3098/6391/1780 3096/6392/1780 3094/6393/1780 3092/6394/1780 3090/6395/1780 3088/6396/1780 3086/6397/1780 3084/6398/1780 3082/6399/1780 3080/6400/1780 3078/6401/1780 3076/6402/1780 3074/6403/1780 3072/6404/1780 3070/6405/1780 3068/6406/1780 3066/6407/1780 3064/6408/1780 3062/6409/1780 3060/6410/1780 3058/6411/1780 3056/6412/1780 3054/6413/1780 3052/6414/1780 3050/6415/1780 3048/6416/1780 3046/6417/1780 3044/6418/1780 3042/6419/1780 3040/6420/1780 3038/6421/1780 3036/6422/1780 3034/6423/1780 3032/6424/1780 3030/6425/1780 3028/6426/1780 3026/6427/1780 3024/6428/1780 3022/6429/1780 3020/6430/1780 3018/6431/1780 3016/6432/1780 3014/6433/1780 3012/6434/1780
f 3203/6334/1781 3204/6333/1781 3206/6435/1781 3205/6436/1781
f 3205/6436/1782 3206/6435/1782 3008/6437/1782 3007/6438/1782
f 3007/6439/1783 3009/6440/1783 3011/6441/1783 3013/6442/1783 3015/6443/1783 3017/6444/1783 3019/6445/1783 3021/6446/1783 3023/6447/1783 3025/6448/1783 3027/6449/1783 3029/6450/1783 3031/6451/1783 3033/6452/1783 3035/6453/1783 3037/6454/1783 3039/6455/1783 3041/6456/1783 3043/6457/1783 3045/6458/1783 3047/6459/1783 3049/6460/1783 3051/6461/1783 3053/6462/1783 3055/6463/1783 3057/6464/1783 3059/6465/1783 3061/6466/1783 3063/6467/1783 3065/6468/1783 3067/6469/1783 3069/6470/1783 3071/6471/1783 3073/6472/1783 3075/6473/1783 3077/6474/1783 3079/6475/1783 3081/6476/1783 3083/6477/1783 3085/6478/1783 3087/6479/1783 3089/6480/1783 3091/6481/1783 3093/6482/1783 3095/6483/1783 3097/6484/1783 3099/6485/1783 3101/6486/1783 3103/6487/1783 3105/6488/1783 3107/6489/1783 3109/6490/1783 3111/6491/1783 3113/6492/1783 3115/6493/1783 3117/6494/1783 3119/6495/1783 3121/6496/1783 3123/6497/1783 3125/6498/1783 3127/6499/1783 3129/6500/1783 3131/6501/1783 3133/6502/1783 3135/6503/1783 3137/6504/1783 3139/6505/1783 3141/6506/1783 3143/6507/1783 3145/6508/1783 3147/6509/1783 3149/6510/1783 3151/6511/1783 3153/6512/1783 3155/6513/1783 3157/6514/1783 3159/6515/1783 3161/6516/1783 3163/6517/1783 3165/6518/1783 3167/6519/1783 3169/6520/1783 3171/6521/1783 3173/6522/1783 3175/6523/1783 3177/6524/1783 3179/6525/1783 3181/6526/1783 3183/6527/1783 3185/6528/1783 3187/6529/1783 3189/6530/1783 3191/6531/1783 3193/6532/1783 3195/6533/1783 3197/6534/1783 3199/6535/1783 3201/6536/1783 3203/6537/1783 3205/6538/1783
o Cylinder.014
v -10.573342 0.004993 -6.244267
v -10.573342 3.669993 -6.244267
v -10.557016 0.004993 -6.243753
v -10.557016 3.669993 -6.243753
v -10.540755 0.004993 -6.242216
v -10.540755 3.669993 -6.242216
v -10.524623 0.004993 -6.239661
v -10.524623 3.669993 -6.239661
v -10.508683 0.004993 -6.236098
v -10.508683 3.669993 -6.236098
v -10.492998 0.004993 -6.231541
v -10.492998 3.669993 -6.231541
v -10.477630 0.004993 -6.226008
v -10.477630 3.669993 -6.226008
v -10.462640 0.004993 -6.219522
v -10.462640 3.669993 -6.219522
v -10.448087 0.004993 -6.212106
v -10.448087 3.669993 -6.212106
v -10.434028 0.004993 -6.203792
v -10.434028 3.669993 -6.203792
v -10.420518 0.004993 -6.194611
v -10.420518 3.669993 -6.194611
v -10.407612 0.004993 -6.184600
v -10.407612 3.669993 -6.184600
v -10.395360 0.004993 -6.173798
v -10.395360 3.669993 -6.173798
v -10.383810 0.004993 -6.162249
v -10.383810 3.669993 -6.162249
v -10.373009 0.004993 -6.149997
v -10.373009 3.669993 -6.149997
v -10.362998 0.004993 -6.137091
v -10.362998 3.669993 -6.137091
v -10.353817 0.004993 -6.123581
v -10.353817 3.669993 -6.123581
v -10.345503 0.004993 -6.109522
v -10.345503 3.669993 -6.109522
v -10.338087 0.004993 -6.094969
v -10.338087 3.669993 -6.094969
v -10.331600 0.004993 -6.079978
v -10.331600 3.669993 -6.079978
v -10.326068 0.004993 -6.064610
v -10.326068 3.669993 -6.064610
v -10.321510 0.004993 -6.048926
v -10.321510 3.669993 -6.048926
v -10.317947 0.004993 -6.032985
v -10.317947 3.669993 -6.032985
v -10.315392 0.004993 -6.016853
v -10.315392 3.669993 -6.016853
v -10.313855 0.004993 -6.000592
v -10.313855 3.669993 -6.000592
v -10.313342 0.004993 -5.984266
v -10.313342 3.669993 -5.984266
v -10.313855 0.004993 -5.967941
v -10.313855 3.669993 -5.967941
v -10.315392 0.004993 -5.951680
v -10.315392 3.669993 -5.951680
v -10.317947 0.004993 -5.935547
v -10.317947 3.669993 -5.935547
v -10.321510 0.004993 -5.919607
v -10.321510 3.669993 -5.919607
v -10.326068 0.004993 -5.903922
v -10.326068 3.669993 -5.903922
v -10.331600 0.004993 -5.888554
v -10.331600 3.669993 -5.888554
v -10.338087 0.004993 -5.873564
v -10.338087 3.669993 -5.873564
v -10.345503 0.004993 -5.859010
v -10.345503 3.669993 -5.859010
v -10.353817 0.004993 -5.844951
v -10.353817 3.669993 -5.844951
v -10.362998 0.004993 -5.831442
v -10.362998 3.669993 -5.831442
v -10.373009 0.004993 -5.818536
v -10.373009 3.669993 -5.818536
v -10.383810 0.004993 -5.806284
v -10.383810 3.669993 -5.806284
v -10.395360 0.004993 -5.794734
v -10.395360 3.669993 -5.794734
v -10.407612 0.004993 -5.783933
v -10.407612 3.669993 -5.783933
v -10.420518 0.004993 -5.773922
v -10.420518 3.669993 -5.773922
v -10.434028 0.004993 -5.764741
v -10.434028 3.669993 -5.764741
v -10.448087 0.004993 -5.756426
v -10.448087 3.669993 -5.756426
v -10.462640 0.004993 -5.749011
v -10.462640 3.669993 -5.749011
v -10.477630 0.004993 -5.742525
v -10.477630 3.669993 -5.742525
v -10.492998 0.004993 -5.736991
v -10.492998 3.669993 -5.736991
v -10.508683 0.004993 -5.732435
v -10.508683 3.669993 -5.732435
v -10.524623 0.004993 -5.728872
v -10.524623 3.669993 -5.728872
v -10.540755 0.004993 -5.726316
v -10.540755 3.669993 -5.726316
v -10.557016 0.004993 -5.724779
v -10.557016 3.669993 -5.724779
v -10.573342 0.004993 -5.724266
v -10.573342 3.669993 -5.724266
v -10.589668 0.004993 -5.724779
v -10.589668 3.669993 -5.724779
v -10.605929 0.004993 -5.726316
v -10.605929 3.669993 -5.726316
v -10.622062 0.004993 -5.728872
v -10.622062 3.669993 -5.728872
v -10.638001 0.004993 -5.732435
v -10.638001 3.669993 -5.732435
v -10.653687 0.004993 -5.736991
v -10.653687 3.669993 -5.736991
v -10.669055 0.004993 -5.742525
v -10.669055 3.669993 -5.742525
v -10.684045 0.004993 -5.749011
v -10.684045 3.669993 -5.749011
v -10.698598 0.004993 -5.756426
v -10.698598 3.669993 -5.756426
v -10.712657 0.004993 -5.764741
v -10.712657 3.669993 -5.764741
v -10.726167 0.004993 -5.773922
v -10.726167 3.669993 -5.773922
v -10.739073 0.004993 -5.783933
v -10.739073 3.669993 -5.783933
v -10.751325 0.004993 -5.794734
v -10.751325 3.669993 -5.794734
v -10.762875 0.004993 -5.806284
v -10.762875 3.669993 -5.806284
v -10.773676 0.004993 -5.818536
v -10.773676 3.669993 -5.818536
v -10.783687 0.004993 -5.831442
v -10.783687 3.669993 -5.831442
v -10.792868 0.004993 -5.844951
v -10.792868 3.669993 -5.844951
v -10.801182 0.004993 -5.859010
v -10.801182 3.669993 -5.859010
v -10.808598 0.004993 -5.873564
v -10.808598 3.669993 -5.873564
v -10.815084 0.004993 -5.888554
v -10.815084 3.669993 -5.888554
v -10.820617 0.004993 -5.903922
v -10.820617 3.669993 -5.903922
v -10.825174 0.004993 -5.919607
v -10.825174 3.669993 -5.919607
v -10.828737 0.004993 -5.935547
v -10.828737 3.669993 -5.935547
v -10.831292 0.004993 -5.951680
v -10.831292 3.669993 -5.951680
v -10.832829 0.004993 -5.967941
v -10.832829 3.669993 -5.967941
v -10.833343 0.004993 -5.984266
v -10.833343 3.669993 -5.984266
v -10.832829 0.004993 -6.000592
v -10.832829 3.669993 -6.000592
v -10.831292 0.004993 -6.016853
v -10.831292 3.669993 -6.016853
v -10.828737 0.004993 -6.032985
v -10.828737 3.669993 -6.032985
v -10.825174 0.004993 -6.048926
v -10.825174 3.669993 -6.048926
v -10.820617 0.004993 -6.064610
v -10.820617 3.669993 -6.064610
v -10.815084 0.004993 -6.079978
v -10.815084 3.669993 -6.079978
v -10.808598 0.004993 -6.094969
v -10.808598 3.669993 -6.094969
v -10.801182 0.004993 -6.109522
v -10.801182 3.669993 -6.109522
v -10.792868 0.004993 -6.123581
v -10.792868 3.669993 -6.123581
v -10.783687 0.004993 -6.137091
v -10.783687 3.669993 -6.137091
v -10.773676 0.004993 -6.149997
v -10.773676 3.669993 -6.149997
v -10.762875 0.004993 -6.162249
v -10.762875 3.669993 -6.162249
v -10.751325 0.004993 -6.173798
v -10.751325 3.669993 -6.173798
v -10.739073 0.004993 -6.184600
v -10.739073 3.669993 -6.184600
v -10.726167 0.004993 -6.194611
v -10.726167 3.669993 -6.194611
v -10.712657 0.004993 -6.203792
v -10.712657 3.669993 -6.203792
v -10.698598 0.004993 -6.212106
v -10.698598 3.669993 -6.212106
v -10.684045 0.004993 -6.219522
v -10.684045 3.669993 -6.219522
v -10.669055 0.004993 -6.226008
v -10.669055 3.669993 -6.226008
v -10.653687 0.004993 -6.231541
v -10.653687 3.669993 -6.231541
v -10.638001 0.004993 -6.236098
v -10.638001 3.669993 -6.236098
v -10.622062 0.004993 -6.239661
v -10.622062 3.669993 -6.239661
v -10.605929 0.004993 -6.242216
v -10.605929 3.669993 -6.242216
v -10.589668 0.004993 -6.243753
v -10.589668 3.669993 -6.243753
vn 0.0314 -0.0000 -0.9995
vn 0.0941 -0.0000 -0.9956
vn 0.1564 -0.0000 -0.9877
vn 0.2181 -0.0000 -0.9759
vn 0.2790 -0.0000 -0.9603
vn 0.3387 -0.0000 -0.9409
vn 0.3971 -0.0000 -0.9178
vn 0.4540 -0.0000 -0.8910
vn 0.5090 -0.0000 -0.8607
vn 0.5621 -0.0000 -0.8271
vn 0.6129 -0.0000 -0.7902
vn 0.6613 -0.0000 -0.7501
vn 0.7071 -0.0000 -0.7071
vn 0.7501 -0.0000 -0.6613
vn 0.7902 -0.0000 -0.6129
vn 0.8271 -0.0000 -0.5621
vn 0.8607 -0.0000 -0.5090
vn 0.8910 -0.0000 -0.4540
vn 0.9178 -0.0000 -0.3971
vn 0.9409 -0.0000 -0.3387
vn 0.9603 -0.0000 -0.2790
vn 0.9759 -0.0000 -0.2181
vn 0.9877 -0.0000 -0.1564
vn 0.9956 -0.0000 -0.0941
vn 0.9995 -0.0000 -0.0314
vn 0.9995 -0.0000 0.0314
vn 0.9956 -0.0000 0.0941
vn 0.9877 -0.0000 0.1564
vn 0.9759 -0.0000 0.2181
vn 0.9603 -0.0000 0.2790
vn 0.9409 -0.0000 0.3387
vn 0.9178 -0.0000 0.3971
vn 0.8910 -0.0000 0.4540
vn 0.8607 -0.0000 0.5090
vn 0.8271 -0.0000 0.5621
vn 0.7902 -0.0000 0.6129
vn 0.7501 -0.0000 0.6613
vn 0.7071 -0.0000 0.7071
vn 0.6613 -0.0000 0.7501
vn 0.6129 -0.0000 0.7902
vn 0.5621 -0.0000 0.8271
vn 0.5090 -0.0000 0.8607
vn 0.4540 -0.0000 0.8910
vn 0.3971 -0.0000 0.9178
vn 0.3387 -0.0000 0.9409
vn 0.2790 -0.0000 0.9603
vn 0.2181 -0.0000 0.9759
vn 0.1564 -0.0000 0.9877
vn 0.0941 -0.0000 0.9956
vn 0.0314 -0.0000 0.9995
vn -0.0314 -0.0000 0.9995
vn -0.0941 -0.0000 0.9956
vn -0.1564 -0.0000 0.9877
vn -0.2181 -0.0000 0.9759
vn -0.2790 -0.0000 0.9603
vn -0.3387 -0.0000 0.9409
vn -0.3971 -0.0000 0.9178
vn -0.4540 -0.0000 0.8910
vn -0.5090 -0.0000 0.8607
vn -0.5621 -0.0000 0.8271
vn -0.6129 -0.0000 0.7902
vn -0.6613 -0.0000 0.7501
vn -0.7071 -0.0000 0.7071
vn -0.7501 -0.0000 0.6613
vn -0.7902 -0.0000 0.6129
vn -0.8271 -0.0000 0.5621
vn -0.8607 -0.0000 0.5090
vn -0.8910 -0.0000 0.4540
vn -0.9178 -0.0000 0.3971
vn -0.9409 -0.0000 0.3387
vn -0.9603 -0.0000 0.2790
vn -0.9759 -0.0000 0.2181
vn -0.9877 -0.0000 0.1564
vn -0.9956 -0.0000 0.0941
vn -0.9995 -0.0000 0.0314
vn -0.9995 -0.0000 -0.0314
vn -0.9956 -0.0000 -0.0941
vn -0.9877 -0.0000 -0.1564
vn -0.9759 -0.0000 -0.2181
vn -0.9603 -0.0000 -0.2790
vn -0.9409 -0.0000 -0.3387
vn -0.9178 -0.0000 -0.3971
vn -0.8910 -0.0000 -0.4540
vn -0.8607 -0.0000 -0.5090
vn -0.8271 -0.0000 -0.5621
vn -0.7902 -0.0000 -0.6129
vn -0.7501 -0.0000 -0.6613
vn -0.7071 -0.0000 -0.7071
vn -0.6613 -0.0000 -0.7501
vn -0.6129 -0.0000 -0.7902
vn -0.5621 -0.0000 -0.8271
vn -0.5090 -0.0000 -0.8607
vn -0.4540 -0.0000 -0.8910
vn -0.3971 -0.0000 -0.9178
vn -0.3387 -0.0000 -0.9409
vn -0.2790 -0.0000 -0.9603
vn -0.2181 -0.0000 -0.9759
vn -0.1564 -0.0000 -0.9877
vn -0.0000 1.0000 -0.0000
vn -0.0941 -0.0000 -0.9956
vn -0.0314 -0.0000 -0.9995
vn -0.0000 -1.0000 -0.0000
vt 1.000000 0.477920
vt 1.000000 1.000000
vt 0.990000 1.000000
vt 0.990000 0.477920
vt 0.980000 1.000000
vt 0.980000 0.477920
vt 0.970000 1.000000
vt 0.970000 0.477920
vt 0.960000 1.000000
vt 0.960000 0.477920
vt 0.950000 1.000000
vt 0.950000 0.477920
vt 0.940000 1.000000
vt 0.940000 0.477920
vt 0.930000 1.000000
vt 0.930000 0.477920
vt 0.920000 1.000000
vt 0.920000 0.477920
vt 0.920000 0.477920
vt 0.910000 1.000000
vt 0.910000 0.477920
vt 0.910000 0.477920
vt 0.900000 1.000000
vt 0.900000 0.477920
vt 0.890000 1.000000
vt 0.890000 0.477920
vt 0.880000 1.000000
vt 0.880000 0.477920
vt 0.870000 1.000000
vt 0.870000 0.477920
vt 0.870000 0.477920
vt 0.860000 1.000000
vt 0.860000 0.477920
vt 0.850000 1.000000
vt 0.850000 0.477920
vt 0.840000 1.000000
vt 0.840000 0.477920
vt 0.830000 1.000000
vt 0.830000 0.477920
vt 0.830000 0.477920
vt 0.820000 1.000000
vt 0.820000 0.477920
vt 0.820000 0.477920
vt 0.810000 1.000000
vt 0.810000 0.477920
vt 0.800000 1.000000
vt 0.800000 0.477920
vt 0.790000 1.000000
vt 0.790000 0.477920
vt 0.780000 1.000000
vt 0.780000 0.477920
vt 0.770000 1.000000
vt 0.770000 0.477920
vt 0.760000 1.000000
vt 0.760000 0.477920
vt 0.750000 1.000000
vt 0.750000 0.477920
vt 0.740000 1.000000
vt 0.740000 0.477920
vt 0.730000 1.000000
vt 0.730000 0.477920
vt 0.720000 1.000000
vt 0.720000 0.477920
vt 0.710000 1.000000
vt 0.710000 0.477920
vt 0.700000 1.000000
vt 0.700000 0.477920
vt 0.690000 1.000000
vt 0.690000 0.477920
vt 0.680000 1.000000
vt 0.680000 0.477920
vt 0.670000 1.000000
vt 0.670000 0.477920
vt 0.670000 0.477920
vt 0.660000 1.000000
vt 0.660000 0.477920
vt 0.660000 0.477920
vt 0.650000 1.000000
vt 0.650000 0.477920
vt 0.640000 1.000000
vt 0.640000 0.477920
vt 0.630000 1.000000
vt 0.630000 0.477920
vt 0.620000 1.000000
vt 0.620000 0.477920
vt 0.620000 0.477920
vt 0.610000 1.000000
vt 0.610000 0.477920
vt 0.600000 1.000000
vt 0.600000 0.477920
vt 0.590000 1.000000
vt 0.590000 0.477920
vt 0.580000 1.000000
vt 0.580000 0.477920
vt 0.580000 0.477920
vt 0.570000 1.000000
vt 0.570000 0.477920
vt 0.570000 0.477920
vt 0.560000 1.000000
vt 0.560000 0.477920
vt 0.550000 1.000000
vt 0.550000 0.477920
vt 0.540000 1.000000
vt 0.540000 0.477920
vt 0.530000 1.000000
vt 0.530000 0.477920
vt 0.520000 1.000000
vt 0.520000 0.477920
vt 0.510000 1.000000
vt 0.510000 0.477920
vt 0.500000 1.000000
vt 0.500000 0.477920
vt 0.490000 1.000000
vt 0.490000 0.477920
vt 0.480000 1.000000
vt 0.480000 0.477920
vt 0.470001 1.000000
vt 0.470000 0.477920
vt 0.470001 0.477920
vt 0.460001 1.000000
vt 0.460001 0.477920
vt 0.450001 1.000000
vt 0.450001 0.477920
vt 0.440001 1.000000
vt 0.440001 0.477920
vt 0.430001 1.000000
vt 0.430001 0.477920
vt 0.420001 1.000000
vt 0.420001 0.477920
vt 0.420001 0.477920
vt 0.410001 1.000000
vt 0.410001 0.477920
vt 0.410001 0.477920
vt 0.400001 1.000000
vt 0.400001 0.477920
vt 0.390001 1.000000
vt 0.390001 0.477920
vt 0.380001 1.000000
vt 0.380001 0.477920
vt 0.380001 0.477920
vt 0.370001 1.000000
vt 0.370001 0.477920
vt 0.370001 0.477920
vt 0.360001 1.000000
vt 0.360001 0.477920
vt 0.350001 1.000000
vt 0.350001 0.477920
vt 0.340001 1.000000
vt 0.340001 0.477920
vt 0.330001 1.000000
vt 0.330001 0.477920
vt 0.330001 0.477920
vt 0.320001 1.000000
vt 0.320001 0.477920
vt 0.320001 0.477920
vt 0.310001 1.000000
vt 0.310001 0.477920
vt 0.310001 0.477920
vt 0.300001 1.000000
vt 0.300001 0.477920
vt 0.290001 1.000000
vt 0.290001 0.477920
vt 0.280001 1.000000
vt 0.280001 0.477920
vt 0.270001 1.000000
vt 0.270001 0.477920
vt 0.260001 1.000000
vt 0.260001 0.477920
vt 0.250001 1.000000
vt 0.250001 0.477920
vt 0.240001 1.000000
vt 0.240001 0.477920
vt 0.230001 1.000000
vt 0.230001 0.477920
vt 0.220001 1.000000
vt 0.220001 0.477920
vt 0.210001 1.000000
vt 0.210001 0.477920
vt 0.200001 1.000000
vt 0.200001 0.477920
vt 0.190001 1.000000
vt 0.190001 0.477920
vt 0.180001 1.000000
vt 0.180001 0.477920
vt 0.170001 1.000000
vt 0.170001 0.477920
vt 0.170001 0.477920
vt 0.160001 1.000000
vt 0.160001 0.477920
vt 0.160001 0.477920
vt 0.150001 1.000000
vt 0.150001 0.477920
vt 0.140001 1.000000
vt 0.140001 0.477920
vt 0.130001 1.000000
vt 0.130001 0.477920
vt 0.120001 1.000000
vt 0.120001 0.477920
vt 0.120001 0.477920
vt 0.110001 1.000000
vt 0.110001 0.477920
vt 0.100001 1.000000
vt 0.100001 0.477920
vt 0.090001 1.000000
vt 0.090001 0.477920
vt 0.080001 1.000000
vt 0.080001 0.477920
vt 0.080001 0.477920
vt 0.070001 1.000000
vt 0.070001 0.477920
vt 0.070001 0.477920
vt 0.060001 1.000000
vt 0.060001 0.477920
vt 0.050001 1.000000
vt 0.050001 0.477920
vt 0.040001 1.000000
vt 0.040001 0.477920
vt 0.030001 1.000000
vt 0.030001 0.477920
vt 0.020001 1.000000
vt 0.020001 0.477920
vt 0.265070 0.489526
vt 0.250000 0.490000
vt 0.234930 0.489526
vt 0.219920 0.488108
vt 0.205028 0.485749
vt 0.190314 0.482460
vt 0.175836 0.478254
vt 0.161650 0.473146
vt 0.147813 0.467158
vt 0.134379 0.460314
vt 0.121402 0.452639
vt 0.108932 0.444164
vt 0.097018 0.434923
vt 0.085709 0.424952
vt 0.075048 0.414291
vt 0.065077 0.402982
vt 0.055836 0.391068
vt 0.047361 0.378598
vt 0.039686 0.365621
vt 0.032842 0.352187
vt 0.026854 0.338350
vt 0.021746 0.324164
vt 0.017540 0.309686
vt 0.014251 0.294972
vt 0.011892 0.280080
vt 0.010474 0.265070
vt 0.010000 0.250000
vt 0.010474 0.234930
vt 0.011892 0.219920
vt 0.014251 0.205028
vt 0.017540 0.190314
vt 0.021746 0.175836
vt 0.026854 0.161650
vt 0.032842 0.147813
vt 0.039686 0.134379
vt 0.047361 0.121402
vt 0.055836 0.108932
vt 0.065077 0.097018
vt 0.075048 0.085709
vt 0.085709 0.075048
vt 0.097018 0.065077
vt 0.108932 0.055836
vt 0.121402 0.047361
vt 0.134379 0.039686
vt 0.147813 0.032842
vt 0.161650 0.026854
vt 0.175836 0.021746
vt 0.190314 0.017540
vt 0.205028 0.014251
vt 0.219920 0.011892
vt 0.234930 0.010474
vt 0.250000 0.010000
vt 0.265070 0.010474
vt 0.280080 0.011892
vt 0.294972 0.014251
vt 0.309686 0.017540
vt 0.324164 0.021746
vt 0.338350 0.026854
vt 0.352187 0.032842
vt 0.365621 0.039686
vt 0.378598 0.047361
vt 0.391068 0.055836
vt 0.402982 0.065077
vt 0.414291 0.075048
vt 0.424952 0.085709
vt 0.434923 0.097018
vt 0.444164 0.108932
vt 0.452639 0.121402
vt 0.460314 0.134379
vt 0.467158 0.147813
vt 0.473146 0.161650
vt 0.478254 0.175836
vt 0.482460 0.190314
vt 0.485749 0.205028
vt 0.488108 0.219920
vt 0.489526 0.234930
vt 0.490000 0.250000
vt 0.489526 0.265070
vt 0.488108 0.280080
vt 0.485749 0.294972
vt 0.482460 0.309686
vt 0.478254 0.324164
vt 0.473146 0.338350
vt 0.467158 0.352187
vt 0.460314 0.365621
vt 0.452639 0.378598
vt 0.444164 0.391068
vt 0.434923 0.402982
vt 0.424952 0.414291
vt 0.414291 0.424952
vt 0.402982 0.434923
vt 0.391068 0.444164
vt 0.378598 0.452639
vt 0.365621 0.460314
vt 0.352187 0.467158
vt 0.338350 0.473146
vt 0.324164 0.478254
vt 0.309686 0.482460
vt 0.294972 0.485749
vt 0.280080 0.488108
vt 0.010001 1.000000
vt 0.010001 0.477920
vt 0.000001 1.000000
vt 0.000001 0.477920
vt 0.750000 0.490000
vt 0.765070 0.489526
vt 0.780080 0.488108
vt 0.794972 0.485749
vt 0.809686 0.482460
vt 0.824164 0.478254
vt 0.838350 0.473146
vt 0.852187 0.467158
vt 0.865621 0.460314
vt 0.878598 0.452639
vt 0.891068 0.444164
vt 0.902982 0.434923
vt 0.914291 0.424952
vt 0.924952 0.414291
vt 0.934923 0.402982
vt 0.944164 0.391068
vt 0.952639 0.378598
vt 0.960314 0.365621
vt 0.967158 0.352187
vt 0.973146 0.338350
vt 0.978254 0.324164
vt 0.982460 0.309686
vt 0.985749 0.294972
vt 0.988108 0.280080
vt 0.989526 0.265070
vt 0.990000 0.250000
vt 0.989526 0.234930
vt 0.988108 0.219920
vt 0.985749 0.205028
vt 0.982460 0.190314
vt 0.978254 0.175836
vt 0.973146 0.161650
vt 0.967158 0.147813
vt 0.960314 0.134379
vt 0.952639 0.121402
vt 0.944164 0.108932
vt 0.934923 0.097018
vt 0.924952 0.085709
vt 0.914291 0.075048
vt 0.902982 0.065077
vt 0.891068 0.055836
vt 0.878598 0.047361
vt 0.865621 0.039686
vt 0.852187 0.032842
vt 0.838350 0.026854
vt 0.824164 0.021746
vt 0.809686 0.017540
vt 0.794972 0.014251
vt 0.780080 0.011892
vt 0.765070 0.010474
vt 0.750000 0.010000
vt 0.734930 0.010474
vt 0.719920 0.011892
vt 0.705028 0.014251
vt 0.690314 0.017540
vt 0.675836 0.021746
vt 0.661650 0.026854
vt 0.647813 0.032842
vt 0.634379 0.039686
vt 0.621402 0.047361
vt 0.608932 0.055836
vt 0.597018 0.065077
vt 0.585709 0.075048
vt 0.575048 0.085709
vt 0.565077 0.097018
vt 0.555836 0.108932
vt 0.547361 0.121402
vt 0.539686 0.134379
vt 0.532842 0.147813
vt 0.526854 0.161650
vt 0.521746 0.175836
vt 0.517540 0.190314
vt 0.514251 0.205028
vt 0.511892 0.219920
vt 0.510474 0.234930
vt 0.510000 0.250000
vt 0.510474 0.265070
vt 0.511892 0.280080
vt 0.514251 0.294972
vt 0.517540 0.309686
vt 0.521746 0.324164
vt 0.526854 0.338350
vt 0.532842 0.352187
vt 0.539686 0.365621
vt 0.547361 0.378598
vt 0.555836 0.391068
vt 0.565077 0.402982
vt 0.575048 0.414291
vt 0.585709 0.424952
vt 0.597018 0.434923
vt 0.608932 0.444164
vt 0.621402 0.452639
vt 0.634379 0.460314
vt 0.647813 0.467158
vt 0.661650 0.473146
vt 0.675836 0.478254
vt 0.690314 0.482460
vt 0.705028 0.485749
vt 0.719920 0.488108
vt 0.734930 0.489526
s 0
usemtl Material.002
f 3207/6539/1784 3208/6540/1784 3210/6541/1784 3209/6542/1784
f 3209/6542/1785 3210/6541/1785 3212/6543/1785 3211/6544/1785
f 3211/6544/1786 3212/6543/1786 3214/6545/1786 3213/6546/1786
f 3213/6546/1787 3214/6545/1787 3216/6547/1787 3215/6548/1787
f 3215/6548/1788 3216/6547/1788 3218/6549/1788 3217/6550/1788
f 3217/6550/1789 3218/6549/1789 3220/6551/1789 3219/6552/1789
f 3219/6552/1790 3220/6551/1790 3222/6553/1790 3221/6554/1790
f 3221/6554/1791 3222/6553/1791 3224/6555/1791 3223/6556/1791
f 3223/6557/1792 3224/6555/1792 3226/6558/1792 3225/6559/1792
f 3225/6560/1793 3226/6558/1793 3228/6561/1793 3227/6562/1793
f 3227/6562/1794 3228/6561/1794 3230/6563/1794 3229/6564/1794
f 3229/6564/1795 3230/6563/1795 3232/6565/1795 3231/6566/1795
f 3231/6566/1796 3232/6565/1796 3234/6567/1796 3233/6568/1796
f 3233/6569/1797 3234/6567/1797 3236/6570/1797 3235/6571/1797
f 3235/6571/1798 3236/6570/1798 3238/6572/1798 3237/6573/1798
f 3237/6573/1799 3238/6572/1799 3240/6574/1799 3239/6575/1799
f 3239/6575/1800 3240/6574/1800 3242/6576/1800 3241/6577/1800
f 3241/6578/1801 3242/6576/1801 3244/6579/1801 3243/6580/1801
f 3243/6581/1802 3244/6579/1802 3246/6582/1802 3245/6583/1802
f 3245/6583/1803 3246/6582/1803 3248/6584/1803 3247/6585/1803
f 3247/6585/1804 3248/6584/1804 3250/6586/1804 3249/6587/1804
f 3249/6587/1805 3250/6586/1805 3252/6588/1805 3251/6589/1805
f 3251/6589/1806 3252/6588/1806 3254/6590/1806 3253/6591/1806
f 3253/6591/1807 3254/6590/1807 3256/6592/1807 3255/6593/1807
f 3255/6593/1808 3256/6592/1808 3258/6594/1808 3257/6595/1808
f 3257/6595/1809 3258/6594/1809 3260/6596/1809 3259/6597/1809
f 3259/6597/1810 3260/6596/1810 3262/6598/1810 3261/6599/1810
f 3261/6599/1811 3262/6598/1811 3264/6600/1811 3263/6601/1811
f 3263/6601/1812 3264/6600/1812 3266/6602/1812 3265/6603/1812
f 3265/6603/1813 3266/6602/1813 3268/6604/1813 3267/6605/1813
f 3267/6605/1814 3268/6604/1814 3270/6606/1814 3269/6607/1814
f 3269/6607/1815 3270/6606/1815 3272/6608/1815 3271/6609/1815
f 3271/6609/1816 3272/6608/1816 3274/6610/1816 3273/6611/1816
f 3273/6612/1817 3274/6610/1817 3276/6613/1817 3275/6614/1817
f 3275/6615/1818 3276/6613/1818 3278/6616/1818 3277/6617/1818
f 3277/6617/1819 3278/6616/1819 3280/6618/1819 3279/6619/1819
f 3279/6619/1820 3280/6618/1820 3282/6620/1820 3281/6621/1820
f 3281/6621/1821 3282/6620/1821 3284/6622/1821 3283/6623/1821
f 3283/6624/1822 3284/6622/1822 3286/6625/1822 3285/6626/1822
f 3285/6626/1823 3286/6625/1823 3288/6627/1823 3287/6628/1823
f 3287/6628/1824 3288/6627/1824 3290/6629/1824 3289/6630/1824
f 3289/6630/1825 3290/6629/1825 3292/6631/1825 3291/6632/1825
f 3291/6633/1826 3292/6631/1826 3294/6634/1826 3293/6635/1826
f 3293/6636/1827 3294/6634/1827 3296/6637/1827 3295/6638/1827
f 3295/6638/1828 3296/6637/1828 3298/6639/1828 3297/6640/1828
f 3297/6640/1829 3298/6639/1829 3300/6641/1829 3299/6642/1829
f 3299/6642/1830 3300/6641/1830 3302/6643/1830 3301/6644/1830
f 3301/6644/1831 3302/6643/1831 3304/6645/1831 3303/6646/1831
f 3303/6646/1832 3304/6645/1832 3306/6647/1832 3305/6648/1832
f 3305/6648/1833 3306/6647/1833 3308/6649/1833 3307/6650/1833
f 3307/6650/1834 3308/6649/1834 3310/6651/1834 3309/6652/1834
f 3309/6652/1835 3310/6651/1835 3312/6653/1835 3311/6654/1835
f 3311/6654/1836 3312/6653/1836 3314/6655/1836 3313/6656/1836
f 3313/6657/1837 3314/6655/1837 3316/6658/1837 3315/6659/1837
f 3315/6659/1838 3316/6658/1838 3318/6660/1838 3317/6661/1838
f 3317/6661/1839 3318/6660/1839 3320/6662/1839 3319/6663/1839
f 3319/6663/1840 3320/6662/1840 3322/6664/1840 3321/6665/1840
f 3321/6665/1841 3322/6664/1841 3324/6666/1841 3323/6667/1841
f 3323/6668/1842 3324/6666/1842 3326/6669/1842 3325/6670/1842
f 3325/6671/1843 3326/6669/1843 3328/6672/1843 3327/6673/1843
f 3327/6673/1844 3328/6672/1844 3330/6674/1844 3329/6675/1844
f 3329/6675/1845 3330/6674/1845 3332/6676/1845 3331/6677/1845
f 3331/6678/1846 3332/6676/1846 3334/6679/1846 3333/6680/1846
f 3333/6681/1847 3334/6679/1847 3336/6682/1847 3335/6683/1847
f 3335/6683/1848 3336/6682/1848 3338/6684/1848 3337/6685/1848
f 3337/6685/1849 3338/6684/1849 3340/6686/1849 3339/6687/1849
f 3339/6687/1850 3340/6686/1850 3342/6688/1850 3341/6689/1850
f 3341/6690/1851 3342/6688/1851 3344/6691/1851 3343/6692/1851
f 3343/6693/1852 3344/6691/1852 3346/6694/1852 3345/6695/1852
f 3345/6696/1853 3346/6694/1853 3348/6697/1853 3347/6698/1853
f 3347/6698/1854 3348/6697/1854 3350/6699/1854 3349/6700/1854
f 3349/6700/1855 3350/6699/1855 3352/6701/1855 3351/6702/1855
f 3351/6702/1856 3352/6701/1856 3354/6703/1856 3353/6704/1856
f 3353/6704/1857 3354/6703/1857 3356/6705/1857 3355/6706/1857
f 3355/6706/1858 3356/6705/1858 3358/6707/1858 3357/6708/1858
f 3357/6708/1859 3358/6707/1859 3360/6709/1859 3359/6710/1859
f 3359/6710/1860 3360/6709/1860 3362/6711/1860 3361/6712/1860
f 3361/6712/1861 3362/6711/1861 3364/6713/1861 3363/6714/1861
f 3363/6714/1862 3364/6713/1862 3366/6715/1862 3365/6716/1862
f 3365/6716/1863 3366/6715/1863 3368/6717/1863 3367/6718/1863
f 3367/6718/1864 3368/6717/1864 3370/6719/1864 3369/6720/1864
f 3369/6720/1865 3370/6719/1865 3372/6721/1865 3371/6722/1865
f 3371/6722/1866 3372/6721/1866 3374/6723/1866 3373/6724/1866
f 3373/6725/1867 3374/6723/1867 3376/6726/1867 3375/6727/1867
f 3375/6728/1868 3376/6726/1868 3378/6729/1868 3377/6730/1868
f 3377/6730/1869 3378/6729/1869 3380/6731/1869 3379/6732/1869
f 3379/6732/1870 3380/6731/1870 3382/6733/1870 3381/6734/1870
f 3381/6734/1871 3382/6733/1871 3384/6735/1871 3383/6736/1871
f 3383/6737/1872 3384/6735/1872 3386/6738/1872 3385/6739/1872
f 3385/6739/1873 3386/6738/1873 3388/6740/1873 3387/6741/1873
f 3387/6741/1874 3388/6740/1874 3390/6742/1874 3389/6743/1874
f 3389/6743/1875 3390/6742/1875 3392/6744/1875 3391/6745/1875
f 3391/6746/1876 3392/6744/1876 3394/6747/1876 3393/6748/1876
f 3393/6749/1877 3394/6747/1877 3396/6750/1877 3395/6751/1877
f 3395/6751/1878 3396/6750/1878 3398/6752/1878 3397/6753/1878
f 3397/6753/1879 3398/6752/1879 3400/6754/1879 3399/6755/1879
f 3399/6755/1880 3400/6754/1880 3402/6756/1880 3401/6757/1880
f 3401/6757/1881 3402/6756/1881 3404/6758/1881 3403/6759/1881
f 3210/6760/1882 3208/6761/1882 3406/6762/1882 3404/6763/1882 3402/6764/1882 3400/6765/1882 3398/6766/1882 3396/6767/1882 3394/6768/1882 3392/6769/1882 3390/6770/1882 3388/6771/1882 3386/6772/1882 3384/6773/1882 3382/6774/1882 3380/6775/1882 3378/6776/1882 3376/6777/1882 3374/6778/1882 3372/6779/1882 3370/6780/1882 3368/6781/1882 3366/6782/1882 3364/6783/1882 3362/6784/1882 3360/6785/1882 3358/6786/1882 3356/6787/1882 3354/6788/1882 3352/6789/1882 3350/6790/1882 3348/6791/1882 3346/6792/1882 3344/6793/1882 3342/6794/1882 3340/6795/1882 3338/6796/1882 3336/6797/1882 3334/6798/1882 3332/6799/1882 3330/6800/1882 3328/6801/1882 3326/6802/1882 3324/6803/1882 3322/6804/1882 3320/6805/1882 3318/6806/1882 3316/6807/1882 3314/6808/1882 3312/6809/1882 3310/6810/1882 3308/6811/1882 3306/6812/1882 3304/6813/1882 3302/6814/1882 3300/6815/1882 3298/6816/1882 3296/6817/1882 3294/6818/1882 3292/6819/1882 3290/6820/1882 3288/6821/1882 3286/6822/1882 3284/6823/1882 3282/6824/1882 3280/6825/1882 3278/6826/1882 3276/6827/1882 3274/6828/1882 3272/6829/1882 3270/6830/1882 3268/6831/1882 3266/6832/1882 3264/6833/1882 3262/6834/1882 3260/6835/1882 3258/6836/1882 3256/6837/1882 3254/6838/1882 3252/6839/1882 3250/6840/1882 3248/6841/1882 3246/6842/1882 3244/6843/1882 3242/6844/1882 3240/6845/1882 3238/6846/1882 3236/6847/1882 3234/6848/1882 3232/6849/1882 3230/6850/1882 3228/6851/1882 3226/6852/1882 3224/6853/1882 3222/6854/1882 3220/6855/1882 3218/6856/1882 3216/6857/1882 3214/6858/1882 3212/6859/1882
f 3403/6759/1883 3404/6758/1883 3406/6860/1883 3405/6861/1883
f 3405/6861/1884 3406/6860/1884 3208/6862/1884 3207/6863/1884
f 3207/6864/1885 3209/6865/1885 3211/6866/1885 3213/6867/1885 3215/6868/1885 3217/6869/1885 3219/6870/1885 3221/6871/1885 3223/6872/1885 3225/6873/1885 3227/6874/1885 3229/6875/1885 3231/6876/1885 3233/6877/1885 3235/6878/1885 3237/6879/1885 3239/6880/1885 3241/6881/1885 3243/6882/1885 3245/6883/1885 3247/6884/1885 3249/6885/1885 3251/6886/1885 3253/6887/1885 3255/6888/1885 3257/6889/1885 3259/6890/1885 3261/6891/1885 3263/6892/1885 3265/6893/1885 3267/6894/1885 3269/6895/1885 3271/6896/1885 3273/6897/1885 3275/6898/1885 3277/6899/1885 3279/6900/1885 3281/6901/1885 3283/6902/1885 3285/6903/1885 3287/6904/1885 3289/6905/1885 3291/6906/1885 3293/6907/1885 3295/6908/1885 3297/6909/1885 3299/6910/1885 3301/6911/1885 3303/6912/1885 3305/6913/1885 3307/6914/1885 3309/6915/1885 3311/6916/1885 3313/6917/1885 3315/6918/1885 3317/6919/1885 3319/6920/1885 3321/6921/1885 3323/6922/1885 3325/6923/1885 3327/6924/1885 3329/6925/1885 3331/6926/1885 3333/6927/1885 3335/6928/1885 3337/6929/1885 3339/6930/1885 3341/6931/1885 3343/6932/1885 3345/6933/1885 3347/6934/1885 3349/6935/1885 3351/6936/1885 3353/6937/1885 3355/6938/1885 3357/6939/1885 3359/6940/1885 3361/6941/1885 3363/6942/1885 3365/6943/1885 3367/6944/1885 3369/6945/1885 3371/6946/1885 3373/6947/1885 3375/6948/1885 3377/6949/1885 3379/6950/1885 3381/6951/1885 3383/6952/1885 3385/6953/1885 3387/6954/1885 3389/6955/1885 3391/6956/1885 3393/6957/1885 3395/6958/1885 3397/6959/1885 3399/6960/1885 3401/6961/1885 3403/6962/1885 3405/6963/1885
o Cylinder.016
v -11.373343 0.004993 -6.244267
v -11.373343 3.669993 -6.244267
v -11.357017 0.004993 -6.243753
v -11.357017 3.669993 -6.243753
v -11.340755 0.004993 -6.242216
v -11.340755 3.669993 -6.242216
v -11.324623 0.004993 -6.239661
v -11.324623 3.669993 -6.239661
v -11.308683 0.004993 -6.236098
v -11.308683 3.669993 -6.236098
v -11.292998 0.004993 -6.231541
v -11.292998 3.669993 -6.231541
v -11.277630 0.004993 -6.226008
v -11.277630 3.669993 -6.226008
v -11.262640 0.004993 -6.219522
v -11.262640 3.669993 -6.219522
v -11.248087 0.004993 -6.212106
v -11.248087 3.669993 -6.212106
v -11.234028 0.004993 -6.203792
v -11.234028 3.669993 -6.203792
v -11.220518 0.004993 -6.194611
v -11.220518 3.669993 -6.194611
v -11.207612 0.004993 -6.184600
v -11.207612 3.669993 -6.184600
v -11.195360 0.004993 -6.173798
v -11.195360 3.669993 -6.173798
v -11.183810 0.004993 -6.162249
v -11.183810 3.669993 -6.162249
v -11.173009 0.004993 -6.149997
v -11.173009 3.669993 -6.149997
v -11.162998 0.004993 -6.137091
v -11.162998 3.669993 -6.137091
v -11.153817 0.004993 -6.123581
v -11.153817 3.669993 -6.123581
v -11.145503 0.004993 -6.109522
v -11.145503 3.669993 -6.109522
v -11.138087 0.004993 -6.094969
v -11.138087 3.669993 -6.094969
v -11.131600 0.004993 -6.079978
v -11.131600 3.669993 -6.079978
v -11.126068 0.004993 -6.064610
v -11.126068 3.669993 -6.064610
v -11.121511 0.004993 -6.048926
v -11.121511 3.669993 -6.048926
v -11.117948 0.004993 -6.032985
v -11.117948 3.669993 -6.032985
v -11.115393 0.004993 -6.016853
v -11.115393 3.669993 -6.016853
v -11.113855 0.004993 -6.000592
v -11.113855 3.669993 -6.000592
v -11.113342 0.004993 -5.984266
v -11.113342 3.669993 -5.984266
v -11.113855 0.004993 -5.967941
v -11.113855 3.669993 -5.967941
v -11.115393 0.004993 -5.951680
v -11.115393 3.669993 -5.951680
v -11.117948 0.004993 -5.935547
v -11.117948 3.669993 -5.935547
v -11.121511 0.004993 -5.919607
v -11.121511 3.669993 -5.919607
v -11.126068 0.004993 -5.903922
v -11.126068 3.669993 -5.903922
v -11.131600 0.004993 -5.888554
v -11.131600 3.669993 -5.888554
v -11.138087 0.004993 -5.873564
v -11.138087 3.669993 -5.873564
v -11.145503 0.004993 -5.859010
v -11.145503 3.669993 -5.859010
v -11.153817 0.004993 -5.844951
v -11.153817 3.669993 -5.844951
v -11.162998 0.004993 -5.831442
v -11.162998 3.669993 -5.831442
v -11.173009 0.004993 -5.818536
v -11.173009 3.669993 -5.818536
v -11.183810 0.004993 -5.806284
v -11.183810 3.669993 -5.806284
v -11.195360 0.004993 -5.794734
v -11.195360 3.669993 -5.794734
v -11.207612 0.004993 -5.783933
v -11.207612 3.669993 -5.783933
v -11.220518 0.004993 -5.773922
v -11.220518 3.669993 -5.773922
v -11.234028 0.004993 -5.764741
v -11.234028 3.669993 -5.764741
v -11.248087 0.004993 -5.756426
v -11.248087 3.669993 -5.756426
v -11.262640 0.004993 -5.749011
v -11.262640 3.669993 -5.749011
v -11.277630 0.004993 -5.742525
v -11.277630 3.669993 -5.742525
v -11.292998 0.004993 -5.736991
v -11.292998 3.669993 -5.736991
v -11.308683 0.004993 -5.732435
v -11.308683 3.669993 -5.732435
v -11.324623 0.004993 -5.728872
v -11.324623 3.669993 -5.728872
v -11.340755 0.004993 -5.726316
v -11.340755 3.669993 -5.726316
v -11.357017 0.004993 -5.724779
v -11.357017 3.669993 -5.724779
v -11.373343 0.004993 -5.724266
v -11.373343 3.669993 -5.724266
v -11.389668 0.004993 -5.724779
v -11.389668 3.669993 -5.724779
v -11.405930 0.004993 -5.726316
v -11.405930 3.669993 -5.726316
v -11.422062 0.004993 -5.728872
v -11.422062 3.669993 -5.728872
v -11.438002 0.004993 -5.732435
v -11.438002 3.669993 -5.732435
v -11.453687 0.004993 -5.736991
v -11.453687 3.669993 -5.736991
v -11.469055 0.004993 -5.742525
v -11.469055 3.669993 -5.742525
v -11.484045 0.004993 -5.749011
v -11.484045 3.669993 -5.749011
v -11.498598 0.004993 -5.756426
v -11.498598 3.669993 -5.756426
v -11.512657 0.004993 -5.764741
v -11.512657 3.669993 -5.764741
v -11.526167 0.004993 -5.773922
v -11.526167 3.669993 -5.773922
v -11.539073 0.004993 -5.783933
v -11.539073 3.669993 -5.783933
v -11.551325 0.004993 -5.794734
v -11.551325 3.669993 -5.794734
v -11.562875 0.004993 -5.806284
v -11.562875 3.669993 -5.806284
v -11.573676 0.004993 -5.818536
v -11.573676 3.669993 -5.818536
v -11.583687 0.004993 -5.831442
v -11.583687 3.669993 -5.831442
v -11.592868 0.004993 -5.844951
v -11.592868 3.669993 -5.844951
v -11.601182 0.004993 -5.859010
v -11.601182 3.669993 -5.859010
v -11.608598 0.004993 -5.873564
v -11.608598 3.669993 -5.873564
v -11.615085 0.004993 -5.888554
v -11.615085 3.669993 -5.888554
v -11.620617 0.004993 -5.903922
v -11.620617 3.669993 -5.903922
v -11.625175 0.004993 -5.919607
v -11.625175 3.669993 -5.919607
v -11.628737 0.004993 -5.935547
v -11.628737 3.669993 -5.935547
v -11.631292 0.004993 -5.951680
v -11.631292 3.669993 -5.951680
v -11.632830 0.004993 -5.967941
v -11.632830 3.669993 -5.967941
v -11.633343 0.004993 -5.984266
v -11.633343 3.669993 -5.984266
v -11.632830 0.004993 -6.000592
v -11.632830 3.669993 -6.000592
v -11.631292 0.004993 -6.016853
v -11.631292 3.669993 -6.016853
v -11.628737 0.004993 -6.032985
v -11.628737 3.669993 -6.032985
v -11.625175 0.004993 -6.048926
v -11.625175 3.669993 -6.048926
v -11.620617 0.004993 -6.064610
v -11.620617 3.669993 -6.064610
v -11.615085 0.004993 -6.079978
v -11.615085 3.669993 -6.079978
v -11.608598 0.004993 -6.094969
v -11.608598 3.669993 -6.094969
v -11.601182 0.004993 -6.109522
v -11.601182 3.669993 -6.109522
v -11.592868 0.004993 -6.123581
v -11.592868 3.669993 -6.123581
v -11.583687 0.004993 -6.137091
v -11.583687 3.669993 -6.137091
v -11.573676 0.004993 -6.149997
v -11.573676 3.669993 -6.149997
v -11.562875 0.004993 -6.162249
v -11.562875 3.669993 -6.162249
v -11.551325 0.004993 -6.173798
v -11.551325 3.669993 -6.173798
v -11.539073 0.004993 -6.184600
v -11.539073 3.669993 -6.184600
v -11.526167 0.004993 -6.194611
v -11.526167 3.669993 -6.194611
v -11.512657 0.004993 -6.203792
v -11.512657 3.669993 -6.203792
v -11.498598 0.004993 -6.212106
v -11.498598 3.669993 -6.212106
v -11.484045 0.004993 -6.219522
v -11.484045 3.669993 -6.219522
v -11.469055 0.004993 -6.226008
v -11.469055 3.669993 -6.226008
v -11.453687 0.004993 -6.231541
v -11.453687 3.669993 -6.231541
v -11.438002 0.004993 -6.236098
v -11.438002 3.669993 -6.236098
v -11.422062 0.004993 -6.239661
v -11.422062 3.669993 -6.239661
v -11.405930 0.004993 -6.242216
v -11.405930 3.669993 -6.242216
v -11.389668 0.004993 -6.243753
v -11.389668 3.669993 -6.243753
vn 0.0314 -0.0000 -0.9995
vn 0.0941 -0.0000 -0.9956
vn 0.1564 -0.0000 -0.9877
vn 0.2181 -0.0000 -0.9759
vn 0.2790 -0.0000 -0.9603
vn 0.3387 -0.0000 -0.9409
vn 0.3971 -0.0000 -0.9178
vn 0.4540 -0.0000 -0.8910
vn 0.5090 -0.0000 -0.8607
vn 0.5621 -0.0000 -0.8271
vn 0.6129 -0.0000 -0.7902
vn 0.6613 -0.0000 -0.7501
vn 0.7071 -0.0000 -0.7071
vn 0.7501 -0.0000 -0.6613
vn 0.7902 -0.0000 -0.6129
vn 0.8271 -0.0000 -0.5621
vn 0.8607 -0.0000 -0.5090
vn 0.8910 -0.0000 -0.4540
vn 0.9178 -0.0000 -0.3971
vn 0.9409 -0.0000 -0.3387
vn 0.9603 -0.0000 -0.2790
vn 0.9759 -0.0000 -0.2181
vn 0.9877 -0.0000 -0.1564
vn 0.9956 -0.0000 -0.0941
vn 0.9995 -0.0000 -0.0314
vn 0.9995 -0.0000 0.0314
vn 0.9956 -0.0000 0.0941
vn 0.9877 -0.0000 0.1564
vn 0.9759 -0.0000 0.2181
vn 0.9603 -0.0000 0.2790
vn 0.9409 -0.0000 0.3387
vn 0.9178 -0.0000 0.3971
vn 0.8910 -0.0000 0.4540
vn 0.8607 -0.0000 0.5090
vn 0.8271 -0.0000 0.5621
vn 0.7902 -0.0000 0.6129
vn 0.7501 -0.0000 0.6613
vn 0.7071 -0.0000 0.7071
vn 0.6613 -0.0000 0.7501
vn 0.6129 -0.0000 0.7902
vn 0.5621 -0.0000 0.8271
vn 0.5090 -0.0000 0.8607
vn 0.4540 -0.0000 0.8910
vn 0.3971 -0.0000 0.9178
vn 0.3387 -0.0000 0.9409
vn 0.2790 -0.0000 0.9603
vn 0.2181 -0.0000 0.9759
vn 0.1564 -0.0000 0.9877
vn 0.0941 -0.0000 0.9956
vn 0.0314 -0.0000 0.9995
vn -0.0314 -0.0000 0.9995
vn -0.0941 -0.0000 0.9956
vn -0.1564 -0.0000 0.9877
vn -0.2181 -0.0000 0.9759
vn -0.2790 -0.0000 0.9603
vn -0.3387 -0.0000 0.9409
vn -0.3971 -0.0000 0.9178
vn -0.4540 -0.0000 0.8910
vn -0.5090 -0.0000 0.8607
vn -0.5621 -0.0000 0.8271
vn -0.6129 -0.0000 0.7902
vn -0.6613 -0.0000 0.7501
vn -0.7071 -0.0000 0.7071
vn -0.7501 -0.0000 0.6613
vn -0.7902 -0.0000 0.6129
vn -0.8271 -0.0000 0.5621
vn -0.8607 -0.0000 0.5090
vn -0.8910 -0.0000 0.4540
vn -0.9178 -0.0000 0.3971
vn -0.9409 -0.0000 0.3387
vn -0.9603 -0.0000 0.2790
vn -0.9759 -0.0000 0.2181
vn -0.9877 -0.0000 0.1564
vn -0.9956 -0.0000 0.0941
vn -0.9995 -0.0000 0.0314
vn -0.9995 -0.0000 -0.0314
vn -0.9956 -0.0000 -0.0941
vn -0.9877 -0.0000 -0.1564
vn -0.9759 -0.0000 -0.2181
vn -0.9603 -0.0000 -0.2790
vn -0.9409 -0.0000 -0.3387
vn -0.9178 -0.0000 -0.3971
vn -0.8910 -0.0000 -0.4540
vn -0.8607 -0.0000 -0.5090
vn -0.8271 -0.0000 -0.5621
vn -0.7902 -0.0000 -0.6129
vn -0.7501 -0.0000 -0.6613
vn -0.7071 -0.0000 -0.7071
vn -0.6613 -0.0000 -0.7501
vn -0.6129 -0.0000 -0.7902
vn -0.5621 -0.0000 -0.8271
vn -0.5090 -0.0000 -0.8607
vn -0.4540 -0.0000 -0.8910
vn -0.3971 -0.0000 -0.9178
vn -0.3387 -0.0000 -0.9409
vn -0.2790 -0.0000 -0.9603
vn -0.2181 -0.0000 -0.9759
vn -0.1564 -0.0000 -0.9877
vn -0.0000 1.0000 -0.0000
vn -0.0941 -0.0000 -0.9956
vn -0.0314 -0.0000 -0.9995
vn -0.0000 -1.0000 -0.0000
vt 1.000000 0.477920
vt 1.000000 1.000000
vt 0.990000 1.000000
vt 0.990000 0.477920
vt 0.980000 1.000000
vt 0.980000 0.477920
vt 0.970000 1.000000
vt 0.970000 0.477920
vt 0.960000 1.000000
vt 0.960000 0.477920
vt 0.950000 1.000000
vt 0.950000 0.477920
vt 0.940000 1.000000
vt 0.940000 0.477920
vt 0.930000 1.000000
vt 0.930000 0.477920
vt 0.920000 1.000000
vt 0.920000 0.477920
vt 0.920000 0.477920
vt 0.910000 1.000000
vt 0.910000 0.477920
vt 0.910000 0.477920
vt 0.900000 1.000000
vt 0.900000 0.477920
vt 0.890000 1.000000
vt 0.890000 0.477920
vt 0.880000 1.000000
vt 0.880000 0.477920
vt 0.870000 1.000000
vt 0.870000 0.477920
vt 0.870000 0.477920
vt 0.860000 1.000000
vt 0.860000 0.477920
vt 0.850000 1.000000
vt 0.850000 0.477920
vt 0.840000 1.000000
vt 0.840000 0.477920
vt 0.830000 1.000000
vt 0.830000 0.477920
vt 0.830000 0.477920
vt 0.820000 1.000000
vt 0.820000 0.477920
vt 0.820000 0.477920
vt 0.810000 1.000000
vt 0.810000 0.477920
vt 0.800000 1.000000
vt 0.800000 0.477920
vt 0.790000 1.000000
vt 0.790000 0.477920
vt 0.780000 1.000000
vt 0.780000 0.477920
vt 0.770000 1.000000
vt 0.770000 0.477920
vt 0.760000 1.000000
vt 0.760000 0.477920
vt 0.750000 1.000000
vt 0.750000 0.477920
vt 0.740000 1.000000
vt 0.740000 0.477920
vt 0.730000 1.000000
vt 0.730000 0.477920
vt 0.720000 1.000000
vt 0.720000 0.477920
vt 0.710000 1.000000
vt 0.710000 0.477920
vt 0.700000 1.000000
vt 0.700000 0.477920
vt 0.690000 1.000000
vt 0.690000 0.477920
vt 0.680000 1.000000
vt 0.680000 0.477920
vt 0.670000 1.000000
vt 0.670000 0.477920
vt 0.670000 0.477920
vt 0.660000 1.000000
vt 0.660000 0.477920
vt 0.660000 0.477920
vt 0.650000 1.000000
vt 0.650000 0.477920
vt 0.640000 1.000000
vt 0.640000 0.477920
vt 0.630000 1.000000
vt 0.630000 0.477920
vt 0.620000 1.000000
vt 0.620000 0.477920
vt 0.620000 0.477920
vt 0.610000 1.000000
vt 0.610000 0.477920
vt 0.600000 1.000000
vt 0.600000 0.477920
vt 0.590000 1.000000
vt 0.590000 0.477920
vt 0.580000 1.000000
vt 0.580000 0.477920
vt 0.580000 0.477920
vt 0.570000 1.000000
vt 0.570000 0.477920
vt 0.570000 0.477920
vt 0.560000 1.000000
vt 0.560000 0.477920
vt 0.550000 1.000000
vt 0.550000 0.477920
vt 0.540000 1.000000
vt 0.540000 0.477920
vt 0.530000 1.000000
vt 0.530000 0.477920
vt 0.520000 1.000000
vt 0.520000 0.477920
vt 0.510000 1.000000
vt 0.510000 0.477920
vt 0.500000 1.000000
vt 0.500000 0.477920
vt 0.490000 1.000000
vt 0.490000 0.477920
vt 0.480000 1.000000
vt 0.480000 0.477920
vt 0.470001 1.000000
vt 0.470000 0.477920
vt 0.470001 0.477920
vt 0.460001 1.000000
vt 0.460001 0.477920
vt 0.450001 1.000000
vt 0.450001 0.477920
vt 0.440001 1.000000
vt 0.440001 0.477920
vt 0.430001 1.000000
vt 0.430001 0.477920
vt 0.420001 1.000000
vt 0.420001 0.477920
vt 0.420001 0.477920
vt 0.410001 1.000000
vt 0.410001 0.477920
vt 0.410001 0.477920
vt 0.400001 1.000000
vt 0.400001 0.477920
vt 0.390001 1.000000
vt 0.390001 0.477920
vt 0.380001 1.000000
vt 0.380001 0.477920
vt 0.380001 0.477920
vt 0.370001 1.000000
vt 0.370001 0.477920
vt 0.370001 0.477920
vt 0.360001 1.000000
vt 0.360001 0.477920
vt 0.350001 1.000000
vt 0.350001 0.477920
vt 0.340001 1.000000
vt 0.340001 0.477920
vt 0.330001 1.000000
vt 0.330001 0.477920
vt 0.330001 0.477920
vt 0.320001 1.000000
vt 0.320001 0.477920
vt 0.320001 0.477920
vt 0.310001 1.000000
vt 0.310001 0.477920
vt 0.310001 0.477920
vt 0.300001 1.000000
vt 0.300001 0.477920
vt 0.290001 1.000000
vt 0.290001 0.477920
vt 0.280001 1.000000
vt 0.280001 0.477920
vt 0.270001 1.000000
vt 0.270001 0.477920
vt 0.260001 1.000000
vt 0.260001 0.477920
vt 0.250001 1.000000
vt 0.250001 0.477920
vt 0.240001 1.000000
vt 0.240001 0.477920
vt 0.230001 1.000000
vt 0.230001 0.477920
vt 0.220001 1.000000
vt 0.220001 0.477920
vt 0.210001 1.000000
vt 0.210001 0.477920
vt 0.200001 1.000000
vt 0.200001 0.477920
vt 0.190001 1.000000
vt 0.190001 0.477920
vt 0.180001 1.000000
vt 0.180001 0.477920
vt 0.170001 1.000000
vt 0.170001 0.477920
vt 0.170001 0.477920
vt 0.160001 1.000000
vt 0.160001 0.477920
vt 0.160001 0.477920
vt 0.150001 1.000000
vt 0.150001 0.477920
vt 0.140001 1.000000
vt 0.140001 0.477920
vt 0.130001 1.000000
vt 0.130001 0.477920
vt 0.120001 1.000000
vt 0.120001 0.477920
vt 0.120001 0.477920
vt 0.110001 1.000000
vt 0.110001 0.477920
vt 0.100001 1.000000
vt 0.100001 0.477920
vt 0.090001 1.000000
vt 0.090001 0.477920
vt 0.080001 1.000000
vt 0.080001 0.477920
vt 0.080001 0.477920
vt 0.070001 1.000000
vt 0.070001 0.477920
vt 0.070001 0.477920
vt 0.060001 1.000000
vt 0.060001 0.477920
vt 0.050001 1.000000
vt 0.050001 0.477920
vt 0.040001 1.000000
vt 0.040001 0.477920
vt 0.030001 1.000000
vt 0.030001 0.477920
vt 0.020001 1.000000
vt 0.020001 0.477920
vt 0.265070 0.489526
vt 0.250000 0.490000
vt 0.234930 0.489526
vt 0.219920 0.488108
vt 0.205028 0.485749
vt 0.190314 0.482460
vt 0.175836 0.478254
vt 0.161650 0.473146
vt 0.147813 0.467158
vt 0.134379 0.460314
vt 0.121402 0.452639
vt 0.108932 0.444164
vt 0.097018 0.434923
vt 0.085709 0.424952
vt 0.075048 0.414291
vt 0.065077 0.402982
vt 0.055836 0.391068
vt 0.047361 0.378598
vt 0.039686 0.365621
vt 0.032842 0.352187
vt 0.026854 0.338350
vt 0.021746 0.324164
vt 0.017540 0.309686
vt 0.014251 0.294972
vt 0.011892 0.280080
vt 0.010474 0.265070
vt 0.010000 0.250000
vt 0.010474 0.234930
vt 0.011892 0.219920
vt 0.014251 0.205028
vt 0.017540 0.190314
vt 0.021746 0.175836
vt 0.026854 0.161650
vt 0.032842 0.147813
vt 0.039686 0.134379
vt 0.047361 0.121402
vt 0.055836 0.108932
vt 0.065077 0.097018
vt 0.075048 0.085709
vt 0.085709 0.075048
vt 0.097018 0.065077
vt 0.108932 0.055836
vt 0.121402 0.047361
vt 0.134379 0.039686
vt 0.147813 0.032842
vt 0.161650 0.026854
vt 0.175836 0.021746
vt 0.190314 0.017540
vt 0.205028 0.014251
vt 0.219920 0.011892
vt 0.234930 0.010474
vt 0.250000 0.010000
vt 0.265070 0.010474
vt 0.280080 0.011892
vt 0.294972 0.014251
vt 0.309686 0.017540
vt 0.324164 0.021746
vt 0.338350 0.026854
vt 0.352187 0.032842
vt 0.365621 0.039686
vt 0.378598 0.047361
vt 0.391068 0.055836
vt 0.402982 0.065077
vt 0.414291 0.075048
vt 0.424952 0.085709
vt 0.434923 0.097018
vt 0.444164 0.108932
vt 0.452639 0.121402
vt 0.460314 0.134379
vt 0.467158 0.147813
vt 0.473146 0.161650
vt 0.478254 0.175836
vt 0.482460 0.190314
vt 0.485749 0.205028
vt 0.488108 0.219920
vt 0.489526 0.234930
vt 0.490000 0.250000
vt 0.489526 0.265070
vt 0.488108 0.280080
vt 0.485749 0.294972
vt 0.482460 0.309686
vt 0.478254 0.324164
vt 0.473146 0.338350
vt 0.467158 0.352187
vt 0.460314 0.365621
vt 0.452639 0.378598
vt 0.444164 0.391068
vt 0.434923 0.402982
vt 0.424952 0.414291
vt 0.414291 0.424952
vt 0.402982 0.434923
vt 0.391068 0.444164
vt 0.378598 0.452639
vt 0.365621 0.460314
vt 0.352187 0.467158
vt 0.338350 0.473146
vt 0.324164 0.478254
vt 0.309686 0.482460
vt 0.294972 0.485749
vt 0.280080 0.488108
vt 0.010001 1.000000
vt 0.010001 0.477920
vt 0.000001 1.000000
vt 0.000001 0.477920
vt 0.750000 0.490000
vt 0.765070 0.489526
vt 0.780080 0.488108
vt 0.794972 0.485749
vt 0.809686 0.482460
vt 0.824164 0.478254
vt 0.838350 0.473146
vt 0.852187 0.467158
vt 0.865621 0.460314
vt 0.878598 0.452639
vt 0.891068 0.444164
vt 0.902982 0.434923
vt 0.914291 0.424952
vt 0.924952 0.414291
vt 0.934923 0.402982
vt 0.944164 0.391068
vt 0.952639 0.378598
vt 0.960314 0.365621
vt 0.967158 0.352187
vt 0.973146 0.338350
vt 0.978254 0.324164
vt 0.982460 0.309686
vt 0.985749 0.294972
vt 0.988108 0.280080
vt 0.989526 0.265070
vt 0.990000 0.250000
vt 0.989526 0.234930
vt 0.988108 0.219920
vt 0.985749 0.205028
vt 0.982460 0.190314
vt 0.978254 0.175836
vt 0.973146 0.161650
vt 0.967158 0.147813
vt 0.960314 0.134379
vt 0.952639 0.121402
vt 0.944164 0.108932
vt 0.934923 0.097018
vt 0.924952 0.085709
vt 0.914291 0.075048
vt 0.902982 0.065077
vt 0.891068 0.055836
vt 0.878598 0.047361
vt 0.865621 0.039686
vt 0.852187 0.032842
vt 0.838350 0.026854
vt 0.824164 0.021746
vt 0.809686 0.017540
vt 0.794972 0.014251
vt 0.780080 0.011892
vt 0.765070 0.010474
vt 0.750000 0.010000
vt 0.734930 0.010474
vt 0.719920 0.011892
vt 0.705028 0.014251
vt 0.690314 0.017540
vt 0.675836 0.021746
vt 0.661650 0.026854
vt 0.647813 0.032842
vt 0.634379 0.039686
vt 0.621402 0.047361
vt 0.608932 0.055836
vt 0.597018 0.065077
vt 0.585709 0.075048
vt 0.575048 0.085709
vt 0.565077 0.097018
vt 0.555836 0.108932
vt 0.547361 0.121402
vt 0.539686 0.134379
vt 0.532842 0.147813
vt 0.526854 0.161650
vt 0.521746 0.175836
vt 0.517540 0.190314
vt 0.514251 0.205028
vt 0.511892 0.219920
vt 0.510474 0.234930
vt 0.510000 0.250000
vt 0.510474 0.265070
vt 0.511892 0.280080
vt 0.514251 0.294972
vt 0.517540 0.309686
vt 0.521746 0.324164
vt 0.526854 0.338350
vt 0.532842 0.352187
vt 0.539686 0.365621
vt 0.547361 0.378598
vt 0.555836 0.391068
vt 0.565077 0.402982
vt 0.575048 0.414291
vt 0.585709 0.424952
vt 0.597018 0.434923
vt 0.608932 0.444164
vt 0.621402 0.452639
vt 0.634379 0.460314
vt 0.647813 0.467158
vt 0.661650 0.473146
vt 0.675836 0.478254
vt 0.690314 0.482460
vt 0.705028 0.485749
vt 0.719920 0.488108
vt 0.734930 0.489526
s 0
usemtl Material.002
f 3407/6964/1886 3408/6965/1886 3410/6966/1886 3409/6967/1886
f 3409/6967/1887 3410/6966/1887 3412/6968/1887 3411/6969/1887
f 3411/6969/1888 3412/6968/1888 3414/6970/1888 3413/6971/1888
f 3413/6971/1889 3414/6970/1889 3416/6972/1889 3415/6973/1889
f 3415/6973/1890 3416/6972/1890 3418/6974/1890 3417/6975/1890
f 3417/6975/1891 3418/6974/1891 3420/6976/1891 3419/6977/1891
f 3419/6977/1892 3420/6976/1892 3422/6978/1892 3421/6979/1892
f 3421/6979/1893 3422/6978/1893 3424/6980/1893 3423/6981/1893
f 3423/6982/1894 3424/6980/1894 3426/6983/1894 3425/6984/1894
f 3425/6985/1895 3426/6983/1895 3428/6986/1895 3427/6987/1895
f 3427/6987/1896 3428/6986/1896 3430/6988/1896 3429/6989/1896
f 3429/6989/1897 3430/6988/1897 3432/6990/1897 3431/6991/1897
f 3431/6991/1898 3432/6990/1898 3434/6992/1898 3433/6993/1898
f 3433/6994/1899 3434/6992/1899 3436/6995/1899 3435/6996/1899
f 3435/6996/1900 3436/6995/1900 3438/6997/1900 3437/6998/1900
f 3437/6998/1901 3438/6997/1901 3440/6999/1901 3439/7000/1901
f 3439/7000/1902 3440/6999/1902 3442/7001/1902 3441/7002/1902
f 3441/7003/1903 3442/7001/1903 3444/7004/1903 3443/7005/1903
f 3443/7006/1904 3444/7004/1904 3446/7007/1904 3445/7008/1904
f 3445/7008/1905 3446/7007/1905 3448/7009/1905 3447/7010/1905
f 3447/7010/1906 3448/7009/1906 3450/7011/1906 3449/7012/1906
f 3449/7012/1907 3450/7011/1907 3452/7013/1907 3451/7014/1907
f 3451/7014/1908 3452/7013/1908 3454/7015/1908 3453/7016/1908
f 3453/7016/1909 3454/7015/1909 3456/7017/1909 3455/7018/1909
f 3455/7018/1910 3456/7017/1910 3458/7019/1910 3457/7020/1910
f 3457/7020/1911 3458/7019/1911 3460/7021/1911 3459/7022/1911
f 3459/7022/1912 3460/7021/1912 3462/7023/1912 3461/7024/1912
f 3461/7024/1913 3462/7023/1913 3464/7025/1913 3463/7026/1913
f 3463/7026/1914 3464/7025/1914 3466/7027/1914 3465/7028/1914
f 3465/7028/1915 3466/7027/1915 3468/7029/1915 3467/7030/1915
f 3467/7030/1916 3468/7029/1916 3470/7031/1916 3469/7032/1916
f 3469/7032/1917 3470/7031/1917 3472/7033/1917 3471/7034/1917
f 3471/7034/1918 3472/7033/1918 3474/7035/1918 3473/7036/1918
f 3473/7037/1919 3474/7035/1919 3476/7038/1919 3475/7039/1919
f 3475/7040/1920 3476/7038/1920 3478/7041/1920 3477/7042/1920
f 3477/7042/1921 3478/7041/1921 3480/7043/1921 3479/7044/1921
f 3479/7044/1922 3480/7043/1922 3482/7045/1922 3481/7046/1922
f 3481/7046/1923 3482/7045/1923 3484/7047/1923 3483/7048/1923
f 3483/7049/1924 3484/7047/1924 3486/7050/1924 3485/7051/1924
f 3485/7051/1925 3486/7050/1925 3488/7052/1925 3487/7053/1925
f 3487/7053/1926 3488/7052/1926 3490/7054/1926 3489/7055/1926
f 3489/7055/1927 3490/7054/1927 3492/7056/1927 3491/7057/1927
f 3491/7058/1928 3492/7056/1928 3494/7059/1928 3493/7060/1928
f 3493/7061/1929 3494/7059/1929 3496/7062/1929 3495/7063/1929
f 3495/7063/1930 3496/7062/1930 3498/7064/1930 3497/7065/1930
f 3497/7065/1931 3498/7064/1931 3500/7066/1931 3499/7067/1931
f 3499/7067/1932 3500/7066/1932 3502/7068/1932 3501/7069/1932
f 3501/7069/1933 3502/7068/1933 3504/7070/1933 3503/7071/1933
f 3503/7071/1934 3504/7070/1934 3506/7072/1934 3505/7073/1934
f 3505/7073/1935 3506/7072/1935 3508/7074/1935 3507/7075/1935
f 3507/7075/1936 3508/7074/1936 3510/7076/1936 3509/7077/1936
f 3509/7077/1937 3510/7076/1937 3512/7078/1937 3511/7079/1937
f 3511/7079/1938 3512/7078/1938 3514/7080/1938 3513/7081/1938
f 3513/7082/1939 3514/7080/1939 3516/7083/1939 3515/7084/1939
f 3515/7084/1940 3516/7083/1940 3518/7085/1940 3517/7086/1940
f 3517/7086/1941 3518/7085/1941 3520/7087/1941 3519/7088/1941
f 3519/7088/1942 3520/7087/1942 3522/7089/1942 3521/7090/1942
f 3521/7090/1943 3522/7089/1943 3524/7091/1943 3523/7092/1943
f 3523/7093/1944 3524/7091/1944 3526/7094/1944 3525/7095/1944
f 3525/7096/1945 3526/7094/1945 3528/7097/1945 3527/7098/1945
f 3527/7098/1946 3528/7097/1946 3530/7099/1946 3529/7100/1946
f 3529/7100/1947 3530/7099/1947 3532/7101/1947 3531/7102/1947
f 3531/7103/1948 3532/7101/1948 3534/7104/1948 3533/7105/1948
f 3533/7106/1949 3534/7104/1949 3536/7107/1949 3535/7108/1949
f 3535/7108/1950 3536/7107/1950 3538/7109/1950 3537/7110/1950
f 3537/7110/1951 3538/7109/1951 3540/7111/1951 3539/7112/1951
f 3539/7112/1952 3540/7111/1952 3542/7113/1952 3541/7114/1952
f 3541/7115/1953 3542/7113/1953 3544/7116/1953 3543/7117/1953
f 3543/7118/1954 3544/7116/1954 3546/7119/1954 3545/7120/1954
f 3545/7121/1955 3546/7119/1955 3548/7122/1955 3547/7123/1955
f 3547/7123/1956 3548/7122/1956 3550/7124/1956 3549/7125/1956
f 3549/7125/1957 3550/7124/1957 3552/7126/1957 3551/7127/1957
f 3551/7127/1958 3552/7126/1958 3554/7128/1958 3553/7129/1958
f 3553/7129/1959 3554/7128/1959 3556/7130/1959 3555/7131/1959
f 3555/7131/1960 3556/7130/1960 3558/7132/1960 3557/7133/1960
f 3557/7133/1961 3558/7132/1961 3560/7134/1961 3559/7135/1961
f 3559/7135/1962 3560/7134/1962 3562/7136/1962 3561/7137/1962
f 3561/7137/1963 3562/7136/1963 3564/7138/1963 3563/7139/1963
f 3563/7139/1964 3564/7138/1964 3566/7140/1964 3565/7141/1964
f 3565/7141/1965 3566/7140/1965 3568/7142/1965 3567/7143/1965
f 3567/7143/1966 3568/7142/1966 3570/7144/1966 3569/7145/1966
f 3569/7145/1967 3570/7144/1967 3572/7146/1967 3571/7147/1967
f 3571/7147/1968 3572/7146/1968 3574/7148/1968 3573/7149/1968
f 3573/7150/1969 3574/7148/1969 3576/7151/1969 3575/7152/1969
f 3575/7153/1970 3576/7151/1970 3578/7154/1970 3577/7155/1970
f 3577/7155/1971 3578/7154/1971 3580/7156/1971 3579/7157/1971
f 3579/7157/1972 3580/7156/1972 3582/7158/1972 3581/7159/1972
f 3581/7159/1973 3582/7158/1973 3584/7160/1973 3583/7161/1973
f 3583/7162/1974 3584/7160/1974 3586/7163/1974 3585/7164/1974
f 3585/7164/1975 3586/7163/1975 3588/7165/1975 3587/7166/1975
f 3587/7166/1976 3588/7165/1976 3590/7167/1976 3589/7168/1976
f 3589/7168/1977 3590/7167/1977 3592/7169/1977 3591/7170/1977
f 3591/7171/1978 3592/7169/1978 3594/7172/1978 3593/7173/1978
f 3593/7174/1979 3594/7172/1979 3596/7175/1979 3595/7176/1979
f 3595/7176/1980 3596/7175/1980 3598/7177/1980 3597/7178/1980
f 3597/7178/1981 3598/7177/1981 3600/7179/1981 3599/7180/1981
f 3599/7180/1982 3600/7179/1982 3602/7181/1982 3601/7182/1982
f 3601/7182/1983 3602/7181/1983 3604/7183/1983 3603/7184/1983
f 3410/7185/1984 3408/7186/1984 3606/7187/1984 3604/7188/1984 3602/7189/1984 3600/7190/1984 3598/7191/1984 3596/7192/1984 3594/7193/1984 3592/7194/1984 3590/7195/1984 3588/7196/1984 3586/7197/1984 3584/7198/1984 3582/7199/1984 3580/7200/1984 3578/7201/1984 3576/7202/1984 3574/7203/1984 3572/7204/1984 3570/7205/1984 3568/7206/1984 3566/7207/1984 3564/7208/1984 3562/7209/1984 3560/7210/1984 3558/7211/1984 3556/7212/1984 3554/7213/1984 3552/7214/1984 3550/7215/1984 3548/7216/1984 3546/7217/1984 3544/7218/1984 3542/7219/1984 3540/7220/1984 3538/7221/1984 3536/7222/1984 3534/7223/1984 3532/7224/1984 3530/7225/1984 3528/7226/1984 3526/7227/1984 3524/7228/1984 3522/7229/1984 3520/7230/1984 3518/7231/1984 3516/7232/1984 3514/7233/1984 3512/7234/1984 3510/7235/1984 3508/7236/1984 3506/7237/1984 3504/7238/1984 3502/7239/1984 3500/7240/1984 3498/7241/1984 3496/7242/1984 3494/7243/1984 3492/7244/1984 3490/7245/1984 3488/7246/1984 3486/7247/1984 3484/7248/1984 3482/7249/1984 3480/7250/1984 3478/7251/1984 3476/7252/1984 3474/7253/1984 3472/7254/1984 3470/7255/1984 3468/7256/1984 3466/7257/1984 3464/7258/1984 3462/7259/1984 3460/7260/1984 3458/7261/1984 3456/7262/1984 3454/7263/1984 3452/7264/1984 3450/7265/1984 3448/7266/1984 3446/7267/1984 3444/7268/1984 3442/7269/1984 3440/7270/1984 3438/7271/1984 3436/7272/1984 3434/7273/1984 3432/7274/1984 3430/7275/1984 3428/7276/1984 3426/7277/1984 3424/7278/1984 3422/7279/1984 3420/7280/1984 3418/7281/1984 3416/7282/1984 3414/7283/1984 3412/7284/1984
f 3603/7184/1985 3604/7183/1985 3606/7285/1985 3605/7286/1985
f 3605/7286/1986 3606/7285/1986 3408/7287/1986 3407/7288/1986
f 3407/7289/1987 3409/7290/1987 3411/7291/1987 3413/7292/1987 3415/7293/1987 3417/7294/1987 3419/7295/1987 3421/7296/1987 3423/7297/1987 3425/7298/1987 3427/7299/1987 3429/7300/1987 3431/7301/1987 3433/7302/1987 3435/7303/1987 3437/7304/1987 3439/7305/1987 3441/7306/1987 3443/7307/1987 3445/7308/1987 3447/7309/1987 3449/7310/1987 3451/7311/1987 3453/7312/1987 3455/7313/1987 3457/7314/1987 3459/7315/1987 3461/7316/1987 3463/7317/1987 3465/7318/1987 3467/7319/1987 3469/7320/1987 3471/7321/1987 3473/7322/1987 3475/7323/1987 3477/7324/1987 3479/7325/1987 3481/7326/1987 3483/7327/1987 3485/7328/1987 3487/7329/1987 3489/7330/1987 3491/7331/1987 3493/7332/1987 3495/7333/1987 3497/7334/1987 3499/7335/1987 3501/7336/1987 3503/7337/1987 3505/7338/1987 3507/7339/1987 3509/7340/1987 3511/7341/1987 3513/7342/1987 3515/7343/1987 3517/7344/1987 3519/7345/1987 3521/7346/1987 3523/7347/1987 3525/7348/1987 3527/7349/1987 3529/7350/1987 3531/7351/1987 3533/7352/1987 3535/7353/1987 3537/7354/1987 3539/7355/1987 3541/7356/1987 3543/7357/1987 3545/7358/1987 3547/7359/1987 3549/7360/1987 3551/7361/1987 3553/7362/1987 3555/7363/1987 3557/7364/1987 3559/7365/1987 3561/7366/1987 3563/7367/1987 3565/7368/1987 3567/7369/1987 3569/7370/1987 3571/7371/1987 3573/7372/1987 3575/7373/1987 3577/7374/1987 3579/7375/1987 3581/7376/1987 3583/7377/1987 3585/7378/1987 3587/7379/1987 3589/7380/1987 3591/7381/1987 3593/7382/1987 3595/7383/1987 3597/7384/1987 3599/7385/1987 3601/7386/1987 3603/7387/1987 3605/7388/1987
o Cylinder.018
v -10.573342 0.004993 -11.039267
v -10.573342 3.669993 -11.039267
v -10.557016 0.004993 -11.038754
v -10.557016 3.669993 -11.038754
v -10.540755 0.004993 -11.037216
v -10.540755 3.669993 -11.037216
v -10.524623 0.004993 -11.034661
v -10.524623 3.669993 -11.034661
v -10.508683 0.004993 -11.031098
v -10.508683 3.669993 -11.031098
v -10.492998 0.004993 -11.026541
v -10.492998 3.669993 -11.026541
v -10.477630 0.004993 -11.021008
v -10.477630 3.669993 -11.021008
v -10.462640 0.004993 -11.014522
v -10.462640 3.669993 -11.014522
v -10.448087 0.004993 -11.007106
v -10.448087 3.669993 -11.007106
v -10.434028 0.004993 -10.998792
v -10.434028 3.669993 -10.998792
v -10.420518 0.004993 -10.989611
v -10.420518 3.669993 -10.989611
v -10.407612 0.004993 -10.979600
v -10.407612 3.669993 -10.979600
v -10.395360 0.004993 -10.968799
v -10.395360 3.669993 -10.968799
v -10.383810 0.004993 -10.957249
v -10.383810 3.669993 -10.957249
v -10.373009 0.004993 -10.944997
v -10.373009 3.669993 -10.944997
v -10.362998 0.004993 -10.932091
v -10.362998 3.669993 -10.932091
v -10.353817 0.004993 -10.918581
v -10.353817 3.669993 -10.918581
v -10.345503 0.004993 -10.904522
v -10.345503 3.669993 -10.904522
v -10.338087 0.004993 -10.889969
v -10.338087 3.669993 -10.889969
v -10.331600 0.004993 -10.874979
v -10.331600 3.669993 -10.874979
v -10.326068 0.004993 -10.859611
v -10.326068 3.669993 -10.859611
v -10.321510 0.004993 -10.843925
v -10.321510 3.669993 -10.843925
v -10.317947 0.004993 -10.827986
v -10.317947 3.669993 -10.827986
v -10.315392 0.004993 -10.811853
v -10.315392 3.669993 -10.811853
v -10.313855 0.004993 -10.795592
v -10.313855 3.669993 -10.795592
v -10.313342 0.004993 -10.779266
v -10.313342 3.669993 -10.779266
v -10.313855 0.004993 -10.762940
v -10.313855 3.669993 -10.762940
v -10.315392 0.004993 -10.746679
v -10.315392 3.669993 -10.746679
v -10.317947 0.004993 -10.730547
v -10.317947 3.669993 -10.730547
v -10.321510 0.004993 -10.714607
v -10.321510 3.669993 -10.714607
v -10.326068 0.004993 -10.698922
v -10.326068 3.669993 -10.698922
v -10.331600 0.004993 -10.683554
v -10.331600 3.669993 -10.683554
v -10.338087 0.004993 -10.668564
v -10.338087 3.669993 -10.668564
v -10.345503 0.004993 -10.654011
v -10.345503 3.669993 -10.654011
v -10.353817 0.004993 -10.639952
v -10.353817 3.669993 -10.639952
v -10.362998 0.004993 -10.626442
v -10.362998 3.669993 -10.626442
v -10.373009 0.004993 -10.613536
v -10.373009 3.669993 -10.613536
v -10.383810 0.004993 -10.601284
v -10.383810 3.669993 -10.601284
v -10.395360 0.004993 -10.589734
v -10.395360 3.669993 -10.589734
v -10.407612 0.004993 -10.578933
v -10.407612 3.669993 -10.578933
v -10.420518 0.004993 -10.568922
v -10.420518 3.669993 -10.568922
v -10.434028 0.004993 -10.559741
v -10.434028 3.669993 -10.559741
v -10.448087 0.004993 -10.551427
v -10.448087 3.669993 -10.551427
v -10.462640 0.004993 -10.544011
v -10.462640 3.669993 -10.544011
v -10.477630 0.004993 -10.537524
v -10.477630 3.669993 -10.537524
v -10.492998 0.004993 -10.531992
v -10.492998 3.669993 -10.531992
v -10.508683 0.004993 -10.527434
v -10.508683 3.669993 -10.527434
v -10.524623 0.004993 -10.523871
v -10.524623 3.669993 -10.523871
v -10.540755 0.004993 -10.521317
v -10.540755 3.669993 -10.521317
v -10.557016 0.004993 -10.519779
v -10.557016 3.669993 -10.519779
v -10.573342 0.004993 -10.519266
v -10.573342 3.669993 -10.519266
v -10.589668 0.004993 -10.519779
v -10.589668 3.669993 -10.519779
v -10.605929 0.004993 -10.521317
v -10.605929 3.669993 -10.521317
v -10.622062 0.004993 -10.523871
v -10.622062 3.669993 -10.523871
v -10.638001 0.004993 -10.527434
v -10.638001 3.669993 -10.527434
v -10.653687 0.004993 -10.531992
v -10.653687 3.669993 -10.531992
v -10.669055 0.004993 -10.537524
v -10.669055 3.669993 -10.537524
v -10.684045 0.004993 -10.544011
v -10.684045 3.669993 -10.544011
v -10.698598 0.004993 -10.551427
v -10.698598 3.669993 -10.551427
v -10.712657 0.004993 -10.559741
v -10.712657 3.669993 -10.559741
v -10.726167 0.004993 -10.568922
v -10.726167 3.669993 -10.568922
v -10.739073 0.004993 -10.578933
v -10.739073 3.669993 -10.578933
v -10.751325 0.004993 -10.589734
v -10.751325 3.669993 -10.589734
v -10.762875 0.004993 -10.601284
v -10.762875 3.669993 -10.601284
v -10.773676 0.004993 -10.613536
v -10.773676 3.669993 -10.613536
v -10.783687 0.004993 -10.626442
v -10.783687 3.669993 -10.626442
v -10.792868 0.004993 -10.639952
v -10.792868 3.669993 -10.639952
v -10.801182 0.004993 -10.654011
v -10.801182 3.669993 -10.654011
v -10.808598 0.004993 -10.668564
v -10.808598 3.669993 -10.668564
v -10.815084 0.004993 -10.683554
v -10.815084 3.669993 -10.683554
v -10.820617 0.004993 -10.698922
v -10.820617 3.669993 -10.698922
v -10.825174 0.004993 -10.714607
v -10.825174 3.669993 -10.714607
v -10.828737 0.004993 -10.730547
v -10.828737 3.669993 -10.730547
v -10.831292 0.004993 -10.746679
v -10.831292 3.669993 -10.746679
v -10.832829 0.004993 -10.762940
v -10.832829 3.669993 -10.762940
v -10.833343 0.004993 -10.779266
v -10.833343 3.669993 -10.779266
v -10.832829 0.004993 -10.795592
v -10.832829 3.669993 -10.795592
v -10.831292 0.004993 -10.811853
v -10.831292 3.669993 -10.811853
v -10.828737 0.004993 -10.827986
v -10.828737 3.669993 -10.827986
v -10.825174 0.004993 -10.843925
v -10.825174 3.669993 -10.843925
v -10.820617 0.004993 -10.859611
v -10.820617 3.669993 -10.859611
v -10.815084 0.004993 -10.874979
v -10.815084 3.669993 -10.874979
v -10.808598 0.004993 -10.889969
v -10.808598 3.669993 -10.889969
v -10.801182 0.004993 -10.904522
v -10.801182 3.669993 -10.904522
v -10.792868 0.004993 -10.918581
v -10.792868 3.669993 -10.918581
v -10.783687 0.004993 -10.932091
v -10.783687 3.669993 -10.932091
v -10.773676 0.004993 -10.944997
v -10.773676 3.669993 -10.944997
v -10.762875 0.004993 -10.957249
v -10.762875 3.669993 -10.957249
v -10.751325 0.004993 -10.968799
v -10.751325 3.669993 -10.968799
v -10.739073 0.004993 -10.979600
v -10.739073 3.669993 -10.979600
v -10.726167 0.004993 -10.989611
v -10.726167 3.669993 -10.989611
v -10.712657 0.004993 -10.998792
v -10.712657 3.669993 -10.998792
v -10.698598 0.004993 -11.007106
v -10.698598 3.669993 -11.007106
v -10.684045 0.004993 -11.014522
v -10.684045 3.669993 -11.014522
v -10.669055 0.004993 -11.021008
v -10.669055 3.669993 -11.021008
v -10.653687 0.004993 -11.026541
v -10.653687 3.669993 -11.026541
v -10.638001 0.004993 -11.031098
v -10.638001 3.669993 -11.031098
v -10.622062 0.004993 -11.034661
v -10.622062 3.669993 -11.034661
v -10.605929 0.004993 -11.037216
v -10.605929 3.669993 -11.037216
v -10.589668 0.004993 -11.038754
v -10.589668 3.669993 -11.038754
vn 0.0314 -0.0000 -0.9995
vn 0.0941 -0.0000 -0.9956
vn 0.1564 -0.0000 -0.9877
vn 0.2181 -0.0000 -0.9759
vn 0.2790 -0.0000 -0.9603
vn 0.3387 -0.0000 -0.9409
vn 0.3971 -0.0000 -0.9178
vn 0.4540 -0.0000 -0.8910
vn 0.5090 -0.0000 -0.8607
vn 0.5621 -0.0000 -0.8271
vn 0.6129 -0.0000 -0.7902
vn 0.6613 -0.0000 -0.7501
vn 0.7071 -0.0000 -0.7071
vn 0.7501 -0.0000 -0.6613
vn 0.7902 -0.0000 -0.6129
vn 0.8271 -0.0000 -0.5621
vn 0.8607 -0.0000 -0.5090
vn 0.8910 -0.0000 -0.4540
vn 0.9178 -0.0000 -0.3971
vn 0.9409 -0.0000 -0.3387
vn 0.9603 -0.0000 -0.2790
vn 0.9759 -0.0000 -0.2181
vn 0.9877 -0.0000 -0.1564
vn 0.9956 -0.0000 -0.0941
vn 0.9995 -0.0000 -0.0314
vn 0.9995 -0.0000 0.0314
vn 0.9956 -0.0000 0.0941
vn 0.9877 -0.0000 0.1564
vn 0.9759 -0.0000 0.2181
vn 0.9603 -0.0000 0.2790
vn 0.9409 -0.0000 0.3387
vn 0.9178 -0.0000 0.3971
vn 0.8910 -0.0000 0.4540
vn 0.8607 -0.0000 0.5090
vn 0.8271 -0.0000 0.5621
vn 0.7902 -0.0000 0.6129
vn 0.7501 -0.0000 0.6613
vn 0.7071 -0.0000 0.7071
vn 0.6613 -0.0000 0.7501
vn 0.6129 -0.0000 0.7902
vn 0.5621 -0.0000 0.8271
vn 0.5090 -0.0000 0.8607
vn 0.4540 -0.0000 0.8910
vn 0.3971 -0.0000 0.9178
vn 0.3387 -0.0000 0.9409
vn 0.2790 -0.0000 0.9603
vn 0.2181 -0.0000 0.9759
vn 0.1564 -0.0000 0.9877
vn 0.0941 -0.0000 0.9956
vn 0.0314 -0.0000 0.9995
vn -0.0314 -0.0000 0.9995
vn -0.0941 -0.0000 0.9956
vn -0.1564 -0.0000 0.9877
vn -0.2181 -0.0000 0.9759
vn -0.2790 -0.0000 0.9603
vn -0.3387 -0.0000 0.9409
vn -0.3971 -0.0000 0.9178
vn -0.4540 -0.0000 0.8910
vn -0.5090 -0.0000 0.8607
vn -0.5621 -0.0000 0.8271
vn -0.6129 -0.0000 0.7902
vn -0.6613 -0.0000 0.7501
vn -0.7071 -0.0000 0.7071
vn -0.7501 -0.0000 0.6613
vn -0.7902 -0.0000 0.6129
vn -0.8271 -0.0000 0.5621
vn -0.8607 -0.0000 0.5090
vn -0.8910 -0.0000 0.4540
vn -0.9178 -0.0000 0.3971
vn -0.9409 -0.0000 0.3387
vn -0.9603 -0.0000 0.2790
vn -0.9759 -0.0000 0.2181
vn -0.9877 -0.0000 0.1564
vn -0.9956 -0.0000 0.0941
vn -0.9995 -0.0000 0.0314
vn -0.9995 -0.0000 -0.0314
vn -0.9956 -0.0000 -0.0941
vn -0.9877 -0.0000 -0.1564
vn -0.9759 -0.0000 -0.2181
vn -0.9603 -0.0000 -0.2790
vn -0.9409 -0.0000 -0.3387
vn -0.9178 -0.0000 -0.3971
vn -0.8910 -0.0000 -0.4540
vn -0.8607 -0.0000 -0.5090
vn -0.8271 -0.0000 -0.5621
vn -0.7902 -0.0000 -0.6129
vn -0.7501 -0.0000 -0.6613
vn -0.7071 -0.0000 -0.7071
vn -0.6613 -0.0000 -0.7501
vn -0.6129 -0.0000 -0.7902
vn -0.5621 -0.0000 -0.8271
vn -0.5090 -0.0000 -0.8607
vn -0.4540 -0.0000 -0.8910
vn -0.3971 -0.0000 -0.9178
vn -0.3387 -0.0000 -0.9409
vn -0.2790 -0.0000 -0.9603
vn -0.2181 -0.0000 -0.9759
vn -0.1564 -0.0000 -0.9877
vn -0.0000 1.0000 -0.0000
vn -0.0941 -0.0000 -0.9956
vn -0.0314 -0.0000 -0.9995
vn -0.0000 -1.0000 -0.0000
vt 1.000000 0.477920
vt 1.000000 1.000000
vt 0.990000 1.000000
vt 0.990000 0.477920
vt 0.980000 1.000000
vt 0.980000 0.477920
vt 0.970000 1.000000
vt 0.970000 0.477920
vt 0.960000 1.000000
vt 0.960000 0.477920
vt 0.950000 1.000000
vt 0.950000 0.477920
vt 0.940000 1.000000
vt 0.940000 0.477920
vt 0.930000 1.000000
vt 0.930000 0.477920
vt 0.920000 1.000000
vt 0.920000 0.477920
vt 0.920000 0.477920
vt 0.910000 1.000000
vt 0.910000 0.477920
vt 0.910000 0.477920
vt 0.900000 1.000000
vt 0.900000 0.477920
vt 0.890000 1.000000
vt 0.890000 0.477920
vt 0.880000 1.000000
vt 0.880000 0.477920
vt 0.870000 1.000000
vt 0.870000 0.477920
vt 0.870000 0.477920
vt 0.860000 1.000000
vt 0.860000 0.477920
vt 0.850000 1.000000
vt 0.850000 0.477920
vt 0.840000 1.000000
vt 0.840000 0.477920
vt 0.830000 1.000000
vt 0.830000 0.477920
vt 0.830000 0.477920
vt 0.820000 1.000000
vt 0.820000 0.477920
vt 0.820000 0.477920
vt 0.810000 1.000000
vt 0.810000 0.477920
vt 0.800000 1.000000
vt 0.800000 0.477920
vt 0.790000 1.000000
vt 0.790000 0.477920
vt 0.780000 1.000000
vt 0.780000 0.477920
vt 0.770000 1.000000
vt 0.770000 0.477920
vt 0.760000 1.000000
vt 0.760000 0.477920
vt 0.750000 1.000000
vt 0.750000 0.477920
vt 0.740000 1.000000
vt 0.740000 0.477920
vt 0.730000 1.000000
vt 0.730000 0.477920
vt 0.720000 1.000000
vt 0.720000 0.477920
vt 0.710000 1.000000
vt 0.710000 0.477920
vt 0.700000 1.000000
vt 0.700000 0.477920
vt 0.690000 1.000000
vt 0.690000 0.477920
vt 0.680000 1.000000
vt 0.680000 0.477920
vt 0.670000 1.000000
vt 0.670000 0.477920
vt 0.670000 0.477920
vt 0.660000 1.000000
vt 0.660000 0.477920
vt 0.660000 0.477920
vt 0.650000 1.000000
vt 0.650000 0.477920
vt 0.640000 1.000000
vt 0.640000 0.477920
vt 0.630000 1.000000
vt 0.630000 0.477920
vt 0.620000 1.000000
vt 0.620000 0.477920
vt 0.620000 0.477920
vt 0.610000 1.000000
vt 0.610000 0.477920
vt 0.600000 1.000000
vt 0.600000 0.477920
vt 0.590000 1.000000
vt 0.590000 0.477920
vt 0.580000 1.000000
vt 0.580000 0.477920
vt 0.580000 0.477920
vt 0.570000 1.000000
vt 0.570000 0.477920
vt 0.570000 0.477920
vt 0.560000 1.000000
vt 0.560000 0.477920
vt 0.550000 1.000000
vt 0.550000 0.477920
vt 0.540000 1.000000
vt 0.540000 0.477920
vt 0.530000 1.000000
vt 0.530000 0.477920
vt 0.520000 1.000000
vt 0.520000 0.477920
vt 0.510000 1.000000
vt 0.510000 0.477920
vt 0.500000 1.000000
vt 0.500000 0.477920
vt 0.490000 1.000000
vt 0.490000 0.477920
vt 0.480000 1.000000
vt 0.480000 0.477920
vt 0.470001 1.000000
vt 0.470000 0.477920
vt 0.470001 0.477920
vt 0.460001 1.000000
vt 0.460001 0.477920
vt 0.450001 1.000000
vt 0.450001 0.477920
vt 0.440001 1.000000
vt 0.440001 0.477920
vt 0.430001 1.000000
vt 0.430001 0.477920
vt 0.420001 1.000000
vt 0.420001 0.477920
vt 0.420001 0.477920
vt 0.410001 1.000000
vt 0.410001 0.477920
vt 0.410001 0.477920
vt 0.400001 1.000000
vt 0.400001 0.477920
vt 0.390001 1.000000
vt 0.390001 0.477920
vt 0.380001 1.000000
vt 0.380001 0.477920
vt 0.380001 0.477920
vt 0.370001 1.000000
vt 0.370001 0.477920
vt 0.370001 0.477920
vt 0.360001 1.000000
vt 0.360001 0.477920
vt 0.350001 1.000000
vt 0.350001 0.477920
vt 0.340001 1.000000
vt 0.340001 0.477920
vt 0.330001 1.000000
vt 0.330001 0.477920
vt 0.330001 0.477920
vt 0.320001 1.000000
vt 0.320001 0.477920
vt 0.320001 0.477920
vt 0.310001 1.000000
vt 0.310001 0.477920
vt 0.310001 0.477920
vt 0.300001 1.000000
vt 0.300001 0.477920
vt 0.290001 1.000000
vt 0.290001 0.477920
vt 0.280001 1.000000
vt 0.280001 0.477920
vt 0.270001 1.000000
vt 0.270001 0.477920
vt 0.260001 1.000000
vt 0.260001 0.477920
vt 0.250001 1.000000
vt 0.250001 0.477920
vt 0.240001 1.000000
vt 0.240001 0.477920
vt 0.230001 1.000000
vt 0.230001 0.477920
vt 0.220001 1.000000
vt 0.220001 0.477920
vt 0.210001 1.000000
vt 0.210001 0.477920
vt 0.200001 1.000000
vt 0.200001 0.477920
vt 0.190001 1.000000
vt 0.190001 0.477920
vt 0.180001 1.000000
vt 0.180001 0.477920
vt 0.170001 1.000000
vt 0.170001 0.477920
vt 0.170001 0.477920
vt 0.160001 1.000000
vt 0.160001 0.477920
vt 0.160001 0.477920
vt 0.150001 1.000000
vt 0.150001 0.477920
vt 0.140001 1.000000
vt 0.140001 0.477920
vt 0.130001 1.000000
vt 0.130001 0.477920
vt 0.120001 1.000000
vt 0.120001 0.477920
vt 0.120001 0.477920
vt 0.110001 1.000000
vt 0.110001 0.477920
vt 0.100001 1.000000
vt 0.100001 0.477920
vt 0.090001 1.000000
vt 0.090001 0.477920
vt 0.080001 1.000000
vt 0.080001 0.477920
vt 0.080001 0.477920
vt 0.070001 1.000000
vt 0.070001 0.477920
vt 0.070001 0.477920
vt 0.060001 1.000000
vt 0.060001 0.477920
vt 0.050001 1.000000
vt 0.050001 0.477920
vt 0.040001 1.000000
vt 0.040001 0.477920
vt 0.030001 1.000000
vt 0.030001 0.477920
vt 0.020001 1.000000
vt 0.020001 0.477920
vt 0.265070 0.489526
vt 0.250000 0.490000
vt 0.234930 0.489526
vt 0.219920 0.488108
vt 0.205028 0.485749
vt 0.190314 0.482460
vt 0.175836 0.478254
vt 0.161650 0.473146
vt 0.147813 0.467158
vt 0.134379 0.460314
vt 0.121402 0.452639
vt 0.108932 0.444164
vt 0.097018 0.434923
vt 0.085709 0.424952
vt 0.075048 0.414291
vt 0.065077 0.402982
vt 0.055836 0.391068
vt 0.047361 0.378598
vt 0.039686 0.365621
vt 0.032842 0.352187
vt 0.026854 0.338350
vt 0.021746 0.324164
vt 0.017540 0.309686
vt 0.014251 0.294972
vt 0.011892 0.280080
vt 0.010474 0.265070
vt 0.010000 0.250000
vt 0.010474 0.234930
vt 0.011892 0.219920
vt 0.014251 0.205028
vt 0.017540 0.190314
vt 0.021746 0.175836
vt 0.026854 0.161650
vt 0.032842 0.147813
vt 0.039686 0.134379
vt 0.047361 0.121402
vt 0.055836 0.108932
vt 0.065077 0.097018
vt 0.075048 0.085709
vt 0.085709 0.075048
vt 0.097018 0.065077
vt 0.108932 0.055836
vt 0.121402 0.047361
vt 0.134379 0.039686
vt 0.147813 0.032842
vt 0.161650 0.026854
vt 0.175836 0.021746
vt 0.190314 0.017540
vt 0.205028 0.014251
vt 0.219920 0.011892
vt 0.234930 0.010474
vt 0.250000 0.010000
vt 0.265070 0.010474
vt 0.280080 0.011892
vt 0.294972 0.014251
vt 0.309686 0.017540
vt 0.324164 0.021746
vt 0.338350 0.026854
vt 0.352187 0.032842
vt 0.365621 0.039686
vt 0.378598 0.047361
vt 0.391068 0.055836
vt 0.402982 0.065077
vt 0.414291 0.075048
vt 0.424952 0.085709
vt 0.434923 0.097018
vt 0.444164 0.108932
vt 0.452639 0.121402
vt 0.460314 0.134379
vt 0.467158 0.147813
vt 0.473146 0.161650
vt 0.478254 0.175836
vt 0.482460 0.190314
vt 0.485749 0.205028
vt 0.488108 0.219920
vt 0.489526 0.234930
vt 0.490000 0.250000
vt 0.489526 0.265070
vt 0.488108 0.280080
vt 0.485749 0.294972
vt 0.482460 0.309686
vt 0.478254 0.324164
vt 0.473146 0.338350
vt 0.467158 0.352187
vt 0.460314 0.365621
vt 0.452639 0.378598
vt 0.444164 0.391068
vt 0.434923 0.402982
vt 0.424952 0.414291
vt 0.414291 0.424952
vt 0.402982 0.434923
vt 0.391068 0.444164
vt 0.378598 0.452639
vt 0.365621 0.460314
vt 0.352187 0.467158
vt 0.338350 0.473146
vt 0.324164 0.478254
vt 0.309686 0.482460
vt 0.294972 0.485749
vt 0.280080 0.488108
vt 0.010001 1.000000
vt 0.010001 0.477920
vt 0.000001 1.000000
vt 0.000001 0.477920
vt 0.750000 0.490000
vt 0.765070 0.489526
vt 0.780080 0.488108
vt 0.794972 0.485749
vt 0.809686 0.482460
vt 0.824164 0.478254
vt 0.838350 0.473146
vt 0.852187 0.467158
vt 0.865621 0.460314
vt 0.878598 0.452639
vt 0.891068 0.444164
vt 0.902982 0.434923
vt 0.914291 0.424952
vt 0.924952 0.414291
vt 0.934923 0.402982
vt 0.944164 0.391068
vt 0.952639 0.378598
vt 0.960314 0.365621
vt 0.967158 0.352187
vt 0.973146 0.338350
vt 0.978254 0.324164
vt 0.982460 0.309686
vt 0.985749 0.294972
vt 0.988108 0.280080
vt 0.989526 0.265070
vt 0.990000 0.250000
vt 0.989526 0.234930
vt 0.988108 0.219920
vt 0.985749 0.205028
vt 0.982460 0.190314
vt 0.978254 0.175836
vt 0.973146 0.161650
vt 0.967158 0.147813
vt 0.960314 0.134379
vt 0.952639 0.121402
vt 0.944164 0.108932
vt 0.934923 0.097018
vt 0.924952 0.085709
vt 0.914291 0.075048
vt 0.902982 0.065077
vt 0.891068 0.055836
vt 0.878598 0.047361
vt 0.865621 0.039686
vt 0.852187 0.032842
vt 0.838350 0.026854
vt 0.824164 0.021746
vt 0.809686 0.017540
vt 0.794972 0.014251
vt 0.780080 0.011892
vt 0.765070 0.010474
vt 0.750000 0.010000
vt 0.734930 0.010474
vt 0.719920 0.011892
vt 0.705028 0.014251
vt 0.690314 0.017540
vt 0.675836 0.021746
vt 0.661650 0.026854
vt 0.647813 0.032842
vt 0.634379 0.039686
vt 0.621402 0.047361
vt 0.608932 0.055836
vt 0.597018 0.065077
vt 0.585709 0.075048
vt 0.575048 0.085709
vt 0.565077 0.097018
vt 0.555836 0.108932
vt 0.547361 0.121402
vt 0.539686 0.134379
vt 0.532842 0.147813
vt 0.526854 0.161650
vt 0.521746 0.175836
vt 0.517540 0.190314
vt 0.514251 0.205028
vt 0.511892 0.219920
vt 0.510474 0.234930
vt 0.510000 0.250000
vt 0.510474 0.265070
vt 0.511892 0.280080
vt 0.514251 0.294972
vt 0.517540 0.309686
vt 0.521746 0.324164
vt 0.526854 0.338350
vt 0.532842 0.352187
vt 0.539686 0.365621
vt 0.547361 0.378598
vt 0.555836 0.391068
vt 0.565077 0.402982
vt 0.575048 0.414291
vt 0.585709 0.424952
vt 0.597018 0.434923
vt 0.608932 0.444164
vt 0.621402 0.452639
vt 0.634379 0.460314
vt 0.647813 0.467158
vt 0.661650 0.473146
vt 0.675836 0.478254
vt 0.690314 0.482460
vt 0.705028 0.485749
vt 0.719920 0.488108
vt 0.734930 0.489526
s 0
usemtl Material.002
f 3607/7389/1988 3608/7390/1988 3610/7391/1988 3609/7392/1988
f 3609/7392/1989 3610/7391/1989 3612/7393/1989 3611/7394/1989
f 3611/7394/1990 3612/7393/1990 3614/7395/1990 3613/7396/1990
f 3613/7396/1991 3614/7395/1991 3616/7397/1991 3615/7398/1991
f 3615/7398/1992 3616/7397/1992 3618/7399/1992 3617/7400/1992
f 3617/7400/1993 3618/7399/1993 3620/7401/1993 3619/7402/1993
f 3619/7402/1994 3620/7401/1994 3622/7403/1994 3621/7404/1994
f 3621/7404/1995 3622/7403/1995 3624/7405/1995 3623/7406/1995
f 3623/7407/1996 3624/7405/1996 3626/7408/1996 3625/7409/1996
f 3625/7410/1997 3626/7408/1997 3628/7411/1997 3627/7412/1997
f 3627/7412/1998 3628/7411/1998 3630/7413/1998 3629/7414/1998
f 3629/7414/1999 3630/7413/1999 3632/7415/1999 3631/7416/1999
f 3631/7416/2000 3632/7415/2000 3634/7417/2000 3633/7418/2000
f 3633/7419/2001 3634/7417/2001 3636/7420/2001 3635/7421/2001
f 3635/7421/2002 3636/7420/2002 3638/7422/2002 3637/7423/2002
f 3637/7423/2003 3638/7422/2003 3640/7424/2003 3639/7425/2003
f 3639/7425/2004 3640/7424/2004 3642/7426/2004 3641/7427/2004
f 3641/7428/2005 3642/7426/2005 3644/7429/2005 3643/7430/2005
f 3643/7431/2006 3644/7429/2006 3646/7432/2006 3645/7433/2006
f 3645/7433/2007 3646/7432/2007 3648/7434/2007 3647/7435/2007
f 3647/7435/2008 3648/7434/2008 3650/7436/2008 3649/7437/2008
f 3649/7437/2009 3650/7436/2009 3652/7438/2009 3651/7439/2009
f 3651/7439/2010 3652/7438/2010 3654/7440/2010 3653/7441/2010
f 3653/7441/2011 3654/7440/2011 3656/7442/2011 3655/7443/2011
f 3655/7443/2012 3656/7442/2012 3658/7444/2012 3657/7445/2012
f 3657/7445/2013 3658/7444/2013 3660/7446/2013 3659/7447/2013
f 3659/7447/2014 3660/7446/2014 3662/7448/2014 3661/7449/2014
f 3661/7449/2015 3662/7448/2015 3664/7450/2015 3663/7451/2015
f 3663/7451/2016 3664/7450/2016 3666/7452/2016 3665/7453/2016
f 3665/7453/2017 3666/7452/2017 3668/7454/2017 3667/7455/2017
f 3667/7455/2018 3668/7454/2018 3670/7456/2018 3669/7457/2018
f 3669/7457/2019 3670/7456/2019 3672/7458/2019 3671/7459/2019
f 3671/7459/2020 3672/7458/2020 3674/7460/2020 3673/7461/2020
f 3673/7462/2021 3674/7460/2021 3676/7463/2021 3675/7464/2021
f 3675/7465/2022 3676/7463/2022 3678/7466/2022 3677/7467/2022
f 3677/7467/2023 3678/7466/2023 3680/7468/2023 3679/7469/2023
f 3679/7469/2024 3680/7468/2024 3682/7470/2024 3681/7471/2024
f 3681/7471/2025 3682/7470/2025 3684/7472/2025 3683/7473/2025
f 3683/7474/2026 3684/7472/2026 3686/7475/2026 3685/7476/2026
f 3685/7476/2027 3686/7475/2027 3688/7477/2027 3687/7478/2027
f 3687/7478/2028 3688/7477/2028 3690/7479/2028 3689/7480/2028
f 3689/7480/2029 3690/7479/2029 3692/7481/2029 3691/7482/2029
f 3691/7483/2030 3692/7481/2030 3694/7484/2030 3693/7485/2030
f 3693/7486/2031 3694/7484/2031 3696/7487/2031 3695/7488/2031
f 3695/7488/2032 3696/7487/2032 3698/7489/2032 3697/7490/2032
f 3697/7490/2033 3698/7489/2033 3700/7491/2033 3699/7492/2033
f 3699/7492/2034 3700/7491/2034 3702/7493/2034 3701/7494/2034
f 3701/7494/2035 3702/7493/2035 3704/7495/2035 3703/7496/2035
f 3703/7496/2036 3704/7495/2036 3706/7497/2036 3705/7498/2036
f 3705/7498/2037 3706/7497/2037 3708/7499/2037 3707/7500/2037
f 3707/7500/2038 3708/7499/2038 3710/7501/2038 3709/7502/2038
f 3709/7502/2039 3710/7501/2039 3712/7503/2039 3711/7504/2039
f 3711/7504/2040 3712/7503/2040 3714/7505/2040 3713/7506/2040
f 3713/7507/2041 3714/7505/2041 3716/7508/2041 3715/7509/2041
f 3715/7509/2042 3716/7508/2042 3718/7510/2042 3717/7511/2042
f 3717/7511/2043 3718/7510/2043 3720/7512/2043 3719/7513/2043
f 3719/7513/2044 3720/7512/2044 3722/7514/2044 3721/7515/2044
f 3721/7515/2045 3722/7514/2045 3724/7516/2045 3723/7517/2045
f 3723/7518/2046 3724/7516/2046 3726/7519/2046 3725/7520/2046
f 3725/7521/2047 3726/7519/2047 3728/7522/2047 3727/7523/2047
f 3727/7523/2048 3728/7522/2048 3730/7524/2048 3729/7525/2048
f 3729/7525/2049 3730/7524/2049 3732/7526/2049 3731/7527/2049
f 3731/7528/2050 3732/7526/2050 3734/7529/2050 3733/7530/2050
f 3733/7531/2051 3734/7529/2051 3736/7532/2051 3735/7533/2051
f 3735/7533/2052 3736/7532/2052 3738/7534/2052 3737/7535/2052
f 3737/7535/2053 3738/7534/2053 3740/7536/2053 3739/7537/2053
f 3739/7537/2054 3740/7536/2054 3742/7538/2054 3741/7539/2054
f 3741/7540/2055 3742/7538/2055 3744/7541/2055 3743/7542/2055
f 3743/7543/2056 3744/7541/2056 3746/7544/2056 3745/7545/2056
f 3745/7546/2057 3746/7544/2057 3748/7547/2057 3747/7548/2057
f 3747/7548/2058 3748/7547/2058 3750/7549/2058 3749/7550/2058
f 3749/7550/2059 3750/7549/2059 3752/7551/2059 3751/7552/2059
f 3751/7552/2060 3752/7551/2060 3754/7553/2060 3753/7554/2060
f 3753/7554/2061 3754/7553/2061 3756/7555/2061 3755/7556/2061
f 3755/7556/2062 3756/7555/2062 3758/7557/2062 3757/7558/2062
f 3757/7558/2063 3758/7557/2063 3760/7559/2063 3759/7560/2063
f 3759/7560/2064 3760/7559/2064 3762/7561/2064 3761/7562/2064
f 3761/7562/2065 3762/7561/2065 3764/7563/2065 3763/7564/2065
f 3763/7564/2066 3764/7563/2066 3766/7565/2066 3765/7566/2066
f 3765/7566/2067 3766/7565/2067 3768/7567/2067 3767/7568/2067
f 3767/7568/2068 3768/7567/2068 3770/7569/2068 3769/7570/2068
f 3769/7570/2069 3770/7569/2069 3772/7571/2069 3771/7572/2069
f 3771/7572/2070 3772/7571/2070 3774/7573/2070 3773/7574/2070
f 3773/7575/2071 3774/7573/2071 3776/7576/2071 3775/7577/2071
f 3775/7578/2072 3776/7576/2072 3778/7579/2072 3777/7580/2072
f 3777/7580/2073 3778/7579/2073 3780/7581/2073 3779/7582/2073
f 3779/7582/2074 3780/7581/2074 3782/7583/2074 3781/7584/2074
f 3781/7584/2075 3782/7583/2075 3784/7585/2075 3783/7586/2075
f 3783/7587/2076 3784/7585/2076 3786/7588/2076 3785/7589/2076
f 3785/7589/2077 3786/7588/2077 3788/7590/2077 3787/7591/2077
f 3787/7591/2078 3788/7590/2078 3790/7592/2078 3789/7593/2078
f 3789/7593/2079 3790/7592/2079 3792/7594/2079 3791/7595/2079
f 3791/7596/2080 3792/7594/2080 3794/7597/2080 3793/7598/2080
f 3793/7599/2081 3794/7597/2081 3796/7600/2081 3795/7601/2081
f 3795/7601/2082 3796/7600/2082 3798/7602/2082 3797/7603/2082
f 3797/7603/2083 3798/7602/2083 3800/7604/2083 3799/7605/2083
f 3799/7605/2084 3800/7604/2084 3802/7606/2084 3801/7607/2084
f 3801/7607/2085 3802/7606/2085 3804/7608/2085 3803/7609/2085
f 3610/7610/2086 3608/7611/2086 3806/7612/2086 3804/7613/2086 3802/7614/2086 3800/7615/2086 3798/7616/2086 3796/7617/2086 3794/7618/2086 3792/7619/2086 3790/7620/2086 3788/7621/2086 3786/7622/2086 3784/7623/2086 3782/7624/2086 3780/7625/2086 3778/7626/2086 3776/7627/2086 3774/7628/2086 3772/7629/2086 3770/7630/2086 3768/7631/2086 3766/7632/2086 3764/7633/2086 3762/7634/2086 3760/7635/2086 3758/7636/2086 3756/7637/2086 3754/7638/2086 3752/7639/2086 3750/7640/2086 3748/7641/2086 3746/7642/2086 3744/7643/2086 3742/7644/2086 3740/7645/2086 3738/7646/2086 3736/7647/2086 3734/7648/2086 3732/7649/2086 3730/7650/2086 3728/7651/2086 3726/7652/2086 3724/7653/2086 3722/7654/2086 3720/7655/2086 3718/7656/2086 3716/7657/2086 3714/7658/2086 3712/7659/2086 3710/7660/2086 3708/7661/2086 3706/7662/2086 3704/7663/2086 3702/7664/2086 3700/7665/2086 3698/7666/2086 3696/7667/2086 3694/7668/2086 3692/7669/2086 3690/7670/2086 3688/7671/2086 3686/7672/2086 3684/7673/2086 3682/7674/2086 3680/7675/2086 3678/7676/2086 3676/7677/2086 3674/7678/2086 3672/7679/2086 3670/7680/2086 3668/7681/2086 3666/7682/2086 3664/7683/2086 3662/7684/2086 3660/7685/2086 3658/7686/2086 3656/7687/2086 3654/7688/2086 3652/7689/2086 3650/7690/2086 3648/7691/2086 3646/7692/2086 3644/7693/2086 3642/7694/2086 3640/7695/2086 3638/7696/2086 3636/7697/2086 3634/7698/2086 3632/7699/2086 3630/7700/2086 3628/7701/2086 3626/7702/2086 3624/7703/2086 3622/7704/2086 3620/7705/2086 3618/7706/2086 3616/7707/2086 3614/7708/2086 3612/7709/2086
f 3803/7609/2087 3804/7608/2087 3806/7710/2087 3805/7711/2087
f 3805/7711/2088 3806/7710/2088 3608/7712/2088 3607/7713/2088
f 3607/7714/2089 3609/7715/2089 3611/7716/2089 3613/7717/2089 3615/7718/2089 3617/7719/2089 3619/7720/2089 3621/7721/2089 3623/7722/2089 3625/7723/2089 3627/7724/2089 3629/7725/2089 3631/7726/2089 3633/7727/2089 3635/7728/2089 3637/7729/2089 3639/7730/2089 3641/7731/2089 3643/7732/2089 3645/7733/2089 3647/7734/2089 3649/7735/2089 3651/7736/2089 3653/7737/2089 3655/7738/2089 3657/7739/2089 3659/7740/2089 3661/7741/2089 3663/7742/2089 3665/7743/2089 3667/7744/2089 3669/7745/2089 3671/7746/2089 3673/7747/2089 3675/7748/2089 3677/7749/2089 3679/7750/2089 3681/7751/2089 3683/7752/2089 3685/7753/2089 3687/7754/2089 3689/7755/2089 3691/7756/2089 3693/7757/2089 3695/7758/2089 3697/7759/2089 3699/7760/2089 3701/7761/2089 3703/7762/2089 3705/7763/2089 3707/7764/2089 3709/7765/2089 3711/7766/2089 3713/7767/2089 3715/7768/2089 3717/7769/2089 3719/7770/2089 3721/7771/2089 3723/7772/2089 3725/7773/2089 3727/7774/2089 3729/7775/2089 3731/7776/2089 3733/7777/2089 3735/7778/2089 3737/7779/2089 3739/7780/2089 3741/7781/2089 3743/7782/2089 3745/7783/2089 3747/7784/2089 3749/7785/2089 3751/7786/2089 3753/7787/2089 3755/7788/2089 3757/7789/2089 3759/7790/2089 3761/7791/2089 3763/7792/2089 3765/7793/2089 3767/7794/2089 3769/7795/2089 3771/7796/2089 3773/7797/2089 3775/7798/2089 3777/7799/2089 3779/7800/2089 3781/7801/2089 3783/7802/2089 3785/7803/2089 3787/7804/2089 3789/7805/2089 3791/7806/2089 3793/7807/2089 3795/7808/2089 3797/7809/2089 3799/7810/2089 3801/7811/2089 3803/7812/2089 3805/7813/2089
o Cylinder.019
v -11.373343 0.004993 -11.039267
v -11.373343 3.669993 -11.039267
v -11.357017 0.004993 -11.038754
v -11.357017 3.669993 -11.038754
v -11.340755 0.004993 -11.037216
v -11.340755 3.669993 -11.037216
v -11.324623 0.004993 -11.034661
v -11.324623 3.669993 -11.034661
v -11.308683 0.004993 -11.031098
v -11.308683 3.669993 -11.031098
v -11.292998 0.004993 -11.026541
v -11.292998 3.669993 -11.026541
v -11.277630 0.004993 -11.021008
v -11.277630 3.669993 -11.021008
v -11.262640 0.004993 -11.014522
v -11.262640 3.669993 -11.014522
v -11.248087 0.004993 -11.007106
v -11.248087 3.669993 -11.007106
v -11.234028 0.004993 -10.998792
v -11.234028 3.669993 -10.998792
v -11.220518 0.004993 -10.989611
v -11.220518 3.669993 -10.989611
v -11.207612 0.004993 -10.979600
v -11.207612 3.669993 -10.979600
v -11.195360 0.004993 -10.968799
v -11.195360 3.669993 -10.968799
v -11.183810 0.004993 -10.957249
v -11.183810 3.669993 -10.957249
v -11.173009 0.004993 -10.944997
v -11.173009 3.669993 -10.944997
v -11.162998 0.004993 -10.932091
v -11.162998 3.669993 -10.932091
v -11.153817 0.004993 -10.918581
v -11.153817 3.669993 -10.918581
v -11.145503 0.004993 -10.904522
v -11.145503 3.669993 -10.904522
v -11.138087 0.004993 -10.889969
v -11.138087 3.669993 -10.889969
v -11.131600 0.004993 -10.874979
v -11.131600 3.669993 -10.874979
v -11.126068 0.004993 -10.859611
v -11.126068 3.669993 -10.859611
v -11.121511 0.004993 -10.843925
v -11.121511 3.669993 -10.843925
v -11.117948 0.004993 -10.827986
v -11.117948 3.669993 -10.827986
v -11.115393 0.004993 -10.811853
v -11.115393 3.669993 -10.811853
v -11.113855 0.004993 -10.795592
v -11.113855 3.669993 -10.795592
v -11.113342 0.004993 -10.779266
v -11.113342 3.669993 -10.779266
v -11.113855 0.004993 -10.762940
v -11.113855 3.669993 -10.762940
v -11.115393 0.004993 -10.746679
v -11.115393 3.669993 -10.746679
v -11.117948 0.004993 -10.730547
v -11.117948 3.669993 -10.730547
v -11.121511 0.004993 -10.714607
v -11.121511 3.669993 -10.714607
v -11.126068 0.004993 -10.698922
v -11.126068 3.669993 -10.698922
v -11.131600 0.004993 -10.683554
v -11.131600 3.669993 -10.683554
v -11.138087 0.004993 -10.668564
v -11.138087 3.669993 -10.668564
v -11.145503 0.004993 -10.654011
v -11.145503 3.669993 -10.654011
v -11.153817 0.004993 -10.639952
v -11.153817 3.669993 -10.639952
v -11.162998 0.004993 -10.626442
v -11.162998 3.669993 -10.626442
v -11.173009 0.004993 -10.613536
v -11.173009 3.669993 -10.613536
v -11.183810 0.004993 -10.601284
v -11.183810 3.669993 -10.601284
v -11.195360 0.004993 -10.589734
v -11.195360 3.669993 -10.589734
v -11.207612 0.004993 -10.578933
v -11.207612 3.669993 -10.578933
v -11.220518 0.004993 -10.568922
v -11.220518 3.669993 -10.568922
v -11.234028 0.004993 -10.559741
v -11.234028 3.669993 -10.559741
v -11.248087 0.004993 -10.551427
v -11.248087 3.669993 -10.551427
v -11.262640 0.004993 -10.544011
v -11.262640 3.669993 -10.544011
v -11.277630 0.004993 -10.537524
v -11.277630 3.669993 -10.537524
v -11.292998 0.004993 -10.531992
v -11.292998 3.669993 -10.531992
v -11.308683 0.004993 -10.527434
v -11.308683 3.669993 -10.527434
v -11.324623 0.004993 -10.523871
v -11.324623 3.669993 -10.523871
v -11.340755 0.004993 -10.521317
v -11.340755 3.669993 -10.521317
v -11.357017 0.004993 -10.519779
v -11.357017 3.669993 -10.519779
v -11.373343 0.004993 -10.519266
v -11.373343 3.669993 -10.519266
v -11.389668 0.004993 -10.519779
v -11.389668 3.669993 -10.519779
v -11.405930 0.004993 -10.521317
v -11.405930 3.669993 -10.521317
v -11.422062 0.004993 -10.523871
v -11.422062 3.669993 -10.523871
v -11.438002 0.004993 -10.527434
v -11.438002 3.669993 -10.527434
v -11.453687 0.004993 -10.531992
v -11.453687 3.669993 -10.531992
v -11.469055 0.004993 -10.537524
v -11.469055 3.669993 -10.537524
v -11.484045 0.004993 -10.544011
v -11.484045 3.669993 -10.544011
v -11.498598 0.004993 -10.551427
v -11.498598 3.669993 -10.551427
v -11.512657 0.004993 -10.559741
v -11.512657 3.669993 -10.559741
v -11.526167 0.004993 -10.568922
v -11.526167 3.669993 -10.568922
v -11.539073 0.004993 -10.578933
v -11.539073 3.669993 -10.578933
v -11.551325 0.004993 -10.589734
v -11.551325 3.669993 -10.589734
v -11.562875 0.004993 -10.601284
v -11.562875 3.669993 -10.601284
v -11.573676 0.004993 -10.613536
v -11.573676 3.669993 -10.613536
v -11.583687 0.004993 -10.626442
v -11.583687 3.669993 -10.626442
v -11.592868 0.004993 -10.639952
v -11.592868 3.669993 -10.639952
v -11.601182 0.004993 -10.654011
v -11.601182 3.669993 -10.654011
v -11.608598 0.004993 -10.668564
v -11.608598 3.669993 -10.668564
v -11.615085 0.004993 -10.683554
v -11.615085 3.669993 -10.683554
v -11.620617 0.004993 -10.698922
v -11.620617 3.669993 -10.698922
v -11.625175 0.004993 -10.714607
v -11.625175 3.669993 -10.714607
v -11.628737 0.004993 -10.730547
v -11.628737 3.669993 -10.730547
v -11.631292 0.004993 -10.746679
v -11.631292 3.669993 -10.746679
v -11.632830 0.004993 -10.762940
v -11.632830 3.669993 -10.762940
v -11.633343 0.004993 -10.779266
v -11.633343 3.669993 -10.779266
v -11.632830 0.004993 -10.795592
v -11.632830 3.669993 -10.795592
v -11.631292 0.004993 -10.811853
v -11.631292 3.669993 -10.811853
v -11.628737 0.004993 -10.827986
v -11.628737 3.669993 -10.827986
v -11.625175 0.004993 -10.843925
v -11.625175 3.669993 -10.843925
v -11.620617 0.004993 -10.859611
v -11.620617 3.669993 -10.859611
v -11.615085 0.004993 -10.874979
v -11.615085 3.669993 -10.874979
v -11.608598 0.004993 -10.889969
v -11.608598 3.669993 -10.889969
v -11.601182 0.004993 -10.904522
v -11.601182 3.669993 -10.904522
v -11.592868 0.004993 -10.918581
v -11.592868 3.669993 -10.918581
v -11.583687 0.004993 -10.932091
v -11.583687 3.669993 -10.932091
v -11.573676 0.004993 -10.944997
v -11.573676 3.669993 -10.944997
v -11.562875 0.004993 -10.957249
v -11.562875 3.669993 -10.957249
v -11.551325 0.004993 -10.968799
v -11.551325 3.669993 -10.968799
v -11.539073 0.004993 -10.979600
v -11.539073 3.669993 -10.979600
v -11.526167 0.004993 -10.989611
v -11.526167 3.669993 -10.989611
v -11.512657 0.004993 -10.998792
v -11.512657 3.669993 -10.998792
v -11.498598 0.004993 -11.007106
v -11.498598 3.669993 -11.007106
v -11.484045 0.004993 -11.014522
v -11.484045 3.669993 -11.014522
v -11.469055 0.004993 -11.021008
v -11.469055 3.669993 -11.021008
v -11.453687 0.004993 -11.026541
v -11.453687 3.669993 -11.026541
v -11.438002 0.004993 -11.031098
v -11.438002 3.669993 -11.031098
v -11.422062 0.004993 -11.034661
v -11.422062 3.669993 -11.034661
v -11.405930 0.004993 -11.037216
v -11.405930 3.669993 -11.037216
v -11.389668 0.004993 -11.038754
v -11.389668 3.669993 -11.038754
vn 0.0314 -0.0000 -0.9995
vn 0.0941 -0.0000 -0.9956
vn 0.1564 -0.0000 -0.9877
vn 0.2181 -0.0000 -0.9759
vn 0.2790 -0.0000 -0.9603
vn 0.3387 -0.0000 -0.9409
vn 0.3971 -0.0000 -0.9178
vn 0.4540 -0.0000 -0.8910
vn 0.5090 -0.0000 -0.8607
vn 0.5621 -0.0000 -0.8271
vn 0.6129 -0.0000 -0.7902
vn 0.6613 -0.0000 -0.7501
vn 0.7071 -0.0000 -0.7071
vn 0.7501 -0.0000 -0.6613
vn 0.7902 -0.0000 -0.6129
vn 0.8271 -0.0000 -0.5621
vn 0.8607 -0.0000 -0.5090
vn 0.8910 -0.0000 -0.4540
vn 0.9178 -0.0000 -0.3971
vn 0.9409 -0.0000 -0.3387
vn 0.9603 -0.0000 -0.2790
vn 0.9759 -0.0000 -0.2181
vn 0.9877 -0.0000 -0.1564
vn 0.9956 -0.0000 -0.0941
vn 0.9995 -0.0000 -0.0314
vn 0.9995 -0.0000 0.0314
vn 0.9956 -0.0000 0.0941
vn 0.9877 -0.0000 0.1564
vn 0.9759 -0.0000 0.2181
vn 0.9603 -0.0000 0.2790
vn 0.9409 -0.0000 0.3387
vn 0.9178 -0.0000 0.3971
vn 0.8910 -0.0000 0.4540
vn 0.8607 -0.0000 0.5090
vn 0.8271 -0.0000 0.5621
vn 0.7902 -0.0000 0.6129
vn 0.7501 -0.0000 0.6613
vn 0.7071 -0.0000 0.7071
vn 0.6613 -0.0000 0.7501
vn 0.6129 -0.0000 0.7902
vn 0.5621 -0.0000 0.8271
vn 0.5090 -0.0000 0.8607
vn 0.4540 -0.0000 0.8910
vn 0.3971 -0.0000 0.9178
vn 0.3387 -0.0000 0.9409
vn 0.2790 -0.0000 0.9603
vn 0.2181 -0.0000 0.9759
vn 0.1564 -0.0000 0.9877
vn 0.0941 -0.0000 0.9956
vn 0.0314 -0.0000 0.9995
vn -0.0314 -0.0000 0.9995
vn -0.0941 -0.0000 0.9956
vn -0.1564 -0.0000 0.9877
vn -0.2181 -0.0000 0.9759
vn -0.2790 -0.0000 0.9603
vn -0.3387 -0.0000 0.9409
vn -0.3971 -0.0000 0.9178
vn -0.4540 -0.0000 0.8910
vn -0.5090 -0.0000 0.8607
vn -0.5621 -0.0000 0.8271
vn -0.6129 -0.0000 0.7902
vn -0.6613 -0.0000 0.7501
vn -0.7071 -0.0000 0.7071
vn -0.7501 -0.0000 0.6613
vn -0.7902 -0.0000 0.6129
vn -0.8271 -0.0000 0.5621
vn -0.8607 -0.0000 0.5090
vn -0.8910 -0.0000 0.4540
vn -0.9178 -0.0000 0.3971
vn -0.9409 -0.0000 0.3387
vn -0.9603 -0.0000 0.2790
vn -0.9759 -0.0000 0.2181
vn -0.9877 -0.0000 0.1564
vn -0.9956 -0.0000 0.0941
vn -0.9995 -0.0000 0.0314
vn -0.9995 -0.0000 -0.0314
vn -0.9956 -0.0000 -0.0941
vn -0.9877 -0.0000 -0.1564
vn -0.9759 -0.0000 -0.2181
vn -0.9603 -0.0000 -0.2790
vn -0.9409 -0.0000 -0.3387
vn -0.9178 -0.0000 -0.3971
vn -0.8910 -0.0000 -0.4540
vn -0.8607 -0.0000 -0.5090
vn -0.8271 -0.0000 -0.5621
vn -0.7902 -0.0000 -0.6129
vn -0.7501 -0.0000 -0.6613
vn -0.7071 -0.0000 -0.7071
vn -0.6613 -0.0000 -0.7501
vn -0.6129 -0.0000 -0.7902
vn -0.5621 -0.0000 -0.8271
vn -0.5090 -0.0000 -0.8607
vn -0.4540 -0.0000 -0.8910
vn -0.3971 -0.0000 -0.9178
vn -0.3387 -0.0000 -0.9409
vn -0.2790 -0.0000 -0.9603
vn -0.2181 -0.0000 -0.9759
vn -0.1564 -0.0000 -0.9877
vn -0.0000 1.0000 -0.0000
vn -0.0941 -0.0000 -0.9956
vn -0.0314 -0.0000 -0.9995
vn -0.0000 -1.0000 -0.0000
vt 1.000000 0.477920
vt 1.000000 1.000000
vt 0.990000 1.000000
vt 0.990000 0.477920
vt 0.980000 1.000000
vt 0.980000 0.477920
vt 0.970000 1.000000
vt 0.970000 0.477920
vt 0.960000 1.000000
vt 0.960000 0.477920
vt 0.950000 1.000000
vt 0.950000 0.477920
vt 0.940000 1.000000
vt 0.940000 0.477920
vt 0.930000 1.000000
vt 0.930000 0.477920
vt 0.920000 1.000000
vt 0.920000 0.477920
vt 0.920000 0.477920
vt 0.910000 1.000000
vt 0.910000 0.477920
vt 0.910000 0.477920
vt 0.900000 1.000000
vt 0.900000 0.477920
vt 0.890000 1.000000
vt 0.890000 0.477920
vt 0.880000 1.000000
vt 0.880000 0.477920
vt 0.870000 1.000000
vt 0.870000 0.477920
vt 0.870000 0.477920
vt 0.860000 1.000000
vt 0.860000 0.477920
vt 0.850000 1.000000
vt 0.850000 0.477920
vt 0.840000 1.000000
vt 0.840000 0.477920
vt 0.830000 1.000000
vt 0.830000 0.477920
vt 0.830000 0.477920
vt 0.820000 1.000000
vt 0.820000 0.477920
vt 0.820000 0.477920
vt 0.810000 1.000000
vt 0.810000 0.477920
vt 0.800000 1.000000
vt 0.800000 0.477920
vt 0.790000 1.000000
vt 0.790000 0.477920
vt 0.780000 1.000000
vt 0.780000 0.477920
vt 0.770000 1.000000
vt 0.770000 0.477920
vt 0.760000 1.000000
vt 0.760000 0.477920
vt 0.750000 1.000000
vt 0.750000 0.477920
vt 0.740000 1.000000
vt 0.740000 0.477920
vt 0.730000 1.000000
vt 0.730000 0.477920
vt 0.720000 1.000000
vt 0.720000 0.477920
vt 0.710000 1.000000
vt 0.710000 0.477920
vt 0.700000 1.000000
vt 0.700000 0.477920
vt 0.690000 1.000000
vt 0.690000 0.477920
vt 0.680000 1.000000
vt 0.680000 0.477920
vt 0.670000 1.000000
vt 0.670000 0.477920
vt 0.670000 0.477920
vt 0.660000 1.000000
vt 0.660000 0.477920
vt 0.660000 0.477920
vt 0.650000 1.000000
vt 0.650000 0.477920
vt 0.640000 1.000000
vt 0.640000 0.477920
vt 0.630000 1.000000
vt 0.630000 0.477920
vt 0.620000 1.000000
vt 0.620000 0.477920
vt 0.620000 0.477920
vt 0.610000 1.000000
vt 0.610000 0.477920
vt 0.600000 1.000000
vt 0.600000 0.477920
vt 0.590000 1.000000
vt 0.590000 0.477920
vt 0.580000 1.000000
vt 0.580000 0.477920
vt 0.580000 0.477920
vt 0.570000 1.000000
vt 0.570000 0.477920
vt 0.570000 0.477920
vt 0.560000 1.000000
vt 0.560000 0.477920
vt 0.550000 1.000000
vt 0.550000 0.477920
vt 0.540000 1.000000
vt 0.540000 0.477920
vt 0.530000 1.000000
vt 0.530000 0.477920
vt 0.520000 1.000000
vt 0.520000 0.477920
vt 0.510000 1.000000
vt 0.510000 0.477920
vt 0.500000 1.000000
vt 0.500000 0.477920
vt 0.490000 1.000000
vt 0.490000 0.477920
vt 0.480000 1.000000
vt 0.480000 0.477920
vt 0.470001 1.000000
vt 0.470000 0.477920
vt 0.470001 0.477920
vt 0.460001 1.000000
vt 0.460001 0.477920
vt 0.450001 1.000000
vt 0.450001 0.477920
vt 0.440001 1.000000
vt 0.440001 0.477920
vt 0.430001 1.000000
vt 0.430001 0.477920
vt 0.420001 1.000000
vt 0.420001 0.477920
vt 0.420001 0.477920
vt 0.410001 1.000000
vt 0.410001 0.477920
vt 0.410001 0.477920
vt 0.400001 1.000000
vt 0.400001 0.477920
vt 0.390001 1.000000
vt 0.390001 0.477920
vt 0.380001 1.000000
vt 0.380001 0.477920
vt 0.380001 0.477920
vt 0.370001 1.000000
vt 0.370001 0.477920
vt 0.370001 0.477920
vt 0.360001 1.000000
vt 0.360001 0.477920
vt 0.350001 1.000000
vt 0.350001 0.477920
vt 0.340001 1.000000
vt 0.340001 0.477920
vt 0.330001 1.000000
vt 0.330001 0.477920
vt 0.330001 0.477920
vt 0.320001 1.000000
vt 0.320001 0.477920
vt 0.320001 0.477920
vt 0.310001 1.000000
vt 0.310001 0.477920
vt 0.310001 0.477920
vt 0.300001 1.000000
vt 0.300001 0.477920
vt 0.290001 1.000000
vt 0.290001 0.477920
vt 0.280001 1.000000
vt 0.280001 0.477920
vt 0.270001 1.000000
vt 0.270001 0.477920
vt 0.260001 1.000000
vt 0.260001 0.477920
vt 0.250001 1.000000
vt 0.250001 0.477920
vt 0.240001 1.000000
vt 0.240001 0.477920
vt 0.230001 1.000000
vt 0.230001 0.477920
vt 0.220001 1.000000
vt 0.220001 0.477920
vt 0.210001 1.000000
vt 0.210001 0.477920
vt 0.200001 1.000000
vt 0.200001 0.477920
vt 0.190001 1.000000
vt 0.190001 0.477920
vt 0.180001 1.000000
vt 0.180001 0.477920
vt 0.170001 1.000000
vt 0.170001 0.477920
vt 0.170001 0.477920
vt 0.160001 1.000000
vt 0.160001 0.477920
vt 0.160001 0.477920
vt 0.150001 1.000000
vt 0.150001 0.477920
vt 0.140001 1.000000
vt 0.140001 0.477920
vt 0.130001 1.000000
vt 0.130001 0.477920
vt 0.120001 1.000000
vt 0.120001 0.477920
vt 0.120001 0.477920
vt 0.110001 1.000000
vt 0.110001 0.477920
vt 0.100001 1.000000
vt 0.100001 0.477920
vt 0.090001 1.000000
vt 0.090001 0.477920
vt 0.080001 1.000000
vt 0.080001 0.477920
vt 0.080001 0.477920
vt 0.070001 1.000000
vt 0.070001 0.477920
vt 0.070001 0.477920
vt 0.060001 1.000000
vt 0.060001 0.477920
vt 0.050001 1.000000
vt 0.050001 0.477920
vt 0.040001 1.000000
vt 0.040001 0.477920
vt 0.030001 1.000000
vt 0.030001 0.477920
vt 0.020001 1.000000
vt 0.020001 0.477920
vt 0.265070 0.489526
vt 0.250000 0.490000
vt 0.234930 0.489526
vt 0.219920 0.488108
vt 0.205028 0.485749
vt 0.190314 0.482460
vt 0.175836 0.478254
vt 0.161650 0.473146
vt 0.147813 0.467158
vt 0.134379 0.460314
vt 0.121402 0.452639
vt 0.108932 0.444164
vt 0.097018 0.434923
vt 0.085709 0.424952
vt 0.075048 0.414291
vt 0.065077 0.402982
vt 0.055836 0.391068
vt 0.047361 0.378598
vt 0.039686 0.365621
vt 0.032842 0.352187
vt 0.026854 0.338350
vt 0.021746 0.324164
vt 0.017540 0.309686
vt 0.014251 0.294972
vt 0.011892 0.280080
vt 0.010474 0.265070
vt 0.010000 0.250000
vt 0.010474 0.234930
vt 0.011892 0.219920
vt 0.014251 0.205028
vt 0.017540 0.190314
vt 0.021746 0.175836
vt 0.026854 0.161650
vt 0.032842 0.147813
vt 0.039686 0.134379
vt 0.047361 0.121402
vt 0.055836 0.108932
vt 0.065077 0.097018
vt 0.075048 0.085709
vt 0.085709 0.075048
vt 0.097018 0.065077
vt 0.108932 0.055836
vt 0.121402 0.047361
vt 0.134379 0.039686
vt 0.147813 0.032842
vt 0.161650 0.026854
vt 0.175836 0.021746
vt 0.190314 0.017540
vt 0.205028 0.014251
vt 0.219920 0.011892
vt 0.234930 0.010474
vt 0.250000 0.010000
vt 0.265070 0.010474
vt 0.280080 0.011892
vt 0.294972 0.014251
vt 0.309686 0.017540
vt 0.324164 0.021746
vt 0.338350 0.026854
vt 0.352187 0.032842
vt 0.365621 0.039686
vt 0.378598 0.047361
vt 0.391068 0.055836
vt 0.402982 0.065077
vt 0.414291 0.075048
vt 0.424952 0.085709
vt 0.434923 0.097018
vt 0.444164 0.108932
vt 0.452639 0.121402
vt 0.460314 0.134379
vt 0.467158 0.147813
vt 0.473146 0.161650
vt 0.478254 0.175836
vt 0.482460 0.190314
vt 0.485749 0.205028
vt 0.488108 0.219920
vt 0.489526 0.234930
vt 0.490000 0.250000
vt 0.489526 0.265070
vt 0.488108 0.280080
vt 0.485749 0.294972
vt 0.482460 0.309686
vt 0.478254 0.324164
vt 0.473146 0.338350
vt 0.467158 0.352187
vt 0.460314 0.365621
vt 0.452639 0.378598
vt 0.444164 0.391068
vt 0.434923 0.402982
vt 0.424952 0.414291
vt 0.414291 0.424952
vt 0.402982 0.434923
vt 0.391068 0.444164
vt 0.378598 0.452639
vt 0.365621 0.460314
vt 0.352187 0.467158
vt 0.338350 0.473146
vt 0.324164 0.478254
vt 0.309686 0.482460
vt 0.294972 0.485749
vt 0.280080 0.488108
vt 0.010001 1.000000
vt 0.010001 0.477920
vt 0.000001 1.000000
vt 0.000001 0.477920
vt 0.750000 0.490000
vt 0.765070 0.489526
vt 0.780080 0.488108
vt 0.794972 0.485749
vt 0.809686 0.482460
vt 0.824164 0.478254
vt 0.838350 0.473146
vt 0.852187 0.467158
vt 0.865621 0.460314
vt 0.878598 0.452639
vt 0.891068 0.444164
vt 0.902982 0.434923
vt 0.914291 0.424952
vt 0.924952 0.414291
vt 0.934923 0.402982
vt 0.944164 0.391068
vt 0.952639 0.378598
vt 0.960314 0.365621
vt 0.967158 0.352187
vt 0.973146 0.338350
vt 0.978254 0.324164
vt 0.982460 0.309686
vt 0.985749 0.294972
vt 0.988108 0.280080
vt 0.989526 0.265070
vt 0.990000 0.250000
vt 0.989526 0.234930
vt 0.988108 0.219920
vt 0.985749 0.205028
vt 0.982460 0.190314
vt 0.978254 0.175836
vt 0.973146 0.161650
vt 0.967158 0.147813
vt 0.960314 0.134379
vt 0.952639 0.121402
vt 0.944164 0.108932
vt 0.934923 0.097018
vt 0.924952 0.085709
vt 0.914291 0.075048
vt 0.902982 0.065077
vt 0.891068 0.055836
vt 0.878598 0.047361
vt 0.865621 0.039686
vt 0.852187 0.032842
vt 0.838350 0.026854
vt 0.824164 0.021746
vt 0.809686 0.017540
vt 0.794972 0.014251
vt 0.780080 0.011892
vt 0.765070 0.010474
vt 0.750000 0.010000
vt 0.734930 0.010474
vt 0.719920 0.011892
vt 0.705028 0.014251
vt 0.690314 0.017540
vt 0.675836 0.021746
vt 0.661650 0.026854
vt 0.647813 0.032842
vt 0.634379 0.039686
vt 0.621402 0.047361
vt 0.608932 0.055836
vt 0.597018 0.065077
vt 0.585709 0.075048
vt 0.575048 0.085709
vt 0.565077 0.097018
vt 0.555836 0.108932
vt 0.547361 0.121402
vt 0.539686 0.134379
vt 0.532842 0.147813
vt 0.526854 0.161650
vt 0.521746 0.175836
vt 0.517540 0.190314
vt 0.514251 0.205028
vt 0.511892 0.219920
vt 0.510474 0.234930
vt 0.510000 0.250000
vt 0.510474 0.265070
vt 0.511892 0.280080
vt 0.514251 0.294972
vt 0.517540 0.309686
vt 0.521746 0.324164
vt 0.526854 0.338350
vt 0.532842 0.352187
vt 0.539686 0.365621
vt 0.547361 0.378598
vt 0.555836 0.391068
vt 0.565077 0.402982
vt 0.575048 0.414291
vt 0.585709 0.424952
vt 0.597018 0.434923
vt 0.608932 0.444164
vt 0.621402 0.452639
vt 0.634379 0.460314
vt 0.647813 0.467158
vt 0.661650 0.473146
vt 0.675836 0.478254
vt 0.690314 0.482460
vt 0.705028 0.485749
vt 0.719920 0.488108
vt 0.734930 0.489526
s 0
usemtl Material.002
f 3807/7814/2090 3808/7815/2090 3810/7816/2090 3809/7817/2090
f 3809/7817/2091 3810/7816/2091 3812/7818/2091 3811/7819/2091
f 3811/7819/2092 3812/7818/2092 3814/7820/2092 3813/7821/2092
f 3813/7821/2093 3814/7820/2093 3816/7822/2093 3815/7823/2093
f 3815/7823/2094 3816/7822/2094 3818/7824/2094 3817/7825/2094
f 3817/7825/2095 3818/7824/2095 3820/7826/2095 3819/7827/2095
f 3819/7827/2096 3820/7826/2096 3822/7828/2096 3821/7829/2096
f 3821/7829/2097 3822/7828/2097 3824/7830/2097 3823/7831/2097
f 3823/7832/2098 3824/7830/2098 3826/7833/2098 3825/7834/2098
f 3825/7835/2099 3826/7833/2099 3828/7836/2099 3827/7837/2099
f 3827/7837/2100 3828/7836/2100 3830/7838/2100 3829/7839/2100
f 3829/7839/2101 3830/7838/2101 3832/7840/2101 3831/7841/2101
f 3831/7841/2102 3832/7840/2102 3834/7842/2102 3833/7843/2102
f 3833/7844/2103 3834/7842/2103 3836/7845/2103 3835/7846/2103
f 3835/7846/2104 3836/7845/2104 3838/7847/2104 3837/7848/2104
f 3837/7848/2105 3838/7847/2105 3840/7849/2105 3839/7850/2105
f 3839/7850/2106 3840/7849/2106 3842/7851/2106 3841/7852/2106
f 3841/7853/2107 3842/7851/2107 3844/7854/2107 3843/7855/2107
f 3843/7856/2108 3844/7854/2108 3846/7857/2108 3845/7858/2108
f 3845/7858/2109 3846/7857/2109 3848/7859/2109 3847/7860/2109
f 3847/7860/2110 3848/7859/2110 3850/7861/2110 3849/7862/2110
f 3849/7862/2111 3850/7861/2111 3852/7863/2111 3851/7864/2111
f 3851/7864/2112 3852/7863/2112 3854/7865/2112 3853/7866/2112
f 3853/7866/2113 3854/7865/2113 3856/7867/2113 3855/7868/2113
f 3855/7868/2114 3856/7867/2114 3858/7869/2114 3857/7870/2114
f 3857/7870/2115 3858/7869/2115 3860/7871/2115 3859/7872/2115
f 3859/7872/2116 3860/7871/2116 3862/7873/2116 3861/7874/2116
f 3861/7874/2117 3862/7873/2117 3864/7875/2117 3863/7876/2117
f 3863/7876/2118 3864/7875/2118 3866/7877/2118 3865/7878/2118
f 3865/7878/2119 3866/7877/2119 3868/7879/2119 3867/7880/2119
f 3867/7880/2120 3868/7879/2120 3870/7881/2120 3869/7882/2120
f 3869/7882/2121 3870/7881/2121 3872/7883/2121 3871/7884/2121
f 3871/7884/2122 3872/7883/2122 3874/7885/2122 3873/7886/2122
f 3873/7887/2123 3874/7885/2123 3876/7888/2123 3875/7889/2123
f 3875/7890/2124 3876/7888/2124 3878/7891/2124 3877/7892/2124
f 3877/7892/2125 3878/7891/2125 3880/7893/2125 3879/7894/2125
f 3879/7894/2126 3880/7893/2126 3882/7895/2126 3881/7896/2126
f 3881/7896/2127 3882/7895/2127 3884/7897/2127 3883/7898/2127
f 3883/7899/2128 3884/7897/2128 3886/7900/2128 3885/7901/2128
f 3885/7901/2129 3886/7900/2129 3888/7902/2129 3887/7903/2129
f 3887/7903/2130 3888/7902/2130 3890/7904/2130 3889/7905/2130
f 3889/7905/2131 3890/7904/2131 3892/7906/2131 3891/7907/2131
f 3891/7908/2132 3892/7906/2132 3894/7909/2132 3893/7910/2132
f 3893/7911/2133 3894/7909/2133 3896/7912/2133 3895/7913/2133
f 3895/7913/2134 3896/7912/2134 3898/7914/2134 3897/7915/2134
f 3897/7915/2135 3898/7914/2135 3900/7916/2135 3899/7917/2135
f 3899/7917/2136 3900/7916/2136 3902/7918/2136 3901/7919/2136
f 3901/7919/2137 3902/7918/2137 3904/7920/2137 3903/7921/2137
f 3903/7921/2138 3904/7920/2138 3906/7922/2138 3905/7923/2138
f 3905/7923/2139 3906/7922/2139 3908/7924/2139 3907/7925/2139
f 3907/7925/2140 3908/7924/2140 3910/7926/2140 3909/7927/2140
f 3909/7927/2141 3910/7926/2141 3912/7928/2141 3911/7929/2141
f 3911/7929/2142 3912/7928/2142 3914/7930/2142 3913/7931/2142
f 3913/7932/2143 3914/7930/2143 3916/7933/2143 3915/7934/2143
f 3915/7934/2144 3916/7933/2144 3918/7935/2144 3917/7936/2144
f 3917/7936/2145 3918/7935/2145 3920/7937/2145 3919/7938/2145
f 3919/7938/2146 3920/7937/2146 3922/7939/2146 3921/7940/2146
f 3921/7940/2147 3922/7939/2147 3924/7941/2147 3923/7942/2147
f 3923/7943/2148 3924/7941/2148 3926/7944/2148 3925/7945/2148
f 3925/7946/2149 3926/7944/2149 3928/7947/2149 3927/7948/2149
f 3927/7948/2150 3928/7947/2150 3930/7949/2150 3929/7950/2150
f 3929/7950/2151 3930/7949/2151 3932/7951/2151 3931/7952/2151
f 3931/7953/2152 3932/7951/2152 3934/7954/2152 3933/7955/2152
f 3933/7956/2153 3934/7954/2153 3936/7957/2153 3935/7958/2153
f 3935/7958/2154 3936/7957/2154 3938/7959/2154 3937/7960/2154
f 3937/7960/2155 3938/7959/2155 3940/7961/2155 3939/7962/2155
f 3939/7962/2156 3940/7961/2156 3942/7963/2156 3941/7964/2156
f 3941/7965/2157 3942/7963/2157 3944/7966/2157 3943/7967/2157
f 3943/7968/2158 3944/7966/2158 3946/7969/2158 3945/7970/2158
f 3945/7971/2159 3946/7969/2159 3948/7972/2159 3947/7973/2159
f 3947/7973/2160 3948/7972/2160 3950/7974/2160 3949/7975/2160
f 3949/7975/2161 3950/7974/2161 3952/7976/2161 3951/7977/2161
f 3951/7977/2162 3952/7976/2162 3954/7978/2162 3953/7979/2162
f 3953/7979/2163 3954/7978/2163 3956/7980/2163 3955/7981/2163
f 3955/7981/2164 3956/7980/2164 3958/7982/2164 3957/7983/2164
f 3957/7983/2165 3958/7982/2165 3960/7984/2165 3959/7985/2165
f 3959/7985/2166 3960/7984/2166 3962/7986/2166 3961/7987/2166
f 3961/7987/2167 3962/7986/2167 3964/7988/2167 3963/7989/2167
f 3963/7989/2168 3964/7988/2168 3966/7990/2168 3965/7991/2168
f 3965/7991/2169 3966/7990/2169 3968/7992/2169 3967/7993/2169
f 3967/7993/2170 3968/7992/2170 3970/7994/2170 3969/7995/2170
f 3969/7995/2171 3970/7994/2171 3972/7996/2171 3971/7997/2171
f 3971/7997/2172 3972/7996/2172 3974/7998/2172 3973/7999/2172
f 3973/8000/2173 3974/7998/2173 3976/8001/2173 3975/8002/2173
f 3975/8003/2174 3976/8001/2174 3978/8004/2174 3977/8005/2174
f 3977/8005/2175 3978/8004/2175 3980/8006/2175 3979/8007/2175
f 3979/8007/2176 3980/8006/2176 3982/8008/2176 3981/8009/2176
f 3981/8009/2177 3982/8008/2177 3984/8010/2177 3983/8011/2177
f 3983/8012/2178 3984/8010/2178 3986/8013/2178 3985/8014/2178
f 3985/8014/2179 3986/8013/2179 3988/8015/2179 3987/8016/2179
f 3987/8016/2180 3988/8015/2180 3990/8017/2180 3989/8018/2180
f 3989/8018/2181 3990/8017/2181 3992/8019/2181 3991/8020/2181
f 3991/8021/2182 3992/8019/2182 3994/8022/2182 3993/8023/2182
f 3993/8024/2183 3994/8022/2183 3996/8025/2183 3995/8026/2183
f 3995/8026/2184 3996/8025/2184 3998/8027/2184 3997/8028/2184
f 3997/8028/2185 3998/8027/2185 4000/8029/2185 3999/8030/2185
f 3999/8030/2186 4000/8029/2186 4002/8031/2186 4001/8032/2186
f 4001/8032/2187 4002/8031/2187 4004/8033/2187 4003/8034/2187
f 3810/8035/2188 3808/8036/2188 4006/8037/2188 4004/8038/2188 4002/8039/2188 4000/8040/2188 3998/8041/2188 3996/8042/2188 3994/8043/2188 3992/8044/2188 3990/8045/2188 3988/8046/2188 3986/8047/2188 3984/8048/2188 3982/8049/2188 3980/8050/2188 3978/8051/2188 3976/8052/2188 3974/8053/2188 3972/8054/2188 3970/8055/2188 3968/8056/2188 3966/8057/2188 3964/8058/2188 3962/8059/2188 3960/8060/2188 3958/8061/2188 3956/8062/2188 3954/8063/2188 3952/8064/2188 3950/8065/2188 3948/8066/2188 3946/8067/2188 3944/8068/2188 3942/8069/2188 3940/8070/2188 3938/8071/2188 3936/8072/2188 3934/8073/2188 3932/8074/2188 3930/8075/2188 3928/8076/2188 3926/8077/2188 3924/8078/2188 3922/8079/2188 3920/8080/2188 3918/8081/2188 3916/8082/2188 3914/8083/2188 3912/8084/2188 3910/8085/2188 3908/8086/2188 3906/8087/2188 3904/8088/2188 3902/8089/2188 3900/8090/2188 3898/8091/2188 3896/8092/2188 3894/8093/2188 3892/8094/2188 3890/8095/2188 3888/8096/2188 3886/8097/2188 3884/8098/2188 3882/8099/2188 3880/8100/2188 3878/8101/2188 3876/8102/2188 3874/8103/2188 3872/8104/2188 3870/8105/2188 3868/8106/2188 3866/8107/2188 3864/8108/2188 3862/8109/2188 3860/8110/2188 3858/8111/2188 3856/8112/2188 3854/8113/2188 3852/8114/2188 3850/8115/2188 3848/8116/2188 3846/8117/2188 3844/8118/2188 3842/8119/2188 3840/8120/2188 3838/8121/2188 3836/8122/2188 3834/8123/2188 3832/8124/2188 3830/8125/2188 3828/8126/2188 3826/8127/2188 3824/8128/2188 3822/8129/2188 3820/8130/2188 3818/8131/2188 3816/8132/2188 3814/8133/2188 3812/8134/2188
f 4003/8034/2189 4004/8033/2189 4006/8135/2189 4005/8136/2189
f 4005/8136/2190 4006/8135/2190 3808/8137/2190 3807/8138/2190
f 3807/8139/2191 3809/8140/2191 3811/8141/2191 3813/8142/2191 3815/8143/2191 3817/8144/2191 3819/8145/2191 3821/8146/2191 3823/8147/2191 3825/8148/2191 3827/8149/2191 3829/8150/2191 3831/8151/2191 3833/8152/2191 3835/8153/2191 3837/8154/2191 3839/8155/2191 3841/8156/2191 3843/8157/2191 3845/8158/2191 3847/8159/2191 3849/8160/2191 3851/8161/2191 3853/8162/2191 3855/8163/2191 3857/8164/2191 3859/8165/2191 3861/8166/2191 3863/8167/2191 3865/8168/2191 3867/8169/2191 3869/8170/2191 3871/8171/2191 3873/8172/2191 3875/8173/2191 3877/8174/2191 3879/8175/2191 3881/8176/2191 3883/8177/2191 3885/8178/2191 3887/8179/2191 3889/8180/2191 3891/8181/2191 3893/8182/2191 3895/8183/2191 3897/8184/2191 3899/8185/2191 3901/8186/2191 3903/8187/2191 3905/8188/2191 3907/8189/2191 3909/8190/2191 3911/8191/2191 3913/8192/2191 3915/8193/2191 3917/8194/2191 3919/8195/2191 3921/8196/2191 3923/8197/2191 3925/8198/2191 3927/8199/2191 3929/8200/2191 3931/8201/2191 3933/8202/2191 3935/8203/2191 3937/8204/2191 3939/8205/2191 3941/8206/2191 3943/8207/2191 3945/8208/2191 3947/8209/2191 3949/8210/2191 3951/8211/2191 3953/8212/2191 3955/8213/2191 3957/8214/2191 3959/8215/2191 3961/8216/2191 3963/8217/2191 3965/8218/2191 3967/8219/2191 3969/8220/2191 3971/8221/2191 3973/8222/2191 3975/8223/2191 3977/8224/2191 3979/8225/2191 3981/8226/2191 3983/8227/2191 3985/8228/2191 3987/8229/2191 3989/8230/2191 3991/8231/2191 3993/8232/2191 3995/8233/2191 3997/8234/2191 3999/8235/2191 4001/8236/2191 4003/8237/2191 4005/8238/2191
o Cube.001
v 1.946658 0.001571 -6.329267
v 1.946658 3.669993 -6.329267
v 1.946658 0.001571 -6.529267
v 1.946658 3.669993 -6.529267
v 9.285230 0.001571 -6.329267
v 9.285230 3.669993 -6.329267
v 9.285230 0.001571 -6.529267
v 9.285230 3.669993 -6.529267
vn -1.0000 -0.0000 -0.0000
vn -0.0000 -0.0000 -1.0000
vn 1.0000 -0.0000 -0.0000
vn -0.0000 -0.0000 1.0000
vn -0.0000 -1.0000 -0.0000
vn -0.0000 1.0000 -0.0000
vt 0.974801 0.462201
vt 0.974801 0.000000
vt 1.000000 0.000000
vt 1.000000 0.462201
vt 0.462201 0.924621
vt -0.000000 0.924621
vt 0.000000 0.000000
vt 0.462202 0.000000
vt 0.974801 0.924403
vt 1.000000 0.924403
vt 0.924403 0.924621
vt 0.462202 0.924621
vt 0.462202 0.000000
vt 0.924403 0.000000
vt 0.949602 0.000000
vt 0.949602 0.924621
vt 0.924403 0.924621
vt 0.924403 0.000000
vt 0.974801 0.000000
vt 0.974801 0.924621
vt 0.949602 0.924621
vt 0.949602 0.000000
s 0
usemtl Material.012
f 4007/8239/2192 4008/8240/2192 4010/8241/2192 4009/8242/2192
f 4009/8243/2193 4010/8244/2193 4014/8245/2193 4013/8246/2193
f 4013/8247/2194 4014/8239/2194 4012/8242/2194 4011/8248/2194
f 4011/8249/2195 4012/8250/2195 4008/8251/2195 4007/8252/2195
f 4009/8253/2196 4013/8254/2196 4011/8255/2196 4007/8256/2196
f 4014/8257/2197 4010/8258/2197 4008/8259/2197 4012/8260/2197
o Cube.002
v -3.813343 0.159993 -6.388787
v -3.813343 3.669993 -6.388787
v -3.813343 0.159993 -6.468787
v -3.813343 3.669993 -6.468787
v 1.946658 0.159993 -6.388787
v 1.946658 3.669993 -6.388787
v 1.946658 0.159993 -6.468787
v 1.946658 3.669993 -6.468787
v -3.733343 0.159993 -6.468787
v -3.733343 3.669993 -6.468787
v -3.733343 0.159993 -6.388787
v -3.733343 3.669993 -6.388787
v -3.813343 3.669993 -10.038786
v -3.813343 0.159993 -10.038786
v -3.733343 0.159993 -10.038786
v -3.733343 3.669993 -10.038786
v 1.881658 3.669993 -6.468787
v 1.881658 0.159993 -6.388787
v 1.881658 0.159993 -6.468787
v 1.881658 3.669993 -6.388787
v 0.991658 0.159993 -6.468787
v 0.991658 3.669993 -6.388787
v 0.991658 3.669993 -6.468787
v 0.991658 0.159993 -6.388787
v 0.926658 0.159993 -6.468787
v 0.926658 3.669993 -6.388787
v 0.926658 3.669993 -6.468787
v 0.926658 0.159993 -6.388787
v 0.861658 0.159993 -6.468787
v 0.861658 3.669993 -6.388787
v 0.861658 3.669993 -6.468787
v 0.861658 0.159993 -6.388786
v -0.478342 0.159993 -6.468787
v -0.478342 3.669993 -6.388787
v -0.478343 3.669993 -6.468787
v -0.478343 0.159993 -6.388786
v -0.543341 0.159993 -6.468790
v -0.543341 3.669993 -6.388790
v -0.543342 3.669993 -6.468790
v -0.543342 0.159993 -6.388790
v -0.608343 0.159993 -6.468789
v -0.608343 3.669993 -6.388789
v -0.608343 3.669993 -6.468789
v -0.608343 0.159993 -6.388789
v -1.948342 0.159993 -6.468788
v -1.948342 3.669993 -6.388788
v -1.948342 3.669993 -6.468788
v -1.948342 0.159993 -6.388788
v -2.013342 0.159993 -6.468788
v -2.013342 3.669993 -6.388788
v -2.013342 3.669993 -6.468788
v -2.013342 0.159993 -6.388788
v -3.813343 0.254993 -6.388787
v -3.813343 0.254993 -6.468787
v 1.946658 0.254993 -6.468787
v 1.946658 0.254993 -6.388787
v -3.733343 0.254993 -6.388787
v -3.733343 0.254993 -6.468787
v -3.813343 0.254993 -10.038786
v -3.733343 0.254993 -10.038786
v 1.881658 0.254993 -6.468787
v 0.991658 0.254993 -6.468787
v 0.926658 0.254993 -6.468787
v 0.861658 0.254993 -6.468787
v -0.478343 0.254993 -6.468787
v -0.543341 0.254993 -6.468790
v -0.608343 0.254993 -6.468789
v -1.948342 0.254993 -6.468788
v -2.013342 0.254993 -6.468788
v 1.881658 0.254993 -6.388787
v 0.991658 0.254993 -6.388787
v 0.926658 0.254993 -6.388787
v 0.861658 0.254993 -6.388787
v -0.478343 0.254993 -6.388787
v -0.543341 0.254993 -6.388790
v -0.608343 0.254993 -6.388789
v -1.948342 0.254993 -6.388788
v -2.013342 0.254993 -6.388788
v -3.813343 3.574993 -6.388787
v -3.813343 3.574993 -6.468787
v 1.946658 3.574993 -6.468787
v 1.946658 3.574993 -6.388787
v -3.733343 3.574993 -6.388787
v -3.733343 3.574993 -6.468787
v -3.813343 3.574993 -10.038786
v -3.733343 3.574993 -10.038786
v 1.881658 3.574993 -6.468787
v 0.991658 3.574993 -6.468787
v 0.926658 3.574993 -6.468787
v 0.861658 3.574993 -6.468787
v -0.478343 3.574993 -6.468787
v -0.543342 3.574993 -6.468790
v -0.608343 3.574993 -6.468789
v -1.948342 3.574993 -6.468788
v -2.013342 3.574993 -6.468788
v 1.881658 3.574993 -6.388787
v 0.991658 3.574993 -6.388787
v 0.926658 3.574993 -6.388787
v 0.861658 3.574993 -6.388787
v -0.478342 3.574993 -6.388787
v -0.543341 3.574993 -6.388790
v -0.608343 3.574993 -6.388789
v -1.948342 3.574993 -6.388788
v -2.013342 3.574993 -6.388788
v -3.733343 3.669993 -8.518786
v -3.813343 3.669993 -8.518786
v -3.813343 0.159993 -8.518786
v -3.733343 0.159993 -8.518786
v -3.733343 0.254993 -8.518786
v -3.813343 0.254993 -8.518786
v -3.733343 3.574993 -8.518786
v -3.813343 3.574993 -8.518786
v -3.733343 3.669993 -8.583787
v -3.733343 0.159993 -8.583787
v -3.733343 0.254993 -8.583787
v -3.813343 0.254993 -8.583787
v -3.733343 3.574993 -8.583787
v -3.813343 3.574993 -8.583787
v -3.813343 3.669993 -8.583787
v -3.813343 0.159993 -8.583787
v -3.733343 3.669993 -9.973787
v -3.733343 0.159993 -9.973787
v -3.733343 0.254993 -9.973787
v -3.813343 0.254993 -9.973787
v -3.733343 3.574993 -9.973787
v -3.813343 3.574993 -9.973787
v -3.813343 3.669993 -9.973787
v -3.813343 0.159993 -9.973787
v 1.881658 3.574993 -6.423787
v 1.881658 0.254993 -6.423787
v 0.991658 3.574993 -6.423787
v 0.991658 0.254993 -6.423787
v 1.881658 3.574993 -6.433787
v 1.881658 0.254993 -6.433787
v 0.991658 3.574993 -6.433787
v 0.991658 0.254993 -6.433787
v 0.861658 3.574993 -6.423787
v 0.861658 0.254993 -6.423787
v -0.478342 3.574993 -6.423787
v -0.478343 0.254993 -6.423787
v 0.861658 3.574993 -6.433787
v 0.861658 0.254993 -6.433787
v -0.478343 3.574993 -6.433787
v -0.478343 0.254993 -6.433787
v -0.608343 3.574993 -6.433788
v -0.608343 0.254993 -6.433788
v -1.948342 3.574993 -6.433788
v -1.948342 0.254993 -6.433788
v -0.608343 3.574993 -6.423789
v -0.608343 0.254993 -6.423789
v -1.948342 3.574993 -6.423788
v -1.948342 0.254993 -6.423788
v -3.733343 3.574993 -6.423787
v -3.733343 0.254993 -6.423787
v -2.013342 3.574993 -6.423788
v -2.013342 0.254993 -6.423788
v -3.733343 3.574993 -6.433787
v -3.733343 0.254993 -6.433787
v -2.013342 3.574993 -6.433788
v -2.013342 0.254993 -6.433788
v -3.778342 3.574993 -6.468787
v -3.778342 0.254993 -6.468787
v -3.778342 0.254993 -8.518786
v -3.778342 3.574993 -8.518786
v -3.768342 3.574993 -6.468787
v -3.768342 0.254993 -6.468787
v -3.768342 0.254993 -8.518786
v -3.768342 3.574993 -8.518786
v -3.778342 3.574993 -8.583787
v -3.778342 0.254993 -8.583787
v -3.778342 0.254993 -9.973787
v -3.778342 3.574993 -9.973787
v -3.768342 0.254993 -8.583787
v -3.768342 3.574993 -8.583787
v -3.768342 0.254993 -9.973787
v -3.768342 3.574993 -9.973787
vn -1.0000 -0.0000 -0.0000
vn -0.0000 -0.0000 -1.0000
vn 1.0000 -0.0000 -0.0000
vn -0.0000 -0.0000 1.0000
vn -0.0000 -1.0000 -0.0000
vn -0.0000 1.0000 -0.0000
vt 0.244241 0.637534
vt 0.237805 0.637534
vt 0.237805 0.632114
vt 0.244241 0.632114
vt 0.006436 0.394648
vt 0.000000 0.394648
vt 0.000000 0.390244
vt 0.006436 0.390244
vt 0.686314 0.638550
vt 0.686314 0.632114
vt 0.691734 0.632114
vt 0.691734 0.638550
vt 0.501016 0.005420
vt 0.494580 0.005420
vt 0.494580 0.000000
vt 0.501016 0.000000
vt 0.241870 0.004404
vt 0.241870 -0.000000
vt 0.247290 -0.000000
vt 0.247290 0.004404
vt 0.252710 0.384824
vt 0.252710 0.390244
vt 0.247290 0.390244
vt 0.247290 0.384824
vt 0.252710 0.268293
vt 0.247290 0.268293
vt 0.241870 0.390244
vt 0.241870 0.384824
vt 0.247290 0.384824
vt 0.247290 0.390244
vt 0.490176 0.390244
vt 0.490176 0.384824
vt 0.494580 0.384824
vt 0.494580 0.390244
vt 0.691734 0.638550
vt 0.691734 0.632114
vt 0.697154 0.632114
vt 0.697154 0.638550
vt 0.244241 0.394648
vt 0.237805 0.394648
vt 0.237805 0.390244
vt 0.244241 0.390244
vt 0.706978 0.627710
vt 0.713415 0.627710
vt 0.713415 0.632114
vt 0.706978 0.632114
vt 0.004404 0.384824
vt 0.004404 0.390244
vt 0.000000 0.390244
vt 0.000000 0.384824
vt 0.501016 0.121951
vt 0.494580 0.121951
vt 0.501016 0.390244
vt 0.494580 0.385840
vt 0.501016 0.385840
vt 0.252710 0.000000
vt 0.252710 0.004404
vt 0.247290 0.004404
vt 0.247290 0.000000
vt 0.241870 0.064702
vt 0.247290 0.064702
vt 0.006436 0.454946
vt 0.000000 0.454946
vt 0.006436 0.459350
vt 0.000000 0.459350
vt 0.241870 0.069106
vt 0.247290 0.069106
vt 0.252710 0.064702
vt 0.247290 0.064702
vt 0.241870 0.073509
vt 0.247290 0.073509
vt 0.006436 0.463753
vt 0.000000 0.463753
vt 0.501016 0.325542
vt 0.494580 0.325542
vt 0.494580 0.321138
vt 0.501016 0.321138
vt 0.252710 0.069106
vt 0.247290 0.069106
vt 0.006436 0.554539
vt 0.000000 0.554539
vt 0.241870 0.164295
vt 0.247290 0.164295
vt 0.494580 0.316734
vt 0.501016 0.316734
vt 0.252710 0.073509
vt 0.247290 0.073509
vt 0.241870 0.168699
vt 0.247290 0.168699
vt 0.006436 0.558943
vt 0.000000 0.558943
vt 0.494580 0.225948
vt 0.501016 0.225948
vt 0.252710 0.164295
vt 0.247290 0.164295
vt 0.006436 0.563347
vt 0.000000 0.563347
vt 0.241870 0.173103
vt 0.247290 0.173103
vt 0.494580 0.221545
vt 0.501016 0.221545
vt 0.252710 0.168699
vt 0.247290 0.168699
vt 0.241870 0.263889
vt 0.247290 0.263889
vt 0.006436 0.654133
vt 0.000000 0.654133
vt 0.494580 0.217141
vt 0.501016 0.217141
vt 0.252710 0.173103
vt 0.247290 0.173103
vt 0.006436 0.658537
vt 0.000000 0.658537
vt 0.241870 0.268293
vt 0.247290 0.268293
vt 0.494580 0.126355
vt 0.501016 0.126355
vt 0.252710 0.263889
vt 0.247290 0.263889
vt 0.006436 0.775068
vt -0.000000 0.775068
vt 0.732385 0.126355
vt 0.725948 0.126355
vt 0.725948 0.121951
vt 0.732385 0.121951
vt 0.237805 0.775068
vt 0.231369 0.775068
vt 0.231369 0.658537
vt 0.237805 0.658537
vt 0.732385 0.217141
vt 0.725948 0.217141
vt 0.231369 0.654133
vt 0.237805 0.654133
vt 0.732385 0.221545
vt 0.725948 0.221545
vt 0.231369 0.563347
vt 0.237805 0.563347
vt 0.732385 0.225948
vt 0.725948 0.225949
vt 0.231369 0.558943
vt 0.237805 0.558943
vt 0.732385 0.316734
vt 0.725948 0.316734
vt 0.231369 0.554539
vt 0.237805 0.554539
vt 0.732385 0.385840
vt 0.725948 0.385840
vt 0.725948 0.325542
vt 0.732385 0.325542
vt 0.732385 0.321138
vt 0.725948 0.321138
vt 0.231369 0.463753
vt 0.237805 0.463753
vt 0.231369 0.459350
vt 0.237805 0.459350
vt 0.231369 0.454946
vt 0.237805 0.454946
vt 0.231369 0.394648
vt 0.237805 0.394648
vt 0.732385 0.390244
vt 0.725948 0.390244
vt 0.725948 0.005420
vt 0.732385 0.005420
vt 0.482046 0.627710
vt 0.482046 0.632114
vt 0.475610 0.394648
vt 0.469173 0.394648
vt 0.469173 0.390244
vt 0.475610 0.390244
vt 0.691734 0.869919
vt 0.691734 0.863482
vt 0.697154 0.863482
vt 0.697154 0.869919
vt 0.725948 0.000000
vt 0.732385 0.000000
vt 0.686314 0.869919
vt 0.686314 0.863482
vt 0.691734 0.863482
vt 0.691734 0.869919
vt 0.231369 0.390244
vt 0.475610 0.637534
vt 0.469173 0.637534
vt 0.469173 0.632114
vt 0.475610 0.632114
vt 0.475610 0.627710
vt 0.475610 0.632114
vt 0.427507 0.862466
vt 0.427507 0.637534
vt 0.429878 0.637534
vt 0.429878 0.862466
vt 0.432249 0.637534
vt 0.432249 0.862466
vt 0.760840 0.315718
vt 0.760840 0.224932
vt 0.763211 0.224932
vt 0.763211 0.315718
vt 0.434621 0.637534
vt 0.434621 0.862466
vt 0.436992 0.637534
vt 0.436992 0.862466
vt 0.744241 0.224932
vt 0.744241 0.341463
vt 0.741870 0.341463
vt 0.741870 0.224932
vt 0.697154 0.857046
vt 0.699526 0.632114
vt 0.699526 0.857046
vt 0.475610 0.390244
vt 0.482046 0.390244
vt 0.482046 0.529133
vt 0.475610 0.529133
vt 0.469173 0.493225
vt 0.475610 0.493225
vt 0.732385 0.363821
vt 0.732385 0.224932
vt 0.734756 0.224932
vt 0.734756 0.363821
vt 0.102981 0.390244
vt 0.102981 0.384824
vt 0.706978 0.390244
vt 0.713415 0.390244
vt 0.713415 0.529133
vt 0.706978 0.529133
vt 0.237805 0.493225
vt 0.244241 0.493225
vt 0.391599 0.384824
vt 0.391599 0.390244
vt 0.244241 0.488821
vt 0.469173 0.488821
vt 0.482046 0.533537
vt 0.475610 0.533537
vt 0.475610 0.488821
vt 0.706978 0.533537
vt 0.098577 0.390244
vt 0.098577 0.384824
vt 0.713415 0.533537
vt 0.237805 0.488821
vt 0.396003 0.384824
vt 0.396003 0.390244
vt 0.699526 0.857046
vt 0.699526 0.632114
vt 0.701897 0.632114
vt 0.701897 0.857046
vt 0.704268 0.632114
vt 0.704268 0.857046
vt 0.436992 0.862466
vt 0.436992 0.637534
vt 0.439363 0.637534
vt 0.439363 0.862466
vt 0.751355 0.376016
vt 0.751355 0.315718
vt 0.753726 0.315718
vt 0.753726 0.376016
vt 0.939702 0.224932
vt 0.939702 0.000000
vt 1.000000 0.000000
vt 1.000000 0.224932
vt 0.439363 0.862466
vt 0.439363 0.637534
vt 0.441734 0.637534
vt 0.441734 0.862466
vt 0.753726 0.376016
vt 0.753726 0.315718
vt 0.756097 0.315718
vt 0.756097 0.376016
vt 0.444106 0.637534
vt 0.444106 0.862466
vt 0.441734 0.862466
vt 0.441734 0.637534
vt 0.000000 1.000000
vt 0.000000 0.775068
vt 0.060298 0.775068
vt 0.060298 1.000000
vt 0.446477 0.637534
vt 0.446477 0.862466
vt 0.758469 0.315718
vt 0.758469 0.376016
vt 0.756097 0.376016
vt 0.756097 0.315718
vt 0.760840 0.315718
vt 0.760840 0.376016
vt 0.758469 0.376016
vt 0.758469 0.315718
vt 0.848916 0.224932
vt 0.848916 0.000000
vt 0.939702 0.000000
vt 0.939702 0.224932
vt 0.756097 0.315718
vt 0.756097 0.224932
vt 0.758469 0.224932
vt 0.758469 0.315718
vt 0.448848 0.637534
vt 0.448848 0.862466
vt 0.446477 0.637534
vt 0.753726 0.315718
vt 0.753726 0.224932
vt 0.756097 0.224932
vt 0.756097 0.315718
vt 0.331978 0.862466
vt 0.331978 0.637534
vt 0.422764 0.637534
vt 0.422764 0.862466
vt 0.760840 0.224932
vt 0.760840 0.315718
vt 0.753726 0.224932
vt 0.753726 0.315718
vt 0.751355 0.315718
vt 0.751355 0.224932
vt 0.448848 0.862466
vt 0.448848 0.637534
vt 0.451219 0.637534
vt 0.451219 0.862466
vt 0.852303 0.615176
vt 0.852303 0.390244
vt 0.943089 0.390244
vt 0.943089 0.615176
vt 0.765582 0.224932
vt 0.765582 0.315718
vt 0.453591 0.637534
vt 0.453591 0.862466
vt 0.455962 0.637534
vt 0.455962 0.862466
vt 0.852303 0.840108
vt 0.943089 0.840108
vt 0.767954 0.224932
vt 0.767954 0.315718
vt 0.770325 0.224932
vt 0.770325 0.315718
vt 0.458333 0.637534
vt 0.458333 0.862466
vt 0.455962 0.862466
vt 0.455962 0.637534
vt 0.732385 0.000000
vt 0.744241 0.341463
vt 0.744241 0.224932
vt 0.746612 0.224932
vt 0.746612 0.341463
vt 0.458333 0.862466
vt 0.458333 0.637534
vt 0.460705 0.637534
vt 0.460705 0.862466
vt 0.463076 0.637534
vt 0.463076 0.862466
vt 0.460704 0.862466
vt 0.460704 0.637534
vt 0.475610 0.857046
vt 0.592141 0.632114
vt 0.592141 0.857046
vt 0.465447 0.637534
vt 0.465447 0.862466
vt 0.748983 0.224932
vt 0.748983 0.341463
vt 0.751355 0.341463
vt 0.748984 0.341463
vt 0.748984 0.224932
vt 0.713415 0.615176
vt 0.713415 0.390244
vt 0.737127 0.224932
vt 0.737127 0.363821
vt 0.734756 0.363821
vt 0.734756 0.224932
vt 0.739498 0.224932
vt 0.739498 0.363821
vt 0.706640 0.632114
vt 0.706640 0.857046
vt 0.704268 0.857046
vt 0.852303 0.615176
vt 0.852303 0.840108
vt 0.713415 0.840108
vt 0.741870 0.224932
vt 0.741870 0.363821
vt 0.709011 0.632114
vt 0.709011 0.857046
vt 0.706639 0.857046
vt 0.706639 0.632114
vt 0.709011 0.857046
vt 0.711382 0.632114
vt 0.711382 0.857046
vt 0.592141 0.857046
vt 0.592141 0.632114
vt 0.686314 0.632114
vt 0.686314 0.857046
vt 0.465447 0.731707
vt 0.465447 0.637534
vt 0.467818 0.637534
vt 0.467818 0.731707
vt 0.425136 0.637534
vt 0.425136 0.862466
vt 0.422764 0.862466
vt 0.470190 0.637534
vt 0.470190 0.731707
vt 0.467818 0.731707
vt 0.467818 0.637534
vt 0.331978 0.637534
vt 0.331978 0.862466
vt 0.237805 0.862466
vt 0.472561 0.637534
vt 0.472561 0.731707
vt 0.474932 0.637534
vt 0.474932 0.731707
vt 0.472561 0.731707
vt 0.472561 0.637534
vt 0.425136 0.862466
vt 0.425136 0.637534
vt 0.427507 0.637534
vt 0.427507 0.862466
s 0
usemtl Aluminium_sand.001
f 4093/8261/2198 4016/8262/2198 4018/8263/2198 4094/8264/2198
f 4101/8265/2199 4031/8266/2199 4022/8267/2199 4095/8268/2199
f 4095/8269/2200 4022/8270/2200 4020/8271/2200 4096/8272/2200
f 4097/8273/2201 4026/8274/2201 4016/8275/2201 4093/8276/2201
f 4033/8277/2202 4021/8278/2202 4019/8279/2202 4032/8280/2202
f 4024/8281/2203 4018/8282/2203 4016/8283/2203 4026/8284/2203
f 4065/8285/2203 4024/8281/2203 4026/8284/2203 4064/8286/2203
f 4017/8287/2202 4023/8288/2202 4025/8289/2202 4015/8290/2202
f 4141/8291/2203 4135/8292/2203 4030/8293/2203 4027/8294/2203
f 4099/8295/2199 4027/8296/2199 4030/8297/2199 4100/8298/2199
f 4140/8299/2198 4141/8300/2198 4027/8301/2198 4099/8302/2198
f 4137/8303/2200 4136/8304/2200 4029/8305/2200 4074/8306/2200
f 4136/8307/2202 4142/8308/2202 4028/8309/2202 4029/8310/2202
f 4118/8311/2201 4064/8312/2201 4026/8274/2201 4097/8273/2201
f 4096/8313/2201 4020/8294/2201 4034/8314/2201 4110/8315/2201
f 4022/8316/2203 4031/8317/2203 4034/8318/2203 4020/8319/2203
f 4035/8320/2202 4033/8277/2202 4032/8280/2202 4038/8321/2202
f 4102/8322/2199 4037/8323/2199 4031/8266/2199 4101/8265/2199
f 4103/8324/2199 4041/8325/2199 4037/8323/2199 4102/8322/2199
f 4039/8326/2202 4035/8320/2202 4038/8321/2202 4042/8327/2202
f 4031/8317/2203 4037/8328/2203 4036/8329/2203 4034/8318/2203
f 4043/8330/2202 4039/8326/2202 4042/8327/2202 4046/8331/2202
f 4104/8332/2199 4045/8333/2199 4041/8325/2199 4103/8324/2199
f 4111/8334/2201 4036/8335/2201 4040/8336/2201 4112/8337/2201
f 4037/8328/2203 4041/8338/2203 4040/8339/2203 4036/8329/2203
f 4105/8340/2199 4049/8341/2199 4045/8333/2199 4104/8332/2199
f 4047/8342/2202 4043/8330/2202 4046/8331/2202 4050/8343/2202
f 4112/8337/2201 4040/8336/2201 4044/8344/2201 4113/8345/2201
f 4041/8338/2203 4045/8346/2203 4044/8347/2203 4040/8339/2203
f 4110/8315/2201 4034/8314/2201 4036/8335/2201 4111/8334/2201
f 4051/8348/2202 4047/8342/2202 4050/8343/2202 4054/8349/2202
f 4106/8350/2199 4053/8351/2199 4049/8341/2199 4105/8340/2199
f 4113/8345/2201 4044/8344/2201 4048/8352/2201 4114/8353/2201
f 4045/8346/2203 4049/8354/2203 4048/8355/2203 4044/8347/2203
f 4107/8356/2199 4057/8357/2199 4053/8351/2199 4106/8350/2199
f 4055/8358/2202 4051/8348/2202 4054/8349/2202 4058/8359/2202
f 4114/8353/2201 4048/8352/2201 4052/8360/2201 4115/8361/2201
f 4049/8354/2203 4053/8362/2203 4052/8363/2203 4048/8355/2203
f 4059/8364/2202 4055/8358/2202 4058/8359/2202 4062/8365/2202
f 4108/8366/2199 4061/8367/2199 4057/8357/2199 4107/8356/2199
f 4115/8361/2201 4052/8360/2201 4056/8368/2201 4116/8369/2201
f 4053/8362/2203 4057/8370/2203 4056/8371/2203 4052/8363/2203
f 4109/8372/2199 4065/8373/2199 4061/8367/2199 4108/8366/2199
f 4063/8374/2202 4059/8364/2202 4062/8365/2202 4066/8375/2202
f 4116/8369/2201 4056/8368/2201 4060/8376/2201 4117/8377/2201
f 4057/8370/2203 4061/8378/2203 4060/8379/2203 4056/8371/2203
f 4023/8288/2202 4063/8374/2202 4066/8375/2202 4025/8289/2202
f 4098/8380/2199 4024/8381/2199 4065/8373/2199 4109/8372/2199
f 4117/8377/2201 4060/8376/2201 4064/8312/2201 4118/8311/2201
f 4061/8378/2203 4065/8285/2203 4064/8286/2203 4060/8379/2203
f 4062/8382/2201 4091/8383/2201 4092/8384/2201 4066/8385/2201
f 4023/8386/2199 4072/8387/2199 4083/8388/2199 4063/8389/2199
f 4058/8390/2201 4090/8391/2201 4091/8383/2201 4062/8382/2201
f 4063/8389/2199 4083/8388/2199 4082/8392/2199 4059/8393/2199
f 4054/8394/2201 4089/8395/2201 4090/8391/2201 4058/8390/2201
f 4059/8393/2199 4082/8392/2199 4081/8396/2199 4055/8397/2199
f 4050/8398/2201 4088/8399/2201 4089/8395/2201 4054/8394/2201
f 4055/8397/2199 4081/8396/2199 4080/8400/2199 4051/8401/2199
f 4046/8402/2201 4087/8403/2201 4088/8399/2201 4050/8398/2201
f 4051/8401/2199 4080/8400/2199 4079/8404/2199 4047/8405/2199
f 4032/8406/2201 4084/8407/2201 4085/8408/2201 4038/8409/2201
f 4042/8410/2201 4086/8411/2201 4087/8403/2201 4046/8402/2201
f 4047/8405/2199 4079/8404/2199 4078/8412/2199 4043/8413/2199
f 4038/8409/2201 4085/8408/2201 4086/8411/2201 4042/8410/2201
f 4043/8413/2199 4078/8412/2199 4077/8414/2199 4039/8415/2199
f 4039/8415/2199 4077/8414/2199 4076/8416/2199 4035/8417/2199
f 4035/8417/2199 4076/8416/2199 4075/8418/2199 4033/8419/2199
f 4019/8420/2201 4070/8421/2201 4084/8407/2201 4032/8406/2201
f 4066/8385/2201 4092/8384/2201 4071/8422/2201 4025/8423/2201
f 4139/8424/2200 4137/8303/2200 4074/8306/2200 4100/8425/2200
f 4142/8426/2198 4138/8427/2198 4073/8428/2198 4028/8429/2198
f 4028/8430/2199 4073/8431/2199 4074/8432/2199 4029/8433/2199
f 4025/8423/2201 4071/8422/2201 4067/8434/2201 4015/8435/2201
f 4021/8436/2200 4069/8437/2200 4070/8438/2200 4019/8439/2200
f 4033/8419/2199 4075/8418/2199 4069/8440/2199 4021/8301/2199
f 4015/8441/2198 4067/8442/2198 4068/8443/2198 4017/8444/2198
f 4135/8445/2200 4139/8424/2200 4100/8425/2200 4030/8446/2200
f 4091/8383/2201 4117/8377/2201 4118/8311/2201 4092/8384/2201
f 4072/8447/2200 4098/8448/2200 4171/8449/2200 4172/8450/2200
f 4090/8450/2198 4116/8449/2198 4163/8451/2198 4164/8452/2198
f 4083/8388/2199 4109/8372/2199 4108/8366/2199 4082/8392/2199
f 4089/8395/2201 4115/8361/2201 4116/8369/2201 4090/8391/2201
f 4081/8453/2203 4082/8454/2203 4162/8455/2203 4160/8456/2203
f 4088/8399/2201 4114/8353/2201 4115/8361/2201 4089/8395/2201
f 4081/8396/2199 4107/8356/2199 4106/8350/2199 4080/8400/2199
f 4080/8400/2199 4106/8350/2199 4105/8340/2199 4079/8404/2199
f 4086/8411/2201 4112/8337/2201 4113/8345/2201 4087/8403/2201
f 4104/8457/2198 4078/8458/2198 4156/8452/2198 4155/8451/2198
f 4085/8408/2201 4111/8334/2201 4112/8337/2201 4086/8411/2201
f 4078/8412/2199 4104/8332/2199 4103/8324/2199 4077/8414/2199
f 4077/8414/2199 4103/8324/2199 4102/8322/2199 4076/8416/2199
f 4101/8459/2198 4075/8460/2198 4148/8458/2198 4147/8457/2198
f 4070/8421/2201 4096/8313/2201 4110/8315/2201 4084/8407/2201
f 4071/8461/2203 4092/8462/2203 4170/8463/2203 4168/8464/2203
f 4138/8427/2198 4140/8299/2198 4099/8302/2198 4073/8428/2198
f 4073/8431/2199 4099/8295/2199 4100/8298/2199 4074/8432/2199
f 4071/8422/2201 4097/8273/2201 4093/8276/2201 4067/8434/2201
f 4069/8437/2200 4095/8269/2200 4096/8272/2200 4070/8438/2200
f 4075/8418/2199 4101/8265/2199 4095/8268/2199 4069/8440/2199
f 4067/8442/2198 4093/8261/2198 4094/8264/2198 4068/8443/2198
f 4068/8465/2199 4094/8297/2199 4175/8466/2199 4176/8467/2199
f 4024/8468/2200 4098/8469/2200 4125/8470/2200 4119/8471/2200
f 4017/8444/2198 4068/8443/2198 4124/8472/2198 4121/8473/2198
f 4125/8474/2202 4098/8475/2202 4179/8476/2202 4182/8477/2202
f 4023/8288/2202 4017/8287/2202 4121/8478/2202 4122/8479/2202
f 4072/8480/2200 4023/8481/2200 4122/8482/2200 4123/8483/2200
f 4094/8264/2198 4018/8263/2198 4120/8484/2198 4126/8485/2198
f 4018/8282/2203 4024/8281/2203 4119/8486/2203 4120/8487/2203
f 4124/8472/2198 4126/8485/2198 4132/8488/2198 4130/8489/2198
f 4119/8471/2200 4125/8470/2200 4131/8490/2200 4127/8491/2200
f 4121/8473/2198 4124/8472/2198 4130/8489/2198 4134/8492/2198
f 4125/8470/2200 4123/8483/2200 4129/8493/2200 4131/8490/2200
f 4122/8479/2202 4121/8478/2202 4134/8494/2202 4128/8495/2202
f 4123/8483/2200 4122/8482/2200 4128/8496/2200 4129/8493/2200
f 4126/8485/2198 4120/8484/2198 4133/8497/2198 4132/8488/2198
f 4120/8487/2203 4119/8486/2203 4127/8498/2203 4133/8499/2203
f 4130/8500/2199 4132/8501/2199 4183/8502/2199 4184/8503/2199
f 4127/8491/2200 4131/8490/2200 4139/8424/2200 4135/8445/2200
f 4134/8492/2198 4130/8489/2198 4138/8427/2198 4142/8426/2198
f 4131/8504/2199 4129/8505/2199 4187/8503/2199 4188/8502/2199
f 4128/8495/2202 4134/8494/2202 4142/8308/2202 4136/8307/2202
f 4129/8493/2200 4128/8496/2200 4136/8304/2200 4137/8303/2200
f 4132/8488/2198 4133/8497/2198 4141/8300/2198 4140/8299/2198
f 4133/8499/2203 4127/8498/2203 4135/8292/2203 4141/8291/2203
f 4087/8506/2198 4113/8507/2198 4151/8508/2198 4152/8509/2198
f 4085/8510/2203 4084/8511/2203 4144/8512/2203 4146/8513/2203
f 4084/8518/2198 4110/8519/2198 4143/8520/2198 4144/8521/2198
f 4110/8522/2202 4111/8523/2202 4145/8524/2202 4143/8525/2202
f 4111/8526/2200 4085/8527/2200 4146/8528/2200 4145/8529/2200
f 4076/8527/2200 4102/8526/2200 4149/8534/2200 4150/8535/2200
f 4075/8536/2203 4076/8537/2203 4150/8538/2203 4148/8539/2203
f 4102/8540/2202 4101/8541/2202 4147/8542/2202 4149/8543/2202
f 4088/8548/2203 4087/8549/2203 4152/8550/2203 4154/8551/2203
f 4114/8552/2200 4088/8553/2200 4154/8535/2200 4153/8554/2200
f 4113/8555/2202 4114/8556/2202 4153/8557/2202 4151/8558/2202
f 4078/8563/2203 4079/8564/2203 4158/8551/2203 4156/8550/2203
f 4105/8565/2202 4104/8566/2202 4155/8567/2202 4157/8568/2202
f 4079/8569/2200 4105/8570/2200 4157/8571/2200 4158/8572/2200
f 4108/8577/2202 4107/8578/2202 4159/8456/2202 4161/8455/2202
f 4107/8579/2198 4081/8580/2198 4160/8572/2198 4159/8571/2198
f 4082/8580/2200 4108/8579/2200 4161/8581/2200 4162/8582/2200
f 4091/8585/2203 4090/8586/2203 4164/8578/2203 4166/8577/2203
f 4116/8586/2202 4117/8585/2202 4165/8587/2202 4163/8588/2202
f 4117/8589/2200 4091/8590/2200 4166/8591/2200 4165/8592/2200
f 4118/8594/2202 4097/8595/2202 4167/8596/2202 4169/8597/2202
f 4092/8598/2198 4118/8599/2198 4169/8600/2198 4170/8601/2198
f 4097/8602/2200 4071/8603/2200 4168/8604/2200 4167/8605/2200
f 4109/8609/2198 4083/8610/2198 4174/8603/2198 4173/8602/2198
f 4083/8597/2203 4072/8596/2203 4172/8611/2203 4174/8612/2203
f 4098/8568/2202 4109/8613/2202 4173/8614/2202 4171/8615/2202
f 4094/8618/2202 4126/8619/2202 4178/8620/2202 4175/8621/2202
f 4124/8619/2203 4068/8618/2203 4176/8622/2203 4177/8623/2203
f 4126/8624/2201 4124/8625/2201 4177/8626/2201 4178/8504/2201
f 4072/8630/2203 4123/8631/2203 4181/8623/2203 4180/8622/2203
f 4098/8632/2199 4072/8633/2199 4180/8634/2199 4179/8635/2199
f 4123/8636/2201 4125/8632/2201 4182/8637/2201 4181/8638/2201
f 4138/8643/2203 4130/8644/2203 4184/8645/2203 4185/8646/2203
f 4140/8647/2201 4138/8648/2201 4185/8649/2201 4186/8561/2201
f 4132/8650/2202 4140/8651/2202 4186/8652/2202 4183/8653/2202
f 4139/8651/2202 4131/8650/2202 4188/8657/2202 4190/8658/2202
f 4129/8659/2203 4137/8660/2203 4189/8661/2203 4187/8662/2203
f 4137/8663/2201 4139/8664/2201 4190/8665/2201 4189/8666/2201
usemtl Window
f 4144/8514/2201 4143/8515/2201 4145/8516/2201 4146/8517/2201
f 4150/8530/2199 4149/8531/2199 4147/8532/2199 4148/8533/2199
f 4152/8544/2201 4151/8545/2201 4153/8546/2201 4154/8547/2201
f 4158/8559/2199 4157/8560/2199 4155/8561/2199 4156/8562/2199
f 4162/8573/2199 4161/8574/2199 4159/8575/2199 4160/8576/2199
f 4164/8583/2201 4163/8573/2201 4165/8576/2201 4166/8584/2201
f 4170/8475/2201 4169/8593/2201 4167/8545/2201 4168/8544/2201
f 4172/8606/2199 4171/8444/2199 4173/8607/2199 4174/8608/2199
f 4176/8616/2198 4175/8617/2198 4178/8574/2198 4177/8573/2198
f 4179/8627/2200 4180/8628/2200 4181/8629/2200 4182/8616/2200
f 4184/8639/2198 4183/8640/2198 4186/8641/2198 4185/8642/2198
f 4188/8654/2200 4187/8655/2200 4189/8656/2200 4190/8262/2200
o Cube.003
v -3.873342 0.159993 -10.039266
v -3.873342 3.669993 -10.039266
v -3.873342 0.159993 -11.519266
v -3.873342 3.669993 -11.519266
v -3.673342 0.159993 -10.039266
v -3.673342 3.669993 -10.039266
v -3.673342 0.159993 -11.519266
v -3.673342 3.669993 -11.519266
v -3.873342 3.669993 -12.446855
v -3.873342 0.159993 -12.446855
v -3.673342 0.159993 -12.446855
v -3.673342 3.669993 -12.446855
vn -1.0000 -0.0000 -0.0000
vn 1.0000 -0.0000 -0.0000
vn -0.0000 -0.0000 1.0000
vn -0.0000 -1.0000 -0.0000
vn -0.0000 1.0000 -0.0000
vn -0.0000 -0.0000 -1.0000
vt 0.000000 0.648178
vt 0.000000 0.000000
vt 0.273306 0.000000
vt 0.273306 0.648178
vt 0.615894 0.000000
vt 0.615894 0.648178
vt 0.444600 0.648178
vt 0.444600 0.000000
vt 0.889200 0.000000
vt 0.889200 0.648178
vt 0.889200 0.648178
vt 0.889200 0.000000
vt 0.926134 0.000000
vt 0.926134 0.648178
vt 1.000000 0.273306
vt 0.963067 0.273306
vt 0.963067 0.000000
vt 1.000000 0.000000
vt 1.000000 0.717906
vt 0.963067 0.717906
vt 0.963067 0.444600
vt 1.000000 0.444600
vt 0.963067 0.000000
vt 0.963067 0.648178
vt 1.000000 0.889200
vt 0.963067 0.889200
s 0
usemtl Material.008
f 4191/8667/2204 4192/8668/2204 4194/8669/2204 4193/8670/2204
f 4198/8671/2205 4197/8672/2205 4201/8673/2205 4202/8674/2205
f 4197/8672/2205 4198/8671/2205 4196/8675/2205 4195/8676/2205
f 4195/8677/2206 4196/8678/2206 4192/8679/2206 4191/8680/2206
f 4193/8681/2207 4197/8682/2207 4195/8683/2207 4191/8684/2207
f 4198/8685/2208 4194/8686/2208 4192/8687/2208 4196/8688/2208
f 4200/8680/2209 4199/8679/2209 4202/8689/2209 4201/8690/2209
f 4197/8682/2207 4193/8681/2207 4200/8688/2207 4201/8687/2207
f 4194/8686/2208 4198/8685/2208 4202/8691/2208 4199/8692/2208
f 4193/8670/2204 4194/8669/2204 4199/8674/2204 4200/8673/2204
o Cube.014
v 9.286178 0.001571 -6.320669
v 9.286178 3.669993 -6.320669
v 9.086178 0.001571 -6.320669
v 9.086178 3.669993 -6.320669
v 9.086177 0.001571 -12.455139
v 9.086177 3.669993 -12.455139
v 9.286177 0.001571 -12.455139
v 9.286177 3.669993 -12.455139
vn -0.0000 -0.0000 1.0000
vn -0.0000 -0.0000 -1.0000
vn 1.0000 -0.0000 -0.0000
vn -0.0000 1.0000 -0.0000
vn -0.0000 -1.0000 -0.0000
vn -1.0000 -0.0000 -0.0000
vt 0.974801 0.462202
vt 0.974801 0.000000
vt 1.000000 0.000000
vt 1.000000 0.462202
vt 1.000000 0.924403
vt 0.974801 0.924403
vt 0.462202 0.772910
vt 0.000000 0.772910
vt 0.000000 0.000000
vt 0.462202 0.000000
vt 0.924403 0.772910
vt 0.924403 -0.000000
vt 0.949602 -0.000000
vt 0.949602 0.772910
vt 0.974801 -0.000000
vt 0.974801 0.772910
vt 0.949602 0.772910
vt 0.949602 -0.000000
vt 0.924403 0.772911
vt 0.924403 0.000000
s 0
usemtl Material.011
f 4203/8693/2210 4204/8694/2210 4206/8695/2210 4205/8696/2210
f 4210/8696/2211 4209/8697/2211 4207/8698/2211 4208/8693/2211
f 4209/8699/2212 4210/8700/2212 4204/8701/2212 4203/8702/2212
f 4208/8703/2213 4206/8704/2213 4204/8705/2213 4210/8706/2213
f 4205/8707/2214 4207/8708/2214 4209/8709/2214 4203/8710/2214
f 4205/8711/2215 4206/8699/2215 4208/8702/2215 4207/8712/2215
o Cube.016
v 1.946658 0.159993 -11.362807
v 1.946658 2.677237 -11.362807
v 1.946658 0.159993 -11.442807
v 1.946658 2.677237 -11.442807
v 1.881658 2.677237 -11.442807
v 1.881658 0.159993 -11.362807
v 1.881658 0.159993 -11.442807
v 1.881658 2.677237 -11.362807
v 0.795711 0.159993 -11.442807
v 0.795711 2.677237 -11.362807
v 0.795711 2.677237 -11.442807
v 0.795711 0.159993 -11.362807
v 0.730711 0.159993 -11.442807
v 0.730711 2.677237 -11.362807
v 0.730710 2.677237 -11.442807
v 0.730710 0.159993 -11.362807
v 0.665711 0.159993 -11.442807
v 0.665711 2.677237 -11.362807
v 0.665711 2.677237 -11.442807
v 0.665711 0.159993 -11.362806
v -0.579184 0.159993 -11.442807
v -0.579184 2.677237 -11.362807
v -0.579184 2.677237 -11.442807
v -0.579184 0.159993 -11.362806
v -0.644183 0.159993 -11.442809
v -0.644183 2.677237 -11.362809
v -0.644183 2.677237 -11.442809
v -0.644183 0.159993 -11.362809
v -0.709184 0.159993 -11.442808
v -0.709184 2.677237 -11.362808
v -0.709184 2.677237 -11.442808
v -0.709184 0.159993 -11.362808
v -1.948342 0.159993 -11.442807
v -1.948342 2.677237 -11.362807
v -1.948342 2.677237 -11.442807
v -1.948342 0.159993 -11.362807
v -2.013342 0.159993 -11.442807
v -2.013342 2.677237 -11.362807
v -2.013342 2.677237 -11.442807
v -2.013342 0.159993 -11.362807
v 1.946658 0.254993 -11.442807
v 1.946658 0.254993 -11.362807
v 1.881658 0.254993 -11.442807
v 0.795711 0.254993 -11.442807
v 0.730711 0.254993 -11.442807
v 0.665711 0.254993 -11.442807
v -0.579184 0.254993 -11.442807
v -0.644183 0.254993 -11.442809
v -0.709184 0.254993 -11.442808
v -1.948342 0.254993 -11.442807
v -2.013342 0.254993 -11.442807
v 1.881658 0.254993 -11.362807
v 0.795711 0.254993 -11.362807
v 0.730711 0.254993 -11.362807
v 0.665711 0.254993 -11.362806
v -0.579184 0.254993 -11.362806
v -0.644183 0.254993 -11.362809
v -0.709184 0.254993 -11.362808
v -1.948342 0.254993 -11.362807
v -2.013342 0.254993 -11.362807
v 1.946658 2.582236 -11.442807
v 1.946658 2.582236 -11.362807
v 1.881658 2.582236 -11.442807
v 0.795711 2.582236 -11.442807
v 0.730710 2.582236 -11.442807
v 0.665711 2.582236 -11.442807
v -0.579184 2.582236 -11.442807
v -0.644183 2.582236 -11.442809
v -0.709184 2.582236 -11.442808
v -1.948342 2.582236 -11.442807
v -2.013342 2.582236 -11.442807
v 1.881658 2.582236 -11.362807
v 0.795711 2.582236 -11.362807
v 0.730711 2.582236 -11.362807
v 0.665711 2.582236 -11.362806
v -0.579184 2.582236 -11.362806
v -0.644183 2.582236 -11.362809
v -0.709184 2.582236 -11.362808
v -1.948342 2.582236 -11.362807
v -2.013342 2.582236 -11.362807
v 1.881658 2.582236 -11.397807
v 1.881658 0.254993 -11.397807
v 0.795711 2.582236 -11.397807
v 0.795711 0.254993 -11.397807
v 1.881658 2.582236 -11.407807
v 1.881658 0.254993 -11.407807
v 0.795711 2.582236 -11.407807
v 0.795711 0.254993 -11.407807
v 0.665711 2.582236 -11.397807
v 0.665711 0.254993 -11.397806
v -0.579184 2.582236 -11.397807
v -0.579184 0.254993 -11.397806
v 0.665711 2.582236 -11.407807
v 0.665711 0.254993 -11.407807
v -0.579184 2.582236 -11.407807
v -0.579184 0.254993 -11.407807
v -0.709184 2.582236 -11.407808
v -0.709184 0.254993 -11.407808
v -1.948342 2.582236 -11.407807
v -1.948342 0.254993 -11.407807
v -0.709184 2.582236 -11.397808
v -0.709184 0.254993 -11.397808
v -1.948342 2.582236 -11.397807
v -1.948342 0.254993 -11.397807
v -2.013342 2.582236 -11.397807
v -2.013342 0.254993 -11.397807
v -2.013342 2.582236 -11.407807
v -2.013342 0.254993 -11.407807
v 1.946658 2.144207 -11.362807
v 1.946658 2.144207 -11.442807
v 1.881658 2.144207 -11.362807
v 1.881658 2.144207 -11.442807
v 0.795711 2.144207 -11.442807
v 0.795711 2.144207 -11.362807
v 0.730711 2.144207 -11.442807
v 0.730710 2.144207 -11.362807
v 0.665711 2.144207 -11.442807
v 0.665711 2.144207 -11.362806
v -0.579184 2.144207 -11.442807
v -0.579184 2.144207 -11.362806
v -0.644183 2.144207 -11.442809
v -0.644183 2.144207 -11.362809
v -0.709184 2.144207 -11.442808
v -0.709184 2.144207 -11.362808
v -1.948342 2.144207 -11.442807
v -1.948342 2.144207 -11.362807
v -2.013342 2.144207 -11.442807
v -2.013342 2.144207 -11.362807
v 1.946658 2.239207 -11.442807
v 1.946658 2.239207 -11.362807
v 1.881658 2.239207 -11.442807
v 0.795711 2.239207 -11.442807
v 0.730711 2.239207 -11.442807
v 0.665711 2.239207 -11.442807
v -0.579184 2.239207 -11.442807
v -0.644183 2.239207 -11.442809
v -0.709184 2.239207 -11.442808
v -1.948342 2.239207 -11.442807
v -2.013342 2.239207 -11.442807
v 1.881658 2.239207 -11.362807
v 0.795711 2.239207 -11.362807
v 0.730711 2.239207 -11.362807
v 0.665711 2.239207 -11.362806
v -0.579184 2.239207 -11.362806
v -0.644183 2.239207 -11.362809
v -0.709184 2.239207 -11.362808
v -1.948342 2.239207 -11.362807
v -2.013342 2.239207 -11.362807
v 1.881658 2.239207 -11.397807
v 0.795711 2.239207 -11.397807
v 1.881658 2.239207 -11.407807
v 0.795711 2.239207 -11.407807
v 0.665711 2.239207 -11.397806
v -0.579184 2.239207 -11.397806
v 0.665711 2.239207 -11.407807
v -0.579184 2.239207 -11.407807
v -0.709184 2.239207 -11.407808
v -1.948342 2.239207 -11.407807
v -0.709184 2.239207 -11.397808
v -1.948342 2.239207 -11.397807
vn -0.0000 -0.0000 -1.0000
vn 1.0000 -0.0000 -0.0000
vn -0.0000 -1.0000 -0.0000
vn -0.0000 -0.0000 1.0000
vn -0.0000 1.0000 -0.0000
vn -1.0000 -0.0000 -0.0000
vt 3.810925 1.167243
vt 3.810926 1.262244
vt 3.875925 1.262244
vt 3.875925 1.167243
vt 4.799986 1.167193
vt 4.799994 1.262201
vt 4.720009 1.262197
vt 4.720003 1.167191
vt 3.810928 4.800004
vt 3.875923 4.800004
vt 3.875916 4.719993
vt 3.810921 4.719993
vt 2.724985 4.799998
vt 3.810928 4.799998
vt 3.810921 4.719986
vt 2.724990 4.719986
vt 2.724980 1.167243
vt 2.724978 1.262244
vt 2.659975 1.167245
vt 2.659976 1.262243
vt 2.724977 1.262243
vt 2.724977 1.167245
vt 2.659998 4.800536
vt 2.724992 4.800396
vt 2.724988 4.720421
vt 2.659994 4.720561
vt 2.724985 4.799997
vt 2.594961 4.800457
vt 2.659967 4.800310
vt 2.659961 4.720297
vt 2.594955 4.720445
vt 2.594984 1.167244
vt 2.594985 1.262244
vt 2.659983 1.262244
vt 2.659983 1.167244
vt 2.724979 1.167243
vt 2.724979 1.262244
vt 2.659978 1.262244
vt 2.659978 1.167243
vt 2.724987 4.799542
vt 2.659988 4.799380
vt 2.659987 4.719340
vt 2.724986 4.719500
vt 1.350085 1.167244
vt 1.350084 1.262245
vt 2.594979 1.262244
vt 2.594977 1.167243
vt 1.350074 4.800002
vt 2.594982 4.800000
vt 2.594979 4.719992
vt 1.350074 4.720010
vt 2.659986 1.167250
vt 2.659986 1.262250
vt 2.594986 1.262250
vt 2.594986 1.167250
vt 2.659987 4.799724
vt 2.594992 4.799589
vt 2.594993 4.719603
vt 2.659987 4.719736
vt 2.724978 1.262244
vt 2.724980 1.167243
vt 1.285094 4.800939
vt 1.350092 4.800510
vt 1.350089 4.720503
vt 1.285093 4.720932
vt 1.284904 1.167248
vt 1.284906 1.262248
vt 1.349904 1.262246
vt 1.349903 1.167246
vt 2.594982 1.167253
vt 2.594979 1.262254
vt 1.350087 1.262253
vt 1.350087 1.167253
vt 2.594983 4.800007
vt 1.350079 4.799998
vt 1.350086 4.719993
vt 2.594978 4.719985
vt 1.220173 1.167241
vt 1.220173 1.262241
vt 1.285175 1.262242
vt 1.285174 1.167242
vt 1.220092 4.800441
vt 1.285092 4.800164
vt 1.285088 4.720147
vt 1.220090 4.720423
vt 1.349898 1.167250
vt 1.349897 1.262249
vt 1.284898 1.262250
vt 1.284899 1.167250
vt 1.350095 4.799485
vt 1.285104 4.799062
vt 1.285104 4.719065
vt 1.350095 4.719479
vt -0.019075 4.799994
vt 1.220085 4.799993
vt 1.220088 4.720001
vt -0.019076 4.720011
vt -0.019057 1.167243
vt -0.019058 1.262244
vt 1.220093 1.262244
vt 1.220095 1.167243
vt 1.285178 1.167243
vt 1.285176 1.262243
vt 1.220174 1.262242
vt 1.220176 1.167243
vt 1.285078 4.799845
vt 1.220076 4.799566
vt 1.220080 4.719571
vt 1.285082 4.719851
vt -0.084051 1.167243
vt -0.084051 1.262243
vt -0.019051 1.262243
vt -0.019051 1.167244
vt -0.084074 4.799984
vt -0.019074 4.799999
vt -0.019073 4.720003
vt -0.084074 4.720016
vt 1.220075 1.167242
vt 1.220077 1.262244
vt -0.019086 1.262244
vt -0.019087 1.167243
vt 1.220086 4.799994
vt -0.019073 4.799995
vt -0.019073 4.720001
vt 1.220086 4.719991
vt -0.019051 1.167242
vt -0.019051 1.262242
vt -0.084051 1.262242
vt -0.084051 1.167243
vt -0.019074 4.799986
vt -0.084074 4.799999
vt -0.084074 4.719989
vt -0.019074 4.720015
vt -0.019051 -1.255000
vt -0.019051 -1.160000
vt -0.084051 -1.160000
vt -0.084051 -1.255000
vt 1.220085 -1.255000
vt 1.220085 -1.160000
vt -0.019072 -1.160000
vt -0.019074 -1.255000
vt -0.084051 -1.255000
vt -0.084051 -1.160000
vt -0.019051 -1.160000
vt -0.019051 -1.255000
vt 1.285176 -1.255000
vt 1.285176 -1.160000
vt 1.220175 -1.160000
vt 1.220175 -1.255000
vt -0.019071 -1.255000
vt -0.019074 -1.160000
vt 1.220085 -1.160000
vt 1.220085 -1.255000
vt 1.349849 -1.254987
vt 1.349849 -1.159988
vt 1.284850 -1.159988
vt 1.284850 -1.254988
vt 1.220175 -1.255000
vt 1.220175 -1.160000
vt 1.285177 -1.160000
vt 1.285177 -1.255000
vt 2.594979 -1.254975
vt 2.594979 -1.159975
vt 1.350085 -1.159975
vt 1.350085 -1.254975
vt 1.284904 -1.255000
vt 1.284904 -1.160000
vt 1.349903 -1.160000
vt 1.349903 -1.255000
vt 3.810926 -1.255000
vt 3.810926 -1.160000
vt 2.724979 -1.160000
vt 2.724979 -1.255000
vt 2.660033 -1.254988
vt 2.660034 -1.159988
vt 2.595034 -1.159988
vt 2.595034 -1.254988
vt 1.350085 -1.255000
vt 1.350085 -1.160000
vt 2.594979 -1.160000
vt 2.594979 -1.255000
vt 2.724979 -1.255000
vt 2.659979 -1.160000
vt 2.659979 -1.255000
vt 2.594980 -1.255000
vt 2.594978 -1.160000
vt 2.659979 -1.160000
vt 2.659979 -1.255000
vt 2.659980 -1.255000
vt 2.659979 -1.160000
vt 2.724980 -1.160000
vt 2.724979 -1.255000
vt 2.724979 -1.255000
vt 3.875926 -1.255000
vt 3.875926 -1.160000
vt 4.800003 -1.255005
vt 4.799994 -1.159996
vt 4.719993 -1.160004
vt 4.719985 -1.255001
vt -0.019051 -1.160000
vt -0.019051 1.167244
vt -0.084051 1.167243
vt -0.084051 -1.160000
vt 4.720013 -1.160004
vt 4.720013 1.167245
vt 4.754984 1.167234
vt 4.754985 -1.160004
vt -0.084051 -1.160000
vt -0.084051 1.167243
vt -0.019051 1.167243
vt -0.019051 -1.160000
vt 1.285176 -1.160000
vt 1.285177 1.167244
vt 1.220175 1.167243
vt 1.220176 -1.160000
vt 1.220082 4.799991
vt -0.019073 4.800014
vt -0.019081 4.764980
vt 1.220081 4.765001
vt 1.349876 -1.160000
vt 1.349876 1.167243
vt 1.284877 1.167243
vt 1.284877 -1.160000
vt 1.220176 -1.160000
vt 1.220175 1.167244
vt 1.285177 1.167243
vt 1.284905 -1.160000
vt 1.284905 1.167243
vt 1.349903 1.167244
vt 1.349903 -1.160000
vt 2.660007 -1.160000
vt 2.660006 1.167243
vt 2.595007 1.167243
vt 2.595007 -1.160000
vt 4.799986 1.167234
vt 4.799986 -1.160004
vt 4.765009 -1.160004
vt 4.765009 1.167245
vt 2.724979 -1.160000
vt 2.724981 1.167243
vt 2.659980 1.167243
vt 2.659979 -1.160000
vt 2.594980 1.167244
vt 2.659979 1.167244
vt 2.659978 -1.159999
vt 2.659980 -1.160000
vt 2.659979 1.167244
vt 2.724979 1.167243
vt 2.724979 -1.160000
vt 3.875926 1.167243
vt 3.810926 1.167243
vt 4.799994 -1.160000
vt 4.799994 1.167241
vt 4.719984 1.167246
vt 4.719984 -1.160000
vt 3.810926 1.167243
vt 3.875926 1.167243
vt 4.719988 -1.160004
vt 4.719989 1.167234
vt 4.755002 1.167237
vt 4.754984 -1.159996
vt 2.724985 4.719978
vt 3.810913 4.719977
vt 3.810898 4.755010
vt 2.724970 4.755009
vt 4.060000 -1.160000
vt 4.060000 1.167243
vt 2.974053 1.167243
vt 2.974053 -1.160000
vt 4.719986 -1.159996
vt 4.719986 1.167247
vt 4.755009 1.167234
vt 4.755008 -1.160004
vt 3.810913 4.719978
vt 2.724991 4.719977
vt 2.724986 4.755010
vt 3.810883 4.755009
vt 4.719986 1.167250
vt 4.719986 -1.159988
vt 4.755009 -1.160004
vt 4.755008 1.167234
vt 2.974054 1.167244
vt 4.060000 1.167243
vt 4.799986 1.167234
vt 4.765009 1.167245
vt 3.810944 4.799973
vt 2.724984 4.799973
vt 2.724980 4.765012
vt 3.810913 4.765012
vt 2.725000 4.799973
vt 2.724982 4.765012
vt 2.844053 -1.160000
vt 2.844053 1.167243
vt 1.599159 1.167243
vt 1.599159 -1.160000
vt 1.350078 4.720005
vt 2.594983 4.720004
vt 2.594983 4.754992
vt 1.350078 4.754992
vt 4.719988 1.167234
vt 4.754984 -1.159988
vt 4.755001 1.167239
vt 2.594993 4.719982
vt 1.350102 4.719982
vt 1.350087 4.754992
vt 2.594977 4.754992
vt 1.599159 1.167243
vt 2.844053 1.167243
vt 2.844053 -1.160000
vt 2.594977 4.799993
vt 1.350088 4.799993
vt 1.350087 4.764982
vt 2.594965 4.764982
vt 1.350072 4.799993
vt 2.594975 4.799993
vt 2.594979 4.765007
vt 1.350093 4.765007
vt 0.230002 -1.160000
vt 0.230001 1.167243
vt 1.469159 1.167243
vt 1.469159 -1.160000
vt -0.019072 4.800014
vt 1.220081 4.799991
vt 1.220079 4.765002
vt -0.019077 4.764980
vt 4.800009 1.167245
vt 4.800009 -1.160004
vt 4.764988 -1.160004
vt 4.764988 1.167245
vt 4.799986 -1.159996
vt 4.799986 1.167247
vt 4.765010 1.167245
vt 4.765010 -1.160004
vt 1.469159 -1.160000
vt 1.469159 1.167243
vt 0.230002 1.167243
vt 0.230000 -1.160000
vt -0.019077 4.720005
vt 1.220084 4.720004
vt 1.220084 4.755013
vt -0.019076 4.754990
vt 1.220082 4.720004
vt -0.019073 4.720005
vt -0.019073 4.754991
vt 1.220082 4.755013
vt 4.719988 1.167245
vt 4.719987 -1.160004
vt 4.755010 -1.160004
vt 4.755011 1.167234
vt 4.799984 1.167234
vt 4.799984 -1.160004
vt 4.765010 1.167245
vt -0.019052 0.729213
vt -0.019053 0.824214
vt -0.084052 0.824214
vt -0.084053 0.729212
vt 1.220106 0.729214
vt 1.220107 0.824213
vt -0.019046 0.824213
vt -0.019048 0.729214
vt -0.084053 0.729211
vt -0.084053 0.824213
vt -0.019053 0.824213
vt -0.019052 0.729211
vt 1.285174 0.729214
vt 1.285174 0.824219
vt 1.220173 0.824215
vt 1.220172 0.729216
vt -0.019101 0.729216
vt -0.019103 0.824213
vt 1.220060 0.824214
vt 1.220060 0.729216
vt 1.349845 0.729224
vt 1.349846 0.824227
vt 1.284848 0.824224
vt 1.284846 0.729226
vt 1.220177 0.729215
vt 1.220172 0.824220
vt 1.285175 0.824214
vt 1.285174 0.729218
vt 2.594984 0.729238
vt 2.594983 0.824234
vt 1.350085 0.824234
vt 1.350085 0.729236
vt 1.284904 0.729213
vt 1.284905 0.824215
vt 1.349906 0.824212
vt 1.349904 0.729214
vt 3.810925 0.729214
vt 3.810932 0.824214
vt 2.724981 0.824214
vt 2.724979 0.729214
vt 2.660049 0.729227
vt 2.660044 0.824230
vt 2.595043 0.824229
vt 2.595047 0.729228
vt 1.350084 0.729213
vt 1.350084 0.824213
vt 2.594976 0.824213
vt 2.594978 0.729216
vt 2.724979 0.729213
vt 2.724979 0.824210
vt 2.659983 0.824206
vt 2.659979 0.729207
vt 2.594967 0.729215
vt 2.594957 0.824218
vt 2.659960 0.824213
vt 2.659962 0.729216
vt 2.659992 0.729213
vt 2.659994 0.824217
vt 2.724991 0.824213
vt 2.724989 0.729210
vt 2.724979 0.729217
vt 2.724979 0.824216
vt 3.810932 0.824216
vt 3.810925 0.729217
vt 3.875927 0.729212
vt 3.875923 0.824215
vt 3.810928 0.824215
vt 3.810925 0.729212
vt 4.799995 0.729277
vt 4.799999 0.824280
vt 4.719990 0.824277
vt 4.719982 0.729275
s 0
usemtl Aluminium_sand.002
f 4273/8713/2216 4215/8714/2216 4214/8715/2216 4271/8716/2216
f 4271/8717/2217 4214/8718/2217 4212/8719/2217 4272/8720/2217
f 4217/8721/2218 4213/8722/2218 4211/8723/2218 4216/8724/2218
f 4272/8716/2219 4212/8715/2219 4218/8714/2219 4282/8713/2219
f 4214/8722/2220 4215/8721/2220 4218/8724/2220 4212/8723/2220
f 4219/8725/2218 4217/8726/2218 4216/8727/2218 4222/8728/2218
f 4274/8729/2216 4221/8730/2216 4215/8714/2216 4273/8713/2216
f 4275/8731/2216 4225/8732/2216 4221/8733/2216 4274/8734/2216
f 4223/8735/2218 4219/8736/2218 4222/8737/2218 4226/8738/2218
f 4215/8726/2220 4221/8739/2220 4220/8728/2220 4218/8727/2220
f 4227/8740/2218 4223/8741/2218 4226/8742/2218 4230/8743/2218
f 4276/8744/2216 4229/8745/2216 4225/8746/2216 4275/8747/2216
f 4283/8748/2219 4220/8749/2219 4224/8750/2219 4284/8751/2219
f 4221/8752/2220 4225/8753/2220 4224/8754/2220 4220/8755/2220
f 4277/8756/2216 4233/8757/2216 4229/8758/2216 4276/8759/2216
f 4231/8760/2218 4227/8761/2218 4230/8762/2218 4234/8763/2218
f 4284/8764/2219 4224/8765/2219 4228/8766/2219 4285/8767/2219
f 4225/8768/2220 4229/8769/2220 4228/8770/2220 4224/8771/2220
f 4282/8713/2219 4218/8714/2219 4220/8772/2219 4283/8773/2219
f 4235/8774/2218 4231/8775/2218 4234/8776/2218 4238/8777/2218
f 4278/8778/2216 4237/8779/2216 4233/8780/2216 4277/8781/2216
f 4285/8782/2219 4228/8783/2219 4232/8784/2219 4286/8785/2219
f 4229/8786/2220 4233/8787/2220 4232/8788/2220 4228/8789/2220
f 4279/8790/2216 4241/8791/2216 4237/8792/2216 4278/8793/2216
f 4239/8794/2218 4235/8795/2218 4238/8796/2218 4242/8797/2218
f 4286/8798/2219 4232/8799/2219 4236/8800/2219 4287/8801/2219
f 4233/8802/2220 4237/8803/2220 4236/8804/2220 4232/8805/2220
f 4243/8806/2218 4239/8807/2218 4242/8808/2218 4246/8809/2218
f 4280/8810/2216 4245/8811/2216 4241/8812/2216 4279/8813/2216
f 4287/8814/2219 4236/8815/2219 4240/8816/2219 4288/8817/2219
f 4237/8818/2220 4241/8819/2220 4240/8820/2220 4236/8821/2220
f 4281/8822/2216 4249/8823/2216 4245/8824/2216 4280/8825/2216
f 4247/8826/2218 4243/8827/2218 4246/8828/2218 4250/8829/2218
f 4288/8830/2219 4240/8831/2219 4244/8832/2219 4289/8833/2219
f 4241/8834/2220 4245/8835/2220 4244/8836/2220 4240/8837/2220
f 4289/8838/2219 4244/8839/2219 4248/8840/2219 4290/8841/2219
f 4245/8842/2220 4249/8843/2220 4248/8844/2220 4244/8845/2220
f 4246/8846/2219 4269/8847/2219 4270/8848/2219 4250/8849/2219
f 4242/8850/2219 4268/8851/2219 4269/8852/2219 4246/8853/2219
f 4247/8854/2216 4261/8855/2216 4260/8856/2216 4243/8857/2216
f 4238/8858/2219 4267/8859/2219 4268/8860/2219 4242/8861/2219
f 4243/8862/2216 4260/8863/2216 4259/8864/2216 4239/8865/2216
f 4234/8866/2219 4266/8867/2219 4267/8868/2219 4238/8869/2219
f 4239/8870/2216 4259/8871/2216 4258/8872/2216 4235/8873/2216
f 4230/8874/2219 4265/8875/2219 4266/8876/2219 4234/8877/2219
f 4235/8878/2216 4258/8879/2216 4257/8880/2216 4231/8881/2216
f 4216/8882/2219 4262/8883/2219 4263/8884/2219 4222/8885/2219
f 4226/8886/2219 4264/8887/2219 4265/8888/2219 4230/8889/2219
f 4231/8890/2216 4257/8891/2216 4256/8892/2216 4227/8893/2216
f 4222/8894/2219 4263/8884/2219 4264/8895/2219 4226/8896/2219
f 4227/8897/2216 4256/8898/2216 4255/8899/2216 4223/8900/2216
f 4223/8901/2216 4255/8902/2216 4254/8903/2216 4219/8904/2216
f 4219/8905/2216 4254/8884/2216 4253/8883/2216 4217/8882/2216
f 4211/8906/2219 4252/8907/2219 4262/8883/2219 4216/8882/2219
f 4213/8908/2217 4251/8909/2217 4252/8910/2217 4211/8911/2217
f 4217/8882/2216 4253/8883/2216 4251/8907/2216 4213/8906/2216
f 4269/8912/2219 4289/8913/2219 4290/8914/2219 4270/8915/2219
f 4268/8916/2221 4288/8917/2221 4311/8918/2221 4312/8919/2221
f 4261/8920/2216 4281/8921/2216 4280/8922/2216 4260/8923/2216
f 4267/8924/2219 4287/8925/2219 4288/8926/2219 4268/8927/2219
f 4259/8928/2220 4260/8929/2220 4310/8930/2220 4308/8931/2220
f 4266/8932/2219 4286/8933/2219 4287/8934/2219 4267/8935/2219
f 4259/8936/2216 4279/8937/2216 4278/8938/2216 4258/8872/2216
f 4258/8939/2216 4278/8940/2216 4277/8941/2216 4257/8942/2216
f 4264/8943/2219 4284/8944/2219 4285/8945/2219 4265/8946/2219
f 4276/8947/2221 4256/8948/2221 4304/8949/2221 4303/8950/2221
f 4263/8951/2219 4283/8952/2219 4284/8953/2219 4264/8954/2219
f 4256/8892/2216 4276/8955/2216 4275/8956/2216 4255/8957/2216
f 4255/8958/2216 4275/8959/2216 4274/8960/2216 4254/8961/2216
f 4273/8947/2221 4253/8948/2221 4296/8949/2221 4295/8950/2221
f 4252/8907/2219 4272/8962/2219 4282/8963/2219 4262/8883/2219
f 4251/8964/2217 4271/8965/2217 4272/8966/2217 4252/8967/2217
f 4253/8883/2216 4273/8968/2216 4271/8969/2216 4251/8907/2216
f 4265/8970/2221 4285/8971/2221 4299/8972/2221 4300/8973/2221
f 4263/8974/2220 4262/8975/2220 4292/8976/2220 4294/8977/2220
f 4262/8982/2221 4282/8983/2221 4291/8984/2221 4292/8985/2221
f 4282/8986/2218 4283/8987/2218 4293/8988/2218 4291/8989/2218
f 4283/8990/2217 4263/8991/2217 4294/8992/2217 4293/8993/2217
f 4254/8948/2217 4274/8996/2217 4297/8997/2217 4298/8949/2217
f 4253/8998/2220 4254/8999/2220 4298/9000/2220 4296/9001/2220
f 4274/9002/2218 4273/8998/2218 4295/9001/2218 4297/9003/2218
f 4266/9008/2220 4265/9009/2220 4300/9010/2220 4302/9011/2220
f 4286/9012/2217 4266/8970/2217 4302/9013/2217 4301/9014/2217
f 4285/9015/2218 4286/9016/2218 4301/9017/2218 4299/9018/2218
f 4256/9022/2220 4257/9023/2220 4306/9024/2220 4304/9025/2220
f 4277/9026/2218 4276/9027/2218 4303/9028/2218 4305/9029/2218
f 4257/8948/2217 4277/8996/2217 4305/8997/2217 4306/8949/2217
f 4280/9034/2218 4279/9035/2218 4307/9036/2218 4309/9037/2218
f 4279/9038/2221 4259/9039/2221 4308/9040/2221 4307/9041/2221
f 4260/9042/2217 4280/9043/2217 4309/9044/2217 4310/9045/2217
f 4269/9050/2220 4268/9051/2220 4312/9052/2220 4314/9053/2220
f 4288/9054/2218 4289/9055/2218 4313/9056/2218 4311/9057/2218
f 4289/9058/2217 4269/9059/2217 4314/9060/2217 4313/9061/2217
f 4270/8982/2221 4290/8983/2221 4315/8984/2221 4316/8985/2221
f 4281/9062/2221 4261/9063/2221 4318/9045/2221 4317/9064/2221
f 4322/8721/2218 4320/8722/2218 4319/8723/2218 4321/8724/2218
f 4323/8725/2218 4322/8726/2218 4321/8727/2218 4324/8728/2218
f 4325/8735/2218 4323/8736/2218 4324/8737/2218 4326/8738/2218
f 4327/8740/2218 4325/8741/2218 4326/8742/2218 4328/8743/2218
f 4329/8760/2218 4327/8761/2218 4328/8762/2218 4330/8763/2218
f 4331/8774/2218 4329/8775/2218 4330/8776/2218 4332/8777/2218
f 4333/8794/2218 4331/8795/2218 4332/8796/2218 4334/8797/2218
f 4335/8806/2218 4333/8807/2218 4334/8808/2218 4336/8809/2218
f 4337/8826/2218 4335/8827/2218 4336/8828/2218 4338/8829/2218
f 4336/9065/2219 4357/9066/2219 4358/9067/2219 4338/9068/2219
f 4334/9069/2219 4356/9070/2219 4357/9071/2219 4336/9072/2219
f 4337/9073/2216 4349/9074/2216 4348/9075/2216 4335/9076/2216
f 4332/9077/2219 4355/9078/2219 4356/9079/2219 4334/9080/2219
f 4335/9081/2216 4348/9082/2216 4347/9083/2216 4333/9084/2216
f 4330/9085/2219 4354/9086/2219 4355/9087/2219 4332/9088/2219
f 4333/9089/2216 4347/9090/2216 4346/9091/2216 4331/9092/2216
f 4328/9093/2219 4353/9094/2219 4354/9095/2219 4330/9096/2219
f 4331/9097/2216 4346/9098/2216 4345/9099/2216 4329/9100/2216
f 4321/9101/2219 4350/9102/2219 4351/9103/2219 4324/9104/2219
f 4326/9105/2219 4352/9106/2219 4353/9107/2219 4328/9108/2219
f 4329/9109/2216 4345/9110/2216 4344/9111/2216 4327/9112/2216
f 4324/9113/2219 4351/9114/2219 4352/9115/2219 4326/9116/2219
f 4327/9117/2216 4344/9118/2216 4343/9119/2216 4325/9120/2216
f 4325/9121/2216 4343/9122/2216 4342/9123/2216 4323/9124/2216
f 4323/9125/2216 4342/9126/2216 4341/9127/2216 4322/9128/2216
f 4319/9129/2219 4340/9130/2219 4350/9131/2219 4321/9132/2219
f 4320/9133/2217 4339/9134/2217 4340/9135/2217 4319/9136/2217
f 4322/9132/2216 4341/9131/2216 4339/9130/2216 4320/9129/2216
f 4347/8928/2220 4348/8929/2220 4368/8930/2220 4367/8931/2220
f 4351/8974/2220 4350/8975/2220 4359/8976/2220 4360/8977/2220
f 4341/8998/2220 4342/8999/2220 4362/9000/2220 4361/9001/2220
f 4354/9008/2220 4353/9009/2220 4363/9010/2220 4364/9011/2220
f 4344/9022/2220 4345/9023/2220 4366/9024/2220 4365/9025/2220
f 4357/9050/2220 4356/9051/2220 4369/9052/2220 4370/9053/2220
usemtl Striped_Fabric_Black.001
f 4292/8978/2219 4291/8979/2219 4293/8980/2219 4294/8981/2219
f 4298/8981/2216 4297/8994/2216 4295/8995/2216 4296/8978/2216
f 4300/9004/2219 4299/9005/2219 4301/9006/2219 4302/9007/2219
f 4306/9007/2216 4305/9019/2216 4303/9020/2216 4304/9021/2216
f 4310/9030/2216 4309/9031/2216 4307/9032/2216 4308/9033/2216
f 4312/9046/2219 4311/9047/2219 4313/9048/2219 4314/9049/2219
o Cube.020
v 9.286178 0.001571 15.185003
v 9.286178 3.669993 15.185003
v 9.086178 0.001571 15.185003
v 9.086178 3.669993 15.185003
v 9.086177 0.001571 12.227497
v 9.086177 3.669993 12.227497
v 9.286177 0.001571 12.227497
v 9.286177 3.669993 12.227497
vn -0.0000 -0.0000 1.0000
vn -0.0000 -0.0000 -1.0000
vn 1.0000 -0.0000 -0.0000
vn -0.0000 1.0000 -0.0000
vn -0.0000 -1.0000 -0.0000
vn -1.0000 -0.0000 -0.0000
vt 0.907905 0.563072
vt 0.907905 0.000000
vt 0.938603 0.000000
vt 0.938603 0.563072
vt 0.969302 0.000000
vt 0.969302 0.563072
vt 0.938603 0.563072
vt 0.938603 0.000000
vt 0.000000 0.563072
vt 0.000000 0.000000
vt 0.453952 0.000000
vt 0.453952 0.563072
vt 0.969302 0.453952
vt 0.969302 0.000000
vt 1.000000 -0.000000
vt 1.000000 0.453952
vt 0.969302 0.907905
vt 0.969302 0.453952
vt 1.000000 0.453952
vt 1.000000 0.907905
vt 0.907905 0.000000
vt 0.907905 0.563072
s 0
usemtl Material.007
f 4371/9137/2222 4372/9138/2222 4374/9139/2222 4373/9140/2222
f 4378/9141/2223 4377/9142/2223 4375/9143/2223 4376/9144/2223
f 4377/9145/2224 4378/9146/2224 4372/9147/2224 4371/9148/2224
f 4376/9149/2225 4374/9150/2225 4372/9151/2225 4378/9152/2225
f 4373/9153/2226 4375/9154/2226 4377/9155/2226 4371/9156/2226
f 4373/9148/2227 4374/9147/2227 4376/9157/2227 4375/9158/2227
o Cube.015
v 9.081591 -0.003331 -11.444983
v 9.081591 3.656668 -11.444983
v 9.081591 -0.003331 -12.444983
v 9.081591 3.656668 -12.444983
v -3.679418 -0.003331 -11.444983
v -3.679418 3.656668 -11.444983
v -3.679418 -0.003331 -12.444983
v -3.679418 3.656668 -12.444983
v 1.946193 -0.003331 -12.444983
v 1.946192 3.656668 -12.444983
v 1.946192 -0.003331 -11.444983
v 1.946193 3.656668 -11.444983
vn -1.0000 -0.0000 -0.0000
vn -0.0000 -0.0000 1.0000
vn 1.0000 -0.0000 -0.0000
vn -0.0000 -0.0000 -1.0000
vn -0.0000 1.0000 -0.0000
vn -0.0000 -1.0000 -0.0000
vt -0.443333 -0.443333
vt -0.443333 1.443333
vt 1.443333 1.443333
vt 1.443333 -0.443333
vt -0.354539 -0.443333
vt -0.354540 1.443333
vt -10.968191 1.443333
vt -10.968191 -0.443333
vt -0.354540 -0.443333
vt -0.354539 1.443333
vt 13.107578 1.443333
vt 13.107578 -0.443333
s 0
usemtl Wood_Floor_Light
f 4379/9159/2228 4380/9160/2228 4382/9161/2228 4381/9162/2228
f 4387/9163/2229 4388/9164/2229 4386/9165/2229 4385/9166/2229
f 4385/9162/2230 4386/9161/2230 4384/9160/2230 4383/9159/2230
f 4389/9167/2231 4390/9168/2231 4380/9169/2231 4379/9170/2231
f 4387/9168/2232 4385/9165/2232 4383/9166/2232 4389/9167/2232
f 4388/9164/2233 4382/9169/2233 4380/9170/2233 4390/9163/2233
f 4386/9165/2233 4388/9164/2233 4390/9163/2233 4384/9166/2233
f 4381/9169/2232 4387/9168/2232 4389/9167/2232 4379/9170/2232
f 4383/9166/2231 4384/9165/2231 4390/9168/2231 4389/9167/2231
f 4381/9170/2229 4382/9169/2229 4388/9164/2229 4387/9163/2229
o Piso
v -11.646942 0.003383 15.178166
v 9.286160 0.003383 15.178166
v -11.635426 0.003383 -12.456733
v 9.297676 0.003383 -12.456733
vn -0.0000 1.0000 -0.0000
vt 0.000000 0.000000
vt 0.757249 0.000316
vt 0.757249 1.000000
vt 0.000000 0.999684
s 0
usemtl Black_tiles.002
f 4391/9171/2234 4392/9172/2234 4394/9173/2234 4393/9174/2234
o Plaza
v 7.116767 0.005103 0.280735
v 7.116767 0.005103 0.280735
v 7.116767 0.005103 -1.239265
v 7.116767 0.160103 -1.239265
v 8.066767 0.005103 0.280735
v 8.066767 0.005103 0.280735
v 8.066767 0.005103 -1.239265
v 8.066767 0.160103 -1.239265
v 7.116767 0.005103 -1.239265
v 7.116767 0.005103 0.280735
v 7.116767 0.005103 0.280735
v 7.116767 0.160103 -1.239265
v 8.066767 0.005103 0.280735
v 8.066767 0.160103 0.280735
v 8.066767 0.005103 -11.519265
v 8.066767 0.160103 -11.519265
v 8.786767 0.005103 0.280735
v 8.786767 0.160103 0.280735
v 8.786767 0.005103 -11.519265
v 8.786767 0.160103 -11.519265
v 8.066767 0.005103 -1.239265
v 8.066767 0.160103 -1.239265
v 8.786767 0.005103 -1.239265
v 8.786767 0.160103 -1.239265
v 7.116767 0.160103 -1.239265
v 7.116767 0.160103 -11.519265
v 7.116767 0.005103 -11.519265
v 7.116767 0.005103 -1.239265
v -4.973237 0.160103 -1.239265
v -4.973237 0.160103 -11.519265
v -4.973237 0.005103 -11.519265
v -4.973237 0.005103 -1.239265
v 7.116767 0.160103 0.280735
v 7.116767 0.005103 0.280735
v -4.973237 0.160103 0.280735
v -4.973237 0.005103 0.280735
v 8.066767 0.160103 -6.548664
v 8.786767 0.005103 -6.548664
v 8.066767 0.005103 -6.548664
v 8.786767 0.160103 -6.548664
v 7.116767 0.160103 -6.548664
v 7.116767 0.005103 -6.548664
v -4.973237 0.160103 -6.548664
v -4.973237 0.005103 -6.548664
v 9.085082 0.160103 -11.519265
v 9.085082 0.005103 -11.519265
v 9.085082 0.005103 -6.548664
v 9.085082 0.160103 -6.548664
v 7.116767 0.160103 -12.440401
v 7.116767 0.005103 -12.440401
v -4.973237 0.160103 -12.440401
v -4.973237 0.005103 -12.440401
vn -0.0000 1.0000 -0.0000
vn -0.0000 -0.0000 -1.0000
vn 1.0000 -0.0000 -0.0000
vn -0.0000 -1.0000 -0.0000
vn -0.0000 0.9948 0.1014
vn -1.0000 -0.0000 -0.0000
vn -0.0000 -0.0000 1.0000
vt 0.073781 0.545917
vt 0.121934 0.582808
vt 0.115915 0.582808
vt 0.115915 0.545917
vt 0.121934 0.545917
vt 0.109896 0.545917
vt 0.115915 0.545917
vt 0.109896 0.604943
vt 0.073781 0.604943
vt 0.036891 0.604943
vt 0.036891 0.545917
vt 0.000000 0.545917
vt 0.036891 0.604996
vt 0.000000 0.604996
vt 0.091839 0.545917
vt 0.097858 0.604943
vt 0.091839 0.604943
vt 0.127953 0.582808
vt 0.121934 0.582808
vt 0.127953 0.545917
vt 0.091839 0.585461
vt 0.085820 0.585461
vt 0.085820 0.557502
vt 0.091839 0.557502
vt 0.079800 0.604943
vt 0.073781 0.604943
vt 0.073781 0.545917
vt 0.079800 0.545917
vt 0.139991 0.573877
vt 0.133972 0.573877
vt 0.133972 0.545917
vt 0.139991 0.545917
vt 0.059025 0.506374
vt 0.059025 0.534333
vt 0.000000 0.534333
vt 0.000000 0.506374
vt 0.928939 0.534333
vt 0.928939 0.506374
vt 0.987962 0.506374
vt 0.987962 0.534333
vt 0.722772 0.534333
vt 0.722772 0.506374
vt 0.265202 0.506374
vt 0.265202 0.534333
vt 0.079800 0.811119
vt 0.073781 0.811119
vt 0.103877 0.604943
vt 0.097858 0.604943
vt 0.097858 0.545917
vt 0.103877 0.545917
vt 0.109896 0.604943
vt 0.103877 0.604943
vt 0.103877 0.545917
vt 0.109896 0.545917
vt 0.529760 0.506374
vt 0.529760 0.469483
vt 0.722772 0.469483
vt 0.091839 0.622352
vt 0.085820 0.622352
vt 0.059025 0.469483
vt 0.265202 0.469483
vt 0.993981 0.228790
vt 0.987962 0.228790
vt 0.987962 0.035770
vt 0.993981 0.035770
vt 0.529760 0.000000
vt 0.493991 0.469483
vt 0.493992 0.000000
vt 0.059025 0.000000
vt 0.265202 0.000000
vt 0.722772 0.000000
vt 0.993981 0.963475
vt 0.987962 0.963475
vt 0.987962 0.493991
vt 0.993981 0.493991
vt 0.928939 0.469483
vt 0.928939 0.000000
vt 0.987962 0.000000
vt 0.987962 0.469483
vt 0.000000 0.469483
vt 0.000000 0.000000
vt 0.987962 0.434966
vt 0.993981 0.434966
vt 0.993981 0.493991
vt 0.987962 0.493991
vt 0.458222 0.469483
vt 0.458222 0.000000
vt 0.458222 0.506374
vt 0.529760 0.534333
vt 0.722772 0.545917
vt 0.529760 0.545917
vt 0.458222 0.534333
vt 0.085819 0.738937
vt 0.079800 0.738937
vt 0.079801 0.545917
vt 0.085820 0.545917
vt 0.085820 0.545917
vt 0.091839 0.545917
vt 0.139991 0.545917
vt 0.146010 0.545917
vt 0.146010 0.557502
vt 0.139991 0.557502
vt 0.458222 0.545917
vt 0.265202 0.545917
vt 0.993981 0.000000
vt 1.000000 0.000000
vt 1.000000 0.469483
vt 0.993981 0.469483
vt 0.987962 0.000000
vt 0.993981 0.000000
vt 0.493992 0.000000
vt 0.493991 0.469483
vt 0.133972 0.545917
vt 0.133972 0.581687
vt 0.127953 0.581687
s 0
usemtl Marble_tiles
f 4396/9175/2235 4398/9175/2235 4406/9175/2235 4405/9175/2235
f 4397/9176/2236 4398/9177/2236 4402/9178/2236 4401/9179/2236
f 4401/9180/2237 4402/9181/2237 4400/9182/2237 4399/9182/2237
f 4399/9175/2235 4400/9175/2235 4396/9175/2235 4395/9175/2235
f 4397/9183/2238 4401/9184/2238 4399/9185/2238 4395/9175/2238
f 4404/9189/2240 4405/9189/2240 4406/9190/2240 4403/9191/2240
f 4397/9175/2235 4395/9175/2235 4404/9175/2235 4403/9175/2235
f 4398/9175/2235 4397/9175/2235 4403/9175/2235 4406/9175/2235
f 4395/9175/2235 4396/9175/2235 4405/9175/2235 4404/9175/2235
f 4415/9192/2241 4416/9193/2241 4419/9179/2241 4422/9194/2241
f 4409/9195/2236 4410/9196/2236 4414/9197/2236 4413/9198/2236
f 4417/9199/2237 4418/9200/2237 4412/9201/2237 4411/9202/2237
f 4411/9203/2241 4412/9204/2241 4408/9205/2241 4407/9206/2241
f 4415/9207/2238 4417/9208/2238 4411/9209/2238 4407/9210/2238
f 4418/9211/2235 4416/9212/2235 4408/9213/2235 4412/9214/2235
f 4434/9215/2235 4431/9216/2235 4416/9212/2235 4418/9211/2235
f 4433/9217/2238 4432/9218/2238 4417/9208/2238 4415/9207/2238
f 4432/9219/2237 4434/9220/2237 4418/9200/2237 4417/9199/2237
f 4407/9221/2240 4408/9222/2240 4416/9223/2240 4415/9224/2240
f 4422/9225/2237 4419/9226/2237 4427/9227/2237 4428/9228/2237
f 4431/9216/2235 4410/9229/2235 4420/9230/2235 4435/9231/2235
f 4410/9196/2236 4409/9195/2236 4421/9232/2236 4420/9233/2236
f 4433/9217/2238 4415/9207/2238 4422/9234/2238 4436/9235/2238
f 4438/9236/2240 4437/9237/2240 4424/9238/2240 4425/9239/2240
f 4424/9240/2235 4420/9230/2235 4443/9241/2235 4445/9242/2235
f 4436/9235/2238 4422/9234/2238 4426/9243/2238 4438/9244/2238
f 4435/9231/2235 4420/9230/2235 4424/9240/2235 4437/9245/2235
f 4428/9246/2241 4427/9247/2241 4429/9248/2241 4430/9249/2241
f 4419/9250/2235 4423/9251/2235 4429/9252/2235 4427/9253/2235
f 4426/9243/2238 4422/9234/2238 4428/9254/2238 4430/9255/2238
f 4423/9256/2240 4426/9257/2240 4430/9258/2240 4429/9259/2240
f 4419/9250/2235 4435/9231/2235 4437/9245/2235 4423/9251/2235
f 4421/9260/2238 4436/9235/2238 4438/9244/2238 4425/9261/2238
f 4426/9257/2240 4423/9256/2240 4437/9237/2240 4438/9236/2240
f 4409/9262/2238 4433/9217/2238 4436/9235/2238 4421/9260/2238
f 4416/9212/2235 4431/9216/2235 4435/9231/2235 4419/9250/2235
f 4414/9263/2235 4434/9215/2235 4442/9264/2235 4439/9265/2235
f 4409/9262/2238 4413/9266/2238 4432/9218/2238 4433/9217/2238
f 4414/9263/2235 4410/9229/2235 4431/9216/2235 4434/9215/2235
f 4440/9267/2237 4439/9268/2237 4442/9269/2237 4441/9270/2237
f 4413/9198/2236 4414/9197/2236 4439/9271/2236 4440/9272/2236
f 4434/9273/2241 4432/9274/2241 4441/9275/2241 4442/9276/2241
f 4432/9218/2238 4413/9266/2238 4440/9277/2238 4441/9278/2238
f 4443/9279/2236 4444/9280/2236 4446/9281/2236 4445/9282/2236
f 4425/9239/2240 4424/9238/2240 4445/9283/2240 4446/9284/2240
f 4421/9260/2238 4425/9261/2238 4446/9285/2238 4444/9286/2238
f 4420/9194/2237 4421/9287/2237 4444/9288/2237 4443/9289/2237
usemtl Rough_Brushed_Concrete
f 4402/9186/2239 4398/9185/2239 4396/9187/2239 4400/9188/2239
o Tablero
v 4.561658 1.038177 -6.269266
v 4.561658 2.338177 -6.269266
v 4.561658 1.038177 -6.329266
v 4.561658 2.338177 -6.329266
v 7.391658 1.038177 -6.269266
v 7.391658 2.338177 -6.269266
v 7.391658 1.038177 -6.329266
v 7.391658 2.338177 -6.329266
v 7.311658 1.038177 -6.329266
v 7.311658 2.338177 -6.329266
v 7.311658 1.038177 -6.269266
v 7.311658 2.338177 -6.269266
v 4.641658 1.038177 -6.329266
v 4.641658 2.338177 -6.269266
v 4.641658 2.338177 -6.329266
v 4.641658 1.038177 -6.269266
v 4.561658 1.118177 -6.269266
v 4.561658 1.118177 -6.329266
v 7.391658 1.118177 -6.329266
v 7.391658 1.118177 -6.269266
v 7.311658 1.118177 -6.269266
v 7.311658 1.118177 -6.329266
v 4.641658 1.118177 -6.329266
v 4.641658 1.118177 -6.269266
v 4.561658 2.258177 -6.269266
v 4.561658 2.258177 -6.329266
v 7.391658 2.258177 -6.329266
v 7.391658 2.258177 -6.269266
v 7.311658 2.258177 -6.269266
v 7.311658 2.258177 -6.329266
v 4.641658 2.258177 -6.329266
v 4.641658 2.258177 -6.269266
v 7.311658 2.258177 -6.317266
v 7.311658 1.118177 -6.317266
v 4.641658 2.258177 -6.317266
v 4.641658 1.118177 -6.317266
vn -1.0000 -0.0000 -0.0000
vn -0.0000 -0.0000 -1.0000
vn 1.0000 -0.0000 -0.0000
vn -0.0000 -0.0000 1.0000
vn -0.0000 -1.0000 -0.0000
vn -0.0000 1.0000 -0.0000
vt -0.209273 1.118231
vt -0.209273 1.205000
vt 1.200727 1.205000
vt 1.200727 1.118231
vt 1.165141 1.118231
vt 1.165141 1.205000
vt 1.205000 1.205000
vt 1.205000 1.118231
vt -0.165141 1.118231
vt -0.165141 1.205000
vt -0.205000 1.205000
vt -0.205000 1.118231
vt 1.165141 1.200727
vt 1.205000 1.200727
vt 1.205000 -0.209273
vt 1.165141 -0.209273
vt -0.165141 1.200727
vt -0.205000 1.200727
vt -0.205000 -0.209273
vt -0.165141 -0.209273
vt 1.165141 -0.205000
vt 1.165141 -0.118231
vt -0.165141 -0.118231
vt -0.165141 -0.205000
vt -0.205000 -0.205000
vt -0.205000 -0.118231
vt 1.205000 -0.205000
vt 1.205000 -0.118231
vt 1.200727 -0.205000
vt 1.200727 -0.118231
vt -0.209273 -0.118231
vt -0.209273 -0.205000
vt -0.165141 0.918727
vt 1.165141 0.918727
vt 1.165141 -0.118231
vt -0.165141 1.118231
vt -0.165141 -0.118231
vt 0.918727 -0.118231
vt 0.918727 1.118231
s 0
usemtl Striped_Fabric_Black
f 4480/9324/2245 4479/9294/2245 4481/9325/2245 4482/9326/2245
usemtl Aluminium_sand
f 4471/9290/2242 4448/9291/2242 4450/9292/2242 4472/9293/2242
f 4476/9294/2243 4456/9295/2243 4454/9296/2243 4473/9297/2243
f 4473/9293/2244 4454/9292/2244 4452/9291/2244 4474/9290/2244
f 4478/9298/2245 4460/9299/2245 4448/9300/2245 4471/9301/2245
f 4455/9302/2246 4453/9303/2246 4451/9304/2246 4457/9305/2246
f 4461/9306/2247 4450/9307/2247 4448/9308/2247 4460/9309/2247
f 4454/9303/2247 4456/9302/2247 4458/9305/2247 4452/9304/2247
f 4459/9306/2246 4455/9302/2246 4457/9305/2246 4462/9309/2246
f 4474/9297/2245 4452/9296/2245 4458/9295/2245 4475/9294/2245
f 4477/9298/2243 4461/9299/2243 4456/9295/2243 4476/9294/2243
f 4472/9301/2243 4450/9300/2243 4461/9299/2243 4477/9298/2243
f 4449/9307/2246 4459/9306/2246 4462/9309/2246 4447/9308/2246
f 4456/9302/2247 4461/9306/2247 4460/9309/2247 4458/9305/2247
f 4475/9294/2245 4458/9295/2245 4460/9299/2245 4478/9298/2245
f 4457/9310/2245 4467/9311/2245 4470/9312/2245 4462/9313/2245
f 4449/9314/2243 4464/9315/2243 4469/9312/2243 4459/9313/2243
f 4459/9313/2243 4469/9312/2243 4468/9311/2243 4455/9310/2243
f 4451/9316/2245 4466/9317/2245 4467/9311/2245 4457/9310/2245
f 4462/9313/2245 4470/9312/2245 4463/9315/2245 4447/9314/2245
f 4453/9318/2244 4465/9319/2244 4466/9320/2244 4451/9321/2244
f 4455/9310/2243 4468/9311/2243 4465/9317/2243 4453/9316/2243
f 4447/9321/2242 4463/9320/2242 4464/9319/2242 4449/9318/2242
f 4475/9305/2246 4478/9309/2246 4481/9322/2246 4479/9323/2246
f 4464/9315/2243 4472/9301/2243 4477/9298/2243 4469/9312/2243
f 4469/9312/2243 4477/9298/2243 4476/9294/2243 4468/9311/2243
f 4466/9317/2245 4474/9297/2245 4475/9294/2245 4467/9311/2245
f 4470/9312/2245 4478/9298/2245 4471/9301/2245 4463/9315/2245
f 4465/9319/2244 4473/9293/2244 4474/9290/2244 4466/9320/2244
f 4468/9311/2243 4476/9294/2243 4473/9297/2243 4465/9317/2243
f 4463/9320/2242 4471/9290/2242 4472/9293/2242 4464/9319/2242
f 4478/9290/2244 4470/9320/2244 4482/9327/2244 4481/9328/2244
f 4470/9309/2247 4467/9305/2247 4480/9323/2247 4482/9322/2247
f 4467/9320/2242 4475/9290/2242 4479/9328/2242 4480/9327/2242
o Techo
v -11.645307 3.671576 15.115060
v 9.300822 3.671576 15.242156
v -11.645307 3.671576 -12.503999
v 9.300822 3.671576 -12.376903
vn -0.0000 1.0000 -0.0000
vt -16.955107 -21.630871
vt 17.955107 -21.842697
vt 17.955107 24.189066
vt -16.955107 24.400894
s 0
usemtl White_plaster
f 4483/9329/2248 4484/9330/2248 4486/9331/2248 4485/9332/2248
o Cube
v -11.653342 -0.001274 12.285732
v -11.653342 3.663726 12.285732
v -11.653342 -0.001274 10.627501
v -11.653342 3.663726 10.627501
v -10.313342 -0.001274 12.285732
v -10.313342 3.663726 12.285732
v -10.313342 -0.001274 10.627501
v -10.313342 3.663726 10.627501
vn -1.0000 -0.0000 -0.0000
vn -0.0000 -0.0000 -1.0000
vn 1.0000 -0.0000 -0.0000
vn -0.0000 -0.0000 1.0000
vn -0.0000 -1.0000 -0.0000
vn -0.0000 1.0000 -0.0000
vt 0.688095 0.376190
vt 0.688095 0.000000
vt 1.000000 0.000000
vt 1.000000 0.376190
vt 0.376190 0.376190
vt 0.000000 0.376190
vt 0.000000 0.000000
vt 0.376190 0.000000
vt 0.688095 0.752380
vt 1.000000 0.752380
vt 0.376190 0.752380
vt 0.000000 0.752380
vt 0.000000 0.376190
vt 0.376190 0.376190
vt 0.688095 0.000000
vt 0.688095 0.376190
vt 0.376190 0.376190
vt 0.376190 0.000000
vt 0.688095 0.376190
vt 0.688095 0.752380
vt 0.376190 0.752380
vt 0.376190 0.376190
s 0
usemtl Material.009
f 4487/9333/2249 4488/9334/2249 4490/9335/2249 4489/9336/2249
f 4489/9337/2250 4490/9338/2250 4494/9339/2250 4493/9340/2250
f 4493/9341/2251 4494/9333/2251 4492/9336/2251 4491/9342/2251
f 4491/9343/2252 4492/9344/2252 4488/9345/2252 4487/9346/2252
f 4489/9347/2253 4493/9348/2253 4491/9349/2253 4487/9350/2253
f 4494/9351/2254 4490/9352/2254 4488/9353/2254 4492/9354/2254
o Cube.004
v 7.346658 -0.001274 12.285732
v 7.346658 3.663726 12.285732
v 7.346658 -0.001274 10.627501
v 7.346658 3.663726 10.627501
v 9.287762 -0.001274 12.285732
v 9.287762 3.663726 12.285732
v 9.287762 -0.001274 10.627501
v 9.287762 3.663726 10.627501
vn -1.0000 -0.0000 -0.0000
vn -0.0000 -0.0000 -1.0000
vn 1.0000 -0.0000 -0.0000
vn -0.0000 -0.0000 1.0000
vn -0.0000 -1.0000 -0.0000
vn -0.0000 1.0000 -0.0000
vt 0.539295 0.509122
vt 0.539295 0.000000
vt 0.769647 0.000000
vt 0.769647 0.509122
vt 0.000000 0.509122
vt 0.000000 0.000000
vt 0.269648 0.000000
vt 0.269648 0.509122
vt 1.000000 0.000000
vt 1.000000 0.509122
vt 0.230353 0.509122
vt 0.230352 0.778769
vt -0.000000 0.778769
vt 0.000000 0.509122
vt 0.460705 0.509122
vt 0.460705 0.778769
vt 0.230353 0.778769
vt 0.230353 0.509122
s 0
usemtl Material.010
f 4495/9355/2255 4496/9356/2255 4498/9357/2255 4497/9358/2255
f 4497/9359/2256 4498/9360/2256 4502/9361/2256 4501/9362/2256
f 4501/9358/2257 4502/9357/2257 4500/9363/2257 4499/9364/2257
f 4499/9362/2258 4500/9361/2258 4496/9356/2258 4495/9355/2258
f 4497/9365/2259 4501/9366/2259 4499/9367/2259 4495/9368/2259
f 4502/9369/2260 4498/9370/2260 4496/9371/2260 4500/9372/2260
o Cube.005
v 9.038420 0.000883 10.627301
v 9.038420 3.665883 10.627301
v 8.988420 0.000883 10.627301
v 8.988420 3.665883 10.627301
v 9.038420 0.000883 10.577301
v 9.038420 3.665883 10.577301
v 8.988420 0.000883 10.577301
v 8.988420 3.665883 10.577301
v 9.038420 0.000883 10.426021
v 9.038420 3.665883 10.426021
v 8.988420 0.000883 10.426021
v 8.988420 3.665883 10.426021
v 9.038420 0.000883 10.376020
v 9.038420 3.665883 10.376020
v 8.988420 0.000883 10.376020
v 8.988420 3.665883 10.376020
v 9.038420 0.000883 10.224740
v 9.038420 3.665883 10.224740
v 8.988420 0.000883 10.224740
v 8.988420 3.665883 10.224740
v 9.038420 0.000883 10.174740
v 9.038420 3.665883 10.174740
v 8.988420 0.000883 10.174740
v 8.988420 3.665883 10.174740
v 9.038420 0.000883 10.023458
v 9.038420 3.665883 10.023458
v 8.988420 0.000883 10.023458
v 8.988420 3.665883 10.023458
v 9.038419 0.000883 9.973459
v 9.038419 3.665883 9.973459
v 8.988420 0.000883 9.973459
v 8.988420 3.665883 9.973459
v 9.038419 0.000883 9.822178
v 9.038419 3.665883 9.822178
v 8.988420 0.000883 9.822178
v 8.988420 3.665883 9.822178
v 9.038419 0.000883 9.772178
v 9.038419 3.665883 9.772178
v 8.988420 0.000883 9.772178
v 8.988420 3.665883 9.772178
v 9.038419 0.000883 9.620897
v 9.038419 3.665883 9.620897
v 8.988420 0.000883 9.620897
v 8.988420 3.665883 9.620897
v 9.038419 0.000883 9.570897
v 9.038419 3.665883 9.570897
v 8.988420 0.000883 9.570897
v 8.988420 3.665883 9.570897
v 9.038419 0.000883 9.419617
v 9.038419 3.665883 9.419617
v 8.988420 0.000883 9.419617
v 8.988420 3.665883 9.419617
v 9.038419 0.000883 9.369617
v 9.038419 3.665883 9.369617
v 8.988420 0.000883 9.369617
v 8.988420 3.665883 9.369617
v 9.038419 0.000883 9.218336
v 9.038419 3.665883 9.218336
v 8.988420 0.000883 9.218336
v 8.988420 3.665883 9.218336
v 9.038419 0.000883 9.168336
v 9.038419 3.665883 9.168336
v 8.988420 0.000883 9.168336
v 8.988420 3.665883 9.168336
v 9.038419 0.000883 9.017056
v 9.038419 3.665883 9.017056
v 8.988420 0.000883 9.017056
v 8.988420 3.665883 9.017056
v 9.038419 0.000883 8.967054
v 9.038419 3.665883 8.967054
v 8.988420 0.000883 8.967054
v 8.988420 3.665883 8.967054
v 9.038419 0.000883 8.815774
v 9.038419 3.665883 8.815774
v 8.988420 0.000883 8.815774
v 8.988420 3.665883 8.815774
v 9.038419 0.000883 8.765774
v 9.038419 3.665883 8.765774
v 8.988420 0.000883 8.765774
v 8.988420 3.665883 8.765774
v 9.038419 0.000883 8.614493
v 9.038419 3.665883 8.614493
v 8.988420 0.000883 8.614493
v 8.988420 3.665883 8.614493
v 9.038419 0.000883 8.564493
v 9.038419 3.665883 8.564493
v 8.988420 0.000883 8.564493
v 8.988420 3.665883 8.564493
v 9.038419 0.000883 8.413213
v 9.038419 3.665883 8.413213
v 8.988420 0.000883 8.413213
v 8.988420 3.665883 8.413213
v 9.038419 0.000883 8.363213
v 9.038419 3.665883 8.363213
v 8.988420 0.000883 8.363213
v 8.988420 3.665883 8.363213
v 9.038419 0.000883 8.211932
v 9.038419 3.665883 8.211932
v 8.988420 0.000883 8.211932
v 8.988420 3.665883 8.211932
v 9.038419 0.000883 8.161932
v 9.038419 3.665883 8.161932
v 8.988420 0.000883 8.161932
v 8.988420 3.665883 8.161932
v 9.038419 0.000883 8.010651
v 9.038419 3.665883 8.010651
v 8.988420 0.000883 8.010651
v 8.988420 3.665883 8.010651
v 9.038419 0.000883 7.960651
v 9.038419 3.665883 7.960651
v 8.988420 0.000883 7.960651
v 8.988420 3.665883 7.960651
v 9.038419 0.000883 7.809371
v 9.038419 3.665883 7.809371
v 8.988420 0.000883 7.809371
v 8.988420 3.665883 7.809371
v 9.038419 0.000883 7.759370
v 9.038419 3.665883 7.759370
v 8.988420 0.000883 7.759370
v 8.988420 3.665883 7.759370
v 9.038419 0.000883 7.608089
v 9.038419 3.665883 7.608089
v 8.988420 0.000883 7.608089
v 8.988420 3.665883 7.608089
v 9.038419 0.000883 7.558089
v 9.038419 3.665883 7.558089
v 8.988420 0.000883 7.558089
v 8.988420 3.665883 7.558089
v 9.038419 0.000883 7.406809
v 9.038419 3.665883 7.406809
v 8.988420 0.000883 7.406809
v 8.988420 3.665883 7.406809
v 9.038419 0.000883 7.356809
v 9.038419 3.665883 7.356809
v 8.988420 0.000883 7.356809
v 8.988420 3.665883 7.356809
v 9.038419 0.000883 7.205528
v 9.038419 3.665883 7.205528
v 8.988420 0.000883 7.205528
v 8.988420 3.665883 7.205528
v 9.038419 0.000883 7.155528
v 9.038419 3.665883 7.155528
v 8.988420 0.000883 7.155528
v 8.988420 3.665883 7.155528
v 9.038419 0.000883 7.004247
v 9.038419 3.665883 7.004247
v 8.988420 0.000883 7.004247
v 8.988420 3.665883 7.004247
v 9.038419 0.000883 6.954247
v 9.038419 3.665883 6.954247
v 8.988420 0.000883 6.954247
v 8.988420 3.665883 6.954247
v 9.038419 0.000883 6.802967
v 9.038419 3.665883 6.802967
v 8.988420 0.000883 6.802967
v 8.988420 3.665883 6.802967
v 9.038419 0.000883 6.752966
v 9.038419 3.665883 6.752966
v 8.988420 0.000883 6.752966
v 8.988420 3.665883 6.752966
v 9.038419 0.000883 6.601686
v 9.038419 3.665883 6.601686
v 8.988420 0.000883 6.601686
v 8.988420 3.665883 6.601686
v 9.038419 0.000883 6.551685
v 9.038419 3.665883 6.551685
v 8.988420 0.000883 6.551685
v 8.988420 3.665883 6.551685
v 9.038419 0.000883 6.400405
v 9.038419 3.665883 6.400405
v 8.988420 0.000883 6.400405
v 8.988420 3.665883 6.400405
v 9.038419 0.000883 6.350405
v 9.038419 3.665883 6.350405
v 8.988420 0.000883 6.350405
v 8.988420 3.665883 6.350405
v 9.038419 0.000883 6.199124
v 9.038419 3.665883 6.199124
v 8.988420 0.000883 6.199124
v 8.988420 3.665883 6.199124
v 9.038419 0.000883 6.149124
v 9.038419 3.665883 6.149124
v 8.988420 0.000883 6.149124
v 8.988420 3.665883 6.149124
v 9.038419 0.000883 5.997843
v 9.038419 3.665883 5.997843
v 8.988420 0.000883 5.997843
v 8.988420 3.665883 5.997843
v 9.038419 0.000883 5.947843
v 9.038419 3.665883 5.947843
v 8.988420 0.000883 5.947843
v 8.988420 3.665883 5.947843
v 9.038419 0.000883 -1.046984
v 9.038419 3.665883 -1.046984
v 8.988419 0.000883 -1.046984
v 8.988419 3.665883 -1.046984
v 9.038419 0.000883 -1.096984
v 9.038419 3.665883 -1.096984
v 8.988419 0.000883 -1.096984
v 8.988419 3.665883 -1.096984
v 9.038419 0.000883 -1.248264
v 9.038419 3.665883 -1.248264
v 8.988419 0.000883 -1.248264
v 8.988419 3.665883 -1.248264
v 9.038419 0.000883 -1.298265
v 9.038419 3.665883 -1.298265
v 8.988419 0.000883 -1.298265
v 8.988419 3.665883 -1.298265
v 9.038419 0.000883 -1.449545
v 9.038419 3.665883 -1.449545
v 8.988419 0.000883 -1.449545
v 8.988419 3.665883 -1.449545
v 9.038419 0.000883 -1.499545
v 9.038419 3.665883 -1.499545
v 8.988419 0.000883 -1.499545
v 8.988419 3.665883 -1.499545
v 9.038419 0.000883 -1.650826
v 9.038419 3.665883 -1.650826
v 8.988419 0.000883 -1.650826
v 8.988419 3.665883 -1.650826
v 9.038419 0.000883 -1.700826
v 9.038419 3.665883 -1.700826
v 8.988419 0.000883 -1.700826
v 8.988419 3.665883 -1.700826
v 9.038419 0.000883 -1.852107
v 9.038419 3.665883 -1.852107
v 8.988419 0.000883 -1.852107
v 8.988419 3.665883 -1.852107
v 9.038419 0.000883 -1.902107
v 9.038419 3.665883 -1.902107
v 8.988419 0.000883 -1.902107
v 8.988419 3.665883 -1.902107
v 9.038419 0.000883 -2.053388
v 9.038419 3.665883 -2.053388
v 8.988419 0.000883 -2.053388
v 8.988419 3.665883 -2.053388
v 9.038419 0.000883 -2.103388
v 9.038419 3.665883 -2.103388
v 8.988419 0.000883 -2.103388
v 8.988419 3.665883 -2.103388
v 9.038419 0.000883 -2.254668
v 9.038419 3.665883 -2.254668
v 8.988419 0.000883 -2.254668
v 8.988419 3.665883 -2.254668
v 9.038419 0.000883 -2.304668
v 9.038419 3.665883 -2.304668
v 8.988419 0.000883 -2.304668
v 8.988419 3.665883 -2.304668
v 9.038419 0.000883 -2.455949
v 9.038419 3.665883 -2.455949
v 8.988419 0.000883 -2.455949
v 8.988419 3.665883 -2.455949
v 9.038419 0.000883 -2.505949
v 9.038419 3.665883 -2.505949
v 8.988419 0.000883 -2.505949
v 8.988419 3.665883 -2.505949
v 9.038419 0.000883 -2.657229
v 9.038419 3.665883 -2.657229
v 8.988419 0.000883 -2.657229
v 8.988419 3.665883 -2.657229
v 9.038419 0.000883 -2.707230
v 9.038419 3.665883 -2.707230
v 8.988419 0.000883 -2.707230
v 8.988419 3.665883 -2.707230
v 9.038419 0.000883 -2.858511
v 9.038419 3.665883 -2.858511
v 8.988419 0.000883 -2.858511
v 8.988419 3.665883 -2.858511
v 9.038419 0.000883 -2.908511
v 9.038419 3.665883 -2.908511
v 8.988419 0.000883 -2.908511
v 8.988419 3.665883 -2.908511
v 9.038419 0.000883 -3.059792
v 9.038419 3.665883 -3.059792
v 8.988419 0.000883 -3.059792
v 8.988419 3.665883 -3.059792
v 9.038419 0.000883 -3.109792
v 9.038419 3.665883 -3.109792
v 8.988419 0.000883 -3.109792
v 8.988419 3.665883 -3.109792
v 9.038419 0.000883 -3.261072
v 9.038419 3.665883 -3.261072
v 8.988419 0.000883 -3.261072
v 8.988419 3.665883 -3.261072
v 9.038419 0.000883 -3.311072
v 9.038419 3.665883 -3.311072
v 8.988419 0.000883 -3.311072
v 8.988419 3.665883 -3.311072
v 9.038419 0.000883 -3.462353
v 9.038419 3.665883 -3.462353
v 8.988419 0.000883 -3.462353
v 8.988419 3.665883 -3.462353
v 9.038419 0.000883 -3.512353
v 9.038419 3.665883 -3.512353
v 8.988419 0.000883 -3.512353
v 8.988419 3.665883 -3.512353
v 9.038419 0.000883 -3.663633
v 9.038419 3.665883 -3.663633
v 8.988419 0.000883 -3.663633
v 8.988419 3.665883 -3.663633
v 9.038419 0.000883 -3.713634
v 9.038419 3.665883 -3.713634
v 8.988419 0.000883 -3.713634
v 8.988419 3.665883 -3.713634
v 9.038419 0.000883 -3.864915
v 9.038419 3.665883 -3.864915
v 8.988419 0.000883 -3.864915
v 8.988419 3.665883 -3.864915
v 9.038419 0.000883 -3.914915
v 9.038419 3.665883 -3.914915
v 8.988419 0.000883 -3.914915
v 8.988419 3.665883 -3.914915
v 9.038419 0.000883 -4.066195
v 9.038419 3.665883 -4.066195
v 8.988419 0.000883 -4.066195
v 8.988419 3.665883 -4.066195
v 9.038419 0.000883 -4.116196
v 9.038419 3.665883 -4.116196
v 8.988419 0.000883 -4.116196
v 8.988419 3.665883 -4.116196
v 9.038419 0.000883 -4.267476
v 9.038419 3.665883 -4.267476
v 8.988419 0.000883 -4.267476
v 8.988419 3.665883 -4.267476
v 9.038419 0.000883 -4.317476
v 9.038419 3.665883 -4.317476
v 8.988419 0.000883 -4.317476
v 8.988419 3.665883 -4.317476
v 9.038419 0.000883 -4.468757
v 9.038419 3.665883 -4.468757
v 8.988419 0.000883 -4.468757
v 8.988419 3.665883 -4.468757
v 9.038419 0.000883 -4.518757
v 9.038419 3.665883 -4.518757
v 8.988419 0.000883 -4.518757
v 8.988419 3.665883 -4.518757
v 9.038419 0.000883 -4.670037
v 9.038419 3.665883 -4.670037
v 8.988419 0.000883 -4.670037
v 8.988419 3.665883 -4.670037
v 9.038419 0.000883 -4.720037
v 9.038419 3.665883 -4.720037
v 8.988419 0.000883 -4.720037
v 8.988419 3.665883 -4.720037
v 9.038419 0.000883 -4.871318
v 9.038419 3.665883 -4.871318
v 8.988419 0.000883 -4.871318
v 8.988419 3.665883 -4.871318
v 9.038419 0.000883 -4.921318
v 9.038419 3.665883 -4.921318
v 8.988419 0.000883 -4.921318
v 8.988419 3.665883 -4.921318
v 9.038419 0.000883 -5.072599
v 9.038419 3.665883 -5.072599
v 8.988419 0.000883 -5.072599
v 8.988419 3.665883 -5.072599
v 9.038419 0.000883 -5.122600
v 9.038419 3.665883 -5.122600
v 8.988419 0.000883 -5.122600
v 8.988419 3.665883 -5.122600
v 9.038419 0.000883 -5.273880
v 9.038419 3.665883 -5.273880
v 8.988419 0.000883 -5.273880
v 8.988419 3.665883 -5.273880
v 9.038419 0.000883 -5.323880
v 9.038419 3.665883 -5.323880
v 8.988419 0.000883 -5.323880
v 8.988419 3.665883 -5.323880
v 9.038419 0.000883 -5.475162
v 9.038419 3.665883 -5.475162
v 8.988419 0.000883 -5.475162
v 8.988419 3.665883 -5.475162
v 9.038419 0.000883 -5.525163
v 9.038419 3.665883 -5.525163
v 8.988419 0.000883 -5.525163
v 8.988419 3.665883 -5.525163
v 9.038419 0.000883 -5.877723
v 9.038419 3.665883 -5.877723
v 8.988419 0.000883 -5.877723
v 8.988419 3.665883 -5.877723
v 9.038419 0.000883 -5.927724
v 9.038419 3.665883 -5.927724
v 8.988419 0.000883 -5.927724
v 8.988419 3.665883 -5.927724
v 9.038419 0.000883 -6.079003
v 9.038419 3.665883 -6.079003
v 8.988419 0.000883 -6.079003
v 8.988419 3.665883 -6.079003
v 9.038419 0.000883 -6.129003
v 9.038419 3.665883 -6.129003
v 8.988419 0.000883 -6.129003
v 8.988419 3.665883 -6.129003
v 9.038419 0.000883 -6.280284
v 9.038419 3.665883 -6.280284
v 8.988419 0.000883 -6.280284
v 8.988419 3.665883 -6.280284
v 9.038419 0.000883 -6.330285
v 9.038419 3.665883 -6.330285
v 8.988419 0.000883 -6.330285
v 8.988419 3.665883 -6.330285
v 9.038371 3.663383 -0.895692
v 9.038371 3.663383 -0.845693
v 8.988371 3.663383 -0.895693
v 8.988371 3.663383 -0.845694
v 9.038371 0.001246 -0.895692
v 9.038371 0.001246 -0.845693
v 8.988371 0.001246 -0.845694
v 8.988371 0.001246 -0.895693
v 9.038371 3.663383 -0.694395
v 9.038371 3.663383 -0.644396
v 8.988371 3.663383 -0.694396
v 8.988371 3.663383 -0.644397
v 9.038371 0.001246 -0.694395
v 9.038371 0.001246 -0.644396
v 8.988371 0.001246 -0.644397
v 8.988371 0.001246 -0.694396
vn -0.0000 -0.0000 1.0000
vn -1.0000 -0.0000 -0.0000
vn -0.0000 -0.0000 -1.0000
vn 1.0000 -0.0000 -0.0000
vn -0.0000 -1.0000 -0.0000
vn -0.0000 1.0000 -0.0000
vt 0.150069 1.000000
vt 0.150069 0.500000
vt 0.156890 0.500000
vt 0.156890 1.000000
vt 0.040929 0.500000
vt 0.040929 0.000000
vt 0.047750 0.000000
vt 0.047750 0.500000
vt 0.156890 1.000000
vt 0.156890 0.500000
vt 0.163711 0.500000
vt 0.163711 1.000000
vt 0.047750 0.500000
vt 0.047750 0.000000
vt 0.054571 0.000000
vt 0.054571 0.500000
vt 0.716237 0.068214
vt 0.716237 0.075036
vt 0.709416 0.075036
vt 0.709416 0.068214
vt 0.716237 0.075036
vt 0.716237 0.081857
vt 0.709416 0.081857
vt 0.709416 0.075036
vt 0.163711 1.000000
vt 0.163711 0.500000
vt 0.170533 0.500000
vt 0.170533 1.000000
vt 0.054571 0.500000
vt 0.054571 0.000000
vt 0.061392 0.000000
vt 0.061392 0.500000
vt 0.177354 0.500000
vt 0.177354 1.000000
vt 0.061393 0.500000
vt 0.061393 0.000000
vt 0.068214 0.000000
vt 0.068214 0.500000
vt 0.716237 0.081857
vt 0.716237 0.088678
vt 0.709416 0.088678
vt 0.709416 0.081857
vt 0.716237 0.088678
vt 0.716237 0.095500
vt 0.709416 0.095500
vt 0.709416 0.088678
vt 0.177354 1.000000
vt 0.177354 0.500000
vt 0.184175 0.500000
vt 0.184175 1.000000
vt 0.068214 0.500000
vt 0.068214 0.000000
vt 0.075035 0.000000
vt 0.075035 0.500000
vt 0.190996 0.500000
vt 0.190996 1.000000
vt 0.075035 0.500000
vt 0.075035 0.000000
vt 0.081857 0.000000
vt 0.081857 0.500000
vt 0.716237 0.095500
vt 0.716237 0.102321
vt 0.709416 0.102321
vt 0.709416 0.095500
vt 0.716237 0.102321
vt 0.716237 0.109142
vt 0.709416 0.109142
vt 0.709416 0.102321
vt 0.190996 1.000000
vt 0.190996 0.500000
vt 0.197818 0.500000
vt 0.197818 1.000000
vt 0.668489 0.500000
vt 0.668489 0.000000
vt 0.675310 0.000000
vt 0.675310 0.500000
vt 0.204639 0.500000
vt 0.204639 1.000000
vt 0.668489 1.000000
vt 0.668489 0.500000
vt 0.675310 0.500000
vt 0.675310 1.000000
vt 0.716237 0.688953
vt 0.709416 0.688953
vt 0.709416 0.682132
vt 0.716237 0.682132
vt 0.716237 0.695775
vt 0.709416 0.695775
vt 0.709416 0.688953
vt 0.716237 0.688953
vt 0.211460 0.500000
vt 0.211460 1.000000
vt 0.081856 0.500000
vt 0.081856 0.000000
vt 0.088678 0.000000
vt 0.088678 0.500000
vt 0.211460 1.000000
vt 0.211460 0.500000
vt 0.218282 0.500000
vt 0.218282 1.000000
vt 0.095499 0.000000
vt 0.095499 0.500000
vt 0.716237 0.109142
vt 0.716237 0.115964
vt 0.709416 0.115964
vt 0.709416 0.109142
vt 0.716237 0.115964
vt 0.716237 0.122785
vt 0.709416 0.122785
vt 0.709416 0.115964
vt 0.225103 0.500000
vt 0.225103 1.000000
vt 0.102320 0.000000
vt 0.102320 0.500000
vt 0.225103 1.000000
vt 0.225103 0.500000
vt 0.231924 0.500000
vt 0.231924 1.000000
vt 0.109142 0.000000
vt 0.109142 0.500000
vt 0.716237 0.122785
vt 0.716237 0.129606
vt 0.709416 0.129606
vt 0.709416 0.122785
vt 0.716237 0.129606
vt 0.716237 0.136427
vt 0.709416 0.136427
vt 0.709416 0.129606
vt 0.238745 0.500000
vt 0.238745 1.000000
vt 0.115963 0.000000
vt 0.115963 0.500000
vt 0.238745 1.000000
vt 0.238745 0.500000
vt 0.245567 0.500000
vt 0.245567 1.000000
vt 0.122784 0.000000
vt 0.122784 0.500000
vt 0.716237 0.136428
vt 0.716237 0.143249
vt 0.709416 0.143249
vt 0.709416 0.136428
vt 0.716237 0.143249
vt 0.716237 0.150070
vt 0.709416 0.150070
vt 0.709416 0.143249
vt 0.245567 1.000000
vt 0.245567 0.500000
vt 0.252388 0.500000
vt 0.252388 1.000000
vt 0.129606 0.000000
vt 0.129606 0.500000
vt 0.259209 0.500000
vt 0.259209 1.000000
vt 0.136427 0.000000
vt 0.136427 0.500000
vt 0.716237 0.150070
vt 0.716237 0.156891
vt 0.709416 0.156891
vt 0.709416 0.150070
vt 0.716237 0.156891
vt 0.716237 0.163713
vt 0.709416 0.163713
vt 0.709416 0.156891
vt 0.266030 0.500000
vt 0.266030 1.000000
vt 0.136427 0.500000
vt 0.136427 0.000000
vt 0.143248 0.000000
vt 0.143248 0.500000
vt 0.272852 0.500000
vt 0.272852 1.000000
vt 0.143248 0.500000
vt 0.143248 0.000000
vt 0.150070 0.000000
vt 0.150070 0.500000
vt 0.716237 0.163713
vt 0.716237 0.170534
vt 0.709416 0.170534
vt 0.709416 0.163713
vt 0.716237 0.170534
vt 0.716237 0.177355
vt 0.709416 0.177355
vt 0.709416 0.170534
vt 0.272852 1.000000
vt 0.272852 0.500000
vt 0.279673 0.500000
vt 0.279673 1.000000
vt 0.156891 0.000000
vt 0.156891 0.500000
vt 0.286494 0.500000
vt 0.286494 1.000000
vt 0.163712 0.000000
vt 0.163712 0.500000
vt 0.716237 0.177355
vt 0.716237 0.184177
vt 0.709416 0.184177
vt 0.709416 0.177355
vt 0.716237 0.184177
vt 0.716237 0.190998
vt 0.709416 0.190998
vt 0.709416 0.184177
vt 0.286494 1.000000
vt 0.286494 0.500000
vt 0.293316 0.500000
vt 0.293316 1.000000
vt 0.170533 0.000000
vt 0.170533 0.500000
vt 0.300137 0.500000
vt 0.300137 1.000000
vt 0.177355 0.000000
vt 0.177355 0.500000
vt 0.716237 0.190998
vt 0.716237 0.197819
vt 0.709416 0.197819
vt 0.709416 0.190998
vt 0.716237 0.197819
vt 0.716237 0.204641
vt 0.709416 0.204641
vt 0.709416 0.197819
vt 0.306958 0.500000
vt 0.306958 1.000000
vt 0.184176 0.000000
vt 0.184176 0.500000
vt 0.313779 0.500000
vt 0.313779 1.000000
vt 0.190997 0.000000
vt 0.190997 0.500000
vt 0.716237 0.211462
vt 0.709416 0.211462
vt 0.716237 0.218283
vt 0.709416 0.218283
vt 0.320601 0.500000
vt 0.320601 1.000000
vt 0.197819 0.000000
vt 0.197819 0.500000
vt 0.327422 0.500000
vt 0.327422 1.000000
vt 0.204640 0.000000
vt 0.204640 0.500000
vt 0.716237 0.225104
vt 0.709416 0.225104
vt 0.716237 0.231926
vt 0.709416 0.231926
vt 0.334243 0.500000
vt 0.334243 1.000000
vt 0.211461 0.000000
vt 0.211461 0.500000
vt 0.334243 1.000000
vt 0.334243 0.500000
vt 0.341065 0.500000
vt 0.341065 1.000000
vt 0.218283 0.000000
vt 0.218283 0.500000
vt 0.716237 0.238747
vt 0.709416 0.238747
vt 0.716237 0.245568
vt 0.709416 0.245568
vt 0.347886 0.500000
vt 0.347886 1.000000
vt 0.225104 0.000000
vt 0.225104 0.500000
vt 0.354707 0.500000
vt 0.354707 1.000000
vt 0.231925 0.000000
vt 0.231925 0.500000
vt 0.716237 0.252390
vt 0.709416 0.252390
vt 0.716237 0.252390
vt 0.716237 0.259211
vt 0.709416 0.259211
vt 0.709416 0.252390
vt 0.361528 0.500000
vt 0.361528 1.000000
vt 0.238747 0.000000
vt 0.238747 0.500000
vt 0.368350 0.500000
vt 0.368350 1.000000
vt 0.245568 0.000000
vt 0.245568 0.500000
vt 0.716237 0.259211
vt 0.716237 0.266032
vt 0.709416 0.266032
vt 0.709416 0.259211
vt 0.716237 0.266032
vt 0.716237 0.272854
vt 0.709416 0.272854
vt 0.709416 0.266032
vt 0.368350 1.000000
vt 0.368350 0.500000
vt 0.375171 0.500000
vt 0.375171 1.000000
vt 0.252389 0.000000
vt 0.252389 0.500000
vt 0.375171 1.000000
vt 0.375171 0.500000
vt 0.381992 0.500000
vt 0.381992 1.000000
vt 0.259210 0.000000
vt 0.259210 0.500000
vt 0.716237 0.272854
vt 0.716237 0.279675
vt 0.709416 0.279675
vt 0.709416 0.272854
vt 0.716237 0.279675
vt 0.716237 0.286496
vt 0.709416 0.286496
vt 0.709416 0.279675
vt 0.388813 0.500000
vt 0.388813 1.000000
vt 0.266032 0.000000
vt 0.266032 0.500000
vt 0.395635 0.500000
vt 0.395635 1.000000
vt 0.272853 0.000000
vt 0.272853 0.500000
vt 0.716237 0.286496
vt 0.716237 0.293318
vt 0.709416 0.293318
vt 0.709416 0.286496
vt 0.716237 0.300139
vt 0.709416 0.300139
vt 0.402456 0.500000
vt 0.402456 1.000000
vt 0.279674 0.000000
vt 0.279674 0.500000
vt 0.402456 1.000000
vt 0.402456 0.500000
vt 0.409277 0.500000
vt 0.409277 1.000000
vt 0.286496 0.000000
vt 0.286496 0.500000
vt 0.716237 0.306960
vt 0.709416 0.306960
vt 0.716237 0.313781
vt 0.709416 0.313781
vt 0.416099 0.500000
vt 0.416099 1.000000
vt 0.293317 0.000000
vt 0.293317 0.500000
vt 0.416099 1.000000
vt 0.416099 0.500000
vt 0.422920 0.500000
vt 0.422920 1.000000
vt 0.300138 0.000000
vt 0.300138 0.500000
vt 0.716237 0.320603
vt 0.709416 0.320603
vt 0.716237 0.327424
vt 0.709416 0.327424
vt 0.422920 1.000000
vt 0.422920 0.500000
vt 0.429741 0.500000
vt 0.429741 1.000000
vt 0.306960 0.000000
vt 0.306960 0.500000
vt 0.429741 1.000000
vt 0.429741 0.500000
vt 0.436562 0.500000
vt 0.436562 1.000000
vt 0.313781 0.000000
vt 0.313781 0.500000
vt 0.716237 0.334245
vt 0.709416 0.334245
vt 0.716237 0.341067
vt 0.709416 0.341067
vt 0.443384 0.500000
vt 0.443384 1.000000
vt 0.320602 0.000000
vt 0.320602 0.500000
vt 0.443384 1.000000
vt 0.443384 0.500000
vt 0.450205 0.500000
vt 0.450205 1.000000
vt 0.327424 0.000000
vt 0.327424 0.500000
vt 0.716237 0.347888
vt 0.709416 0.347888
vt 0.716237 0.354709
vt 0.709416 0.354709
vt 0.457026 0.500000
vt 0.457026 1.000000
vt 0.334245 0.000000
vt 0.334245 0.500000
vt 0.463847 0.500000
vt 0.463847 1.000000
vt 0.341066 0.000000
vt 0.341066 0.500000
vt 0.716237 0.361531
vt 0.709416 0.361531
vt 0.716237 0.368352
vt 0.709416 0.368352
vt 0.470669 0.500000
vt 0.470669 1.000000
vt 0.347887 0.000000
vt 0.347887 0.500000
vt 0.470669 1.000000
vt 0.470669 0.500000
vt 0.477490 0.500000
vt 0.477490 1.000000
vt 0.354709 0.000000
vt 0.354709 0.500000
vt 0.716237 0.375173
vt 0.709416 0.375173
vt 0.716237 0.375173
vt 0.716237 0.381995
vt 0.709416 0.381995
vt 0.709416 0.375173
vt 0.477490 1.000000
vt 0.477490 0.500000
vt 0.484311 0.500000
vt 0.484311 1.000000
vt 0.361530 0.000000
vt 0.361530 0.500000
vt 0.484311 1.000000
vt 0.484311 0.500000
vt 0.491133 0.500000
vt 0.491133 1.000000
vt 0.368351 0.000000
vt 0.368351 0.500000
vt 0.716237 0.388816
vt 0.709416 0.388816
vt 0.716237 0.388816
vt 0.716237 0.395637
vt 0.709416 0.395637
vt 0.709416 0.388816
vt 0.491133 1.000000
vt 0.491133 0.500000
vt 0.497954 0.500000
vt 0.497954 1.000000
vt 0.375173 0.000000
vt 0.375173 0.500000
vt 0.504775 0.500000
vt 0.504775 1.000000
vt 0.381994 0.000000
vt 0.381994 0.500000
vt 0.716237 0.395637
vt 0.716237 0.402458
vt 0.709416 0.402458
vt 0.709416 0.395637
vt 0.716237 0.409280
vt 0.709416 0.409280
vt 0.504778 0.500000
vt 0.504778 0.000000
vt 0.511599 0.000000
vt 0.511599 0.500000
vt 0.388815 0.000000
vt 0.388815 0.500000
vt 0.504778 1.000000
vt 0.511599 1.000000
vt 0.395637 0.000000
vt 0.395637 0.500000
vt 0.716237 0.416101
vt 0.709416 0.416101
vt 0.716237 0.422922
vt 0.709416 0.422922
vt 0.518420 0.000000
vt 0.518420 0.500000
vt 0.402458 0.000000
vt 0.402458 0.500000
vt 0.518420 1.000000
vt 0.409279 0.000000
vt 0.409279 0.500000
vt 0.716237 0.429744
vt 0.709416 0.429744
vt 0.716237 0.436565
vt 0.709416 0.436565
vt 0.525241 0.000000
vt 0.525241 0.500000
vt 0.416101 0.000000
vt 0.416101 0.500000
vt 0.525241 1.000000
vt 0.422922 0.000000
vt 0.422922 0.500000
vt 0.716237 0.443386
vt 0.709416 0.443386
vt 0.716237 0.443386
vt 0.716237 0.450208
vt 0.709416 0.450208
vt 0.709416 0.443386
vt 0.532063 0.000000
vt 0.532063 0.500000
vt 0.429743 0.000000
vt 0.429743 0.500000
vt 0.532063 1.000000
vt 0.436565 0.000000
vt 0.436565 0.500000
vt 0.716237 0.450208
vt 0.716237 0.457029
vt 0.709416 0.457029
vt 0.709416 0.450208
vt 0.716237 0.457029
vt 0.716237 0.463850
vt 0.709416 0.463850
vt 0.709416 0.457029
vt 0.538884 0.000000
vt 0.538884 0.500000
vt 0.443386 0.000000
vt 0.443386 0.500000
vt 0.538884 1.000000
vt 0.450207 0.000000
vt 0.450207 0.500000
vt 0.716237 0.463850
vt 0.716237 0.470672
vt 0.709416 0.470672
vt 0.709416 0.463850
vt 0.716237 0.470672
vt 0.716237 0.477493
vt 0.709416 0.477493
vt 0.709416 0.470672
vt 0.545705 0.000000
vt 0.545705 0.500000
vt 0.457028 0.000000
vt 0.457028 0.500000
vt 0.545705 1.000000
vt 0.463850 0.000000
vt 0.463850 0.500000
vt 0.716237 0.477493
vt 0.716237 0.484314
vt 0.709416 0.484314
vt 0.709416 0.477493
vt 0.716237 0.484314
vt 0.716237 0.491136
vt 0.709416 0.491136
vt 0.709416 0.484314
vt 0.552527 0.000000
vt 0.552527 0.500000
vt 0.470671 0.000000
vt 0.470671 0.500000
vt 0.552527 1.000000
vt 0.477492 0.000000
vt 0.477492 0.500000
vt 0.716237 0.491136
vt 0.716237 0.497957
vt 0.709416 0.497957
vt 0.709416 0.491136
vt 0.716237 0.497957
vt 0.716237 0.504778
vt 0.709416 0.504778
vt 0.709416 0.497957
vt 0.552527 0.500000
vt 0.552527 0.000000
vt 0.559348 0.000000
vt 0.559348 0.500000
vt 0.484314 0.000000
vt 0.484314 0.500000
vt 0.559348 0.500000
vt 0.559348 1.000000
vt 0.491135 0.000000
vt 0.491135 0.500000
vt 0.716237 0.504778
vt 0.716237 0.511599
vt 0.709416 0.511599
vt 0.709416 0.504778
vt 0.716237 0.511599
vt 0.716237 0.518421
vt 0.709416 0.518421
vt 0.709416 0.511599
vt 0.566169 0.000000
vt 0.566169 0.500000
vt 0.497956 0.000000
vt 0.497956 0.500000
vt 0.559348 1.000000
vt 0.566169 0.500000
vt 0.566169 1.000000
vt 0.716237 0.518421
vt 0.716237 0.525242
vt 0.709416 0.525242
vt 0.709416 0.518421
vt 0.716237 0.525242
vt 0.716237 0.532063
vt 0.709416 0.532063
vt 0.709416 0.525242
vt 0.572990 0.000000
vt 0.572990 0.500000
vt 0.000000 1.000000
vt 0.000000 0.500000
vt 0.006821 0.500000
vt 0.006821 1.000000
vt 0.572990 1.000000
vt 0.013643 0.500000
vt 0.013643 1.000000
vt 0.716237 0.532063
vt 0.716237 0.538885
vt 0.709416 0.538885
vt 0.709416 0.532063
vt 0.716237 0.538885
vt 0.716237 0.545706
vt 0.709416 0.545706
vt 0.709416 0.538885
vt 0.579812 0.000000
vt 0.579812 0.500000
vt 0.020464 0.500000
vt 0.020464 1.000000
vt 0.579812 0.500000
vt 0.579812 1.000000
vt 0.027285 0.500000
vt 0.027285 1.000000
vt 0.716237 0.545706
vt 0.716237 0.552527
vt 0.709416 0.552527
vt 0.709416 0.545706
vt 0.716237 0.552527
vt 0.716237 0.559349
vt 0.709416 0.559349
vt 0.709416 0.552527
vt 0.586633 0.000000
vt 0.586633 0.500000
vt 0.034107 0.500000
vt 0.034107 1.000000
vt 0.579812 1.000000
vt 0.586633 1.000000
vt 0.040928 0.500000
vt 0.040928 1.000000
vt 0.716237 0.559349
vt 0.716237 0.566170
vt 0.709416 0.566170
vt 0.709416 0.559349
vt 0.716237 0.572991
vt 0.709416 0.572991
vt 0.593454 0.000000
vt 0.593454 0.500000
vt 0.047749 0.500000
vt 0.047749 1.000000
vt 0.586633 1.000000
vt 0.586633 0.500000
vt 0.593454 0.500000
vt 0.593454 1.000000
vt 0.054570 0.500000
vt 0.054570 1.000000
vt 0.716237 0.572991
vt 0.716237 0.579813
vt 0.709416 0.579813
vt 0.709416 0.572991
vt 0.716237 0.586634
vt 0.709416 0.586634
vt 0.593454 0.000000
vt 0.600276 0.000000
vt 0.600276 0.500000
vt 0.061392 0.500000
vt 0.061392 1.000000
vt 0.600276 1.000000
vt 0.068213 0.500000
vt 0.068213 1.000000
vt 0.716237 0.586634
vt 0.716237 0.593455
vt 0.709416 0.593455
vt 0.709416 0.586634
vt 0.716237 0.593455
vt 0.716237 0.600276
vt 0.709416 0.600276
vt 0.709416 0.593455
vt 0.600276 0.500000
vt 0.600276 0.000000
vt 0.607097 0.000000
vt 0.607097 0.500000
vt 0.075034 0.500000
vt 0.075034 1.000000
vt 0.607097 0.500000
vt 0.607097 1.000000
vt 0.081856 0.500000
vt 0.081856 1.000000
vt 0.716237 0.600276
vt 0.716237 0.607098
vt 0.709416 0.607098
vt 0.709416 0.600276
vt 0.716237 0.607098
vt 0.716237 0.613919
vt 0.709416 0.613919
vt 0.709416 0.607098
vt 0.613918 0.000000
vt 0.613918 0.500000
vt 0.088677 0.500000
vt 0.088677 1.000000
vt 0.607097 1.000000
vt 0.613918 1.000000
vt 0.095498 0.500000
vt 0.095498 1.000000
vt 0.716237 0.613919
vt 0.716237 0.620740
vt 0.709416 0.620740
vt 0.709416 0.613919
vt 0.716237 0.620740
vt 0.716237 0.627562
vt 0.709416 0.627562
vt 0.709416 0.620740
vt 0.613918 0.500000
vt 0.613918 0.000000
vt 0.620740 0.000000
vt 0.620740 0.500000
vt 0.102320 0.500000
vt 0.102320 1.000000
vt 0.613918 1.000000
vt 0.620740 1.000000
vt 0.109141 0.500000
vt 0.109141 1.000000
vt 0.716237 0.627562
vt 0.716237 0.634383
vt 0.709416 0.634383
vt 0.709416 0.627562
vt 0.716237 0.634383
vt 0.716237 0.641204
vt 0.709416 0.641204
vt 0.709416 0.634383
vt 0.627561 0.000000
vt 0.627561 0.500000
vt 0.115962 0.500000
vt 0.115962 1.000000
vt 0.627561 0.500000
vt 0.627561 1.000000
vt 0.122784 0.500000
vt 0.122784 1.000000
vt 0.716237 0.641204
vt 0.716237 0.648026
vt 0.709416 0.648026
vt 0.709416 0.641204
vt 0.716237 0.648026
vt 0.716237 0.654847
vt 0.709416 0.654847
vt 0.709416 0.648026
vt 0.627561 0.000000
vt 0.634382 0.000000
vt 0.634382 0.500000
vt 0.129605 0.500000
vt 0.129605 1.000000
vt 0.627561 1.000000
vt 0.634382 0.500000
vt 0.634382 1.000000
vt 0.136426 0.500000
vt 0.136426 1.000000
vt 0.716237 0.654847
vt 0.716237 0.661668
vt 0.709416 0.661668
vt 0.709416 0.654847
vt 0.716237 0.661668
vt 0.716237 0.668490
vt 0.709416 0.668490
vt 0.709416 0.661668
vt 0.634382 0.000000
vt 0.641204 0.000000
vt 0.641204 0.500000
vt 0.143247 0.500000
vt 0.143247 1.000000
vt 0.641204 1.000000
vt 0.716237 0.668490
vt 0.716237 0.675311
vt 0.709416 0.675311
vt 0.709416 0.668490
vt 0.716237 0.675311
vt 0.716237 0.682132
vt 0.709416 0.682132
vt 0.709416 0.675311
vt 0.641204 0.500000
vt 0.641204 0.000000
vt 0.648025 0.000000
vt 0.648025 0.500000
vt 0.000000 0.000000
vt 0.006821 0.000000
vt 0.006821 0.500000
vt 0.641204 1.000000
vt 0.648025 1.000000
vt 0.013643 0.000000
vt 0.013643 0.500000
vt 0.716238 -0.000000
vt 0.716238 0.006821
vt 0.709416 0.006821
vt 0.709416 -0.000000
vt 0.716237 0.006821
vt 0.716237 0.013643
vt 0.709416 0.013643
vt 0.709416 0.006821
vt 0.654846 0.000000
vt 0.654846 0.500000
vt 0.020464 0.000000
vt 0.020464 0.500000
vt 0.648025 1.000000
vt 0.648025 0.500000
vt 0.654846 0.500000
vt 0.654846 1.000000
vt 0.027286 0.000000
vt 0.027286 0.500000
vt 0.716238 0.013643
vt 0.716238 0.020464
vt 0.709416 0.020464
vt 0.709416 0.013643
vt 0.716237 0.020464
vt 0.716237 0.027286
vt 0.709416 0.027286
vt 0.709416 0.020464
vt 0.654846 0.000000
vt 0.661667 0.000000
vt 0.661667 0.500000
vt 0.675310 0.000000
vt 0.682131 0.000000
vt 0.682131 0.500000
vt 0.661667 1.000000
vt 0.682131 1.000000
vt 0.716237 0.702596
vt 0.709416 0.702596
vt 0.709416 0.695775
vt 0.716237 0.695775
vt 0.716237 0.709417
vt 0.709416 0.709417
vt 0.661668 0.500000
vt 0.661668 0.000000
vt 0.668489 0.000000
vt 0.034107 0.000000
vt 0.034107 0.500000
vt 0.668489 0.500000
vt 0.668489 1.000000
vt 0.040929 0.000000
vt 0.040929 0.500000
vt 0.716238 0.027286
vt 0.716238 0.034107
vt 0.709416 0.034107
vt 0.709416 0.027286
vt 0.716237 0.034107
vt 0.716237 0.040929
vt 0.709416 0.040929
vt 0.709416 0.034107
vt 0.695774 0.499610
vt 0.695774 0.000000
vt 0.702595 0.000000
vt 0.702595 0.499610
vt 0.682131 0.499610
vt 0.688953 0.000000
vt 0.688953 0.499610
vt 0.695774 0.999219
vt 0.702595 0.999219
vt 0.682131 0.999219
vt 0.688953 0.999219
vt 0.709416 0.047750
vt 0.709416 0.040929
vt 0.716237 0.040929
vt 0.716237 0.047750
vt 0.709416 0.054572
vt 0.709416 0.047750
vt 0.716237 0.054571
vt 0.709416 0.000000
vt 0.709416 0.499610
vt 0.709416 0.999219
vt 0.688953 0.999219
vt 0.688953 0.499610
vt 0.709416 0.061393
vt 0.716237 0.054572
vt 0.716237 0.061393
vt 0.709416 0.068214
vt 0.709416 0.061393
vt 0.716237 0.061393
vt 0.716237 0.068214
s 0
usemtl Yellow_Mustard.005
f 4503/9373/2261 4504/9374/2261 4506/9375/2261 4505/9376/2261
f 4505/9377/2262 4506/9378/2262 4510/9379/2262 4509/9380/2262
f 4509/9381/2263 4510/9382/2263 4508/9383/2263 4507/9384/2263
f 4507/9385/2264 4508/9386/2264 4504/9387/2264 4503/9388/2264
f 4505/9389/2265 4509/9390/2265 4507/9391/2265 4503/9392/2265
f 4510/9393/2266 4506/9394/2266 4504/9395/2266 4508/9396/2266
f 4511/9397/2261 4512/9398/2261 4514/9399/2261 4513/9400/2261
f 4513/9401/2262 4514/9402/2262 4518/9403/2262 4517/9404/2262
f 4517/9400/2263 4518/9399/2263 4516/9405/2263 4515/9406/2263
f 4515/9407/2264 4516/9408/2264 4512/9409/2264 4511/9410/2264
f 4513/9411/2265 4517/9412/2265 4515/9413/2265 4511/9414/2265
f 4518/9415/2266 4514/9416/2266 4512/9417/2266 4516/9418/2266
f 4519/9419/2261 4520/9420/2261 4522/9421/2261 4521/9422/2261
f 4521/9423/2262 4522/9424/2262 4526/9425/2262 4525/9426/2262
f 4525/9422/2263 4526/9421/2263 4524/9427/2263 4523/9428/2263
f 4523/9429/2264 4524/9430/2264 4520/9431/2264 4519/9432/2264
f 4521/9433/2265 4525/9434/2265 4523/9435/2265 4519/9436/2265
f 4526/9437/2266 4522/9438/2266 4520/9439/2266 4524/9440/2266
f 4527/9441/2261 4528/9442/2261 4530/9443/2261 4529/9444/2261
f 4529/9445/2262 4530/9446/2262 4534/9447/2262 4533/9448/2262
f 4533/9444/2263 4534/9443/2263 4532/9449/2263 4531/9450/2263
f 4531/9451/2264 4532/9452/2264 4528/9453/2264 4527/9454/2264
f 4529/9455/2265 4533/9456/2265 4531/9457/2265 4527/9458/2265
f 4534/9459/2266 4530/9460/2266 4528/9461/2266 4532/9462/2266
f 4535/9450/2261 4536/9449/2261 4538/9463/2261 4537/9464/2261
f 4537/9465/2262 4538/9466/2262 4542/9467/2262 4541/9468/2262
f 4541/9469/2263 4542/9470/2263 4540/9471/2263 4539/9472/2263
f 4539/9468/2264 4540/9467/2264 4536/9473/2264 4535/9474/2264
f 4537/9475/2265 4541/9476/2265 4539/9477/2265 4535/9478/2265
f 4542/9479/2266 4538/9480/2266 4536/9481/2266 4540/9482/2266
f 4543/9472/2261 4544/9471/2261 4546/9483/2261 4545/9484/2261
f 4545/9474/2262 4546/9473/2262 4550/9485/2262 4549/9486/2262
f 4549/9487/2263 4550/9488/2263 4548/9489/2263 4547/9490/2263
f 4547/9486/2264 4548/9485/2264 4544/9491/2264 4543/9492/2264
f 4545/9493/2265 4549/9494/2265 4547/9495/2265 4543/9496/2265
f 4550/9497/2266 4546/9498/2266 4544/9499/2266 4548/9500/2266
f 4551/9490/2261 4552/9489/2261 4554/9501/2261 4553/9502/2261
f 4553/9492/2262 4554/9491/2262 4558/9503/2262 4557/9504/2262
f 4557/9505/2263 4558/9506/2263 4556/9507/2263 4555/9508/2263
f 4555/9504/2264 4556/9503/2264 4552/9509/2264 4551/9510/2264
f 4553/9511/2265 4557/9512/2265 4555/9513/2265 4551/9514/2265
f 4558/9515/2266 4554/9516/2266 4552/9517/2266 4556/9518/2266
f 4559/9519/2261 4560/9520/2261 4562/9521/2261 4561/9522/2261
f 4561/9510/2262 4562/9509/2262 4566/9523/2262 4565/9524/2262
f 4565/9522/2263 4566/9521/2263 4564/9525/2263 4563/9526/2263
f 4563/9524/2264 4564/9523/2264 4560/9527/2264 4559/9528/2264
f 4561/9529/2265 4565/9530/2265 4563/9531/2265 4559/9532/2265
f 4566/9533/2266 4562/9534/2266 4560/9535/2266 4564/9536/2266
f 4567/9526/2261 4568/9525/2261 4570/9537/2261 4569/9538/2261
f 4569/9539/2262 4570/9540/2262 4574/9541/2262 4573/9542/2262
f 4573/9538/2263 4574/9537/2263 4572/9543/2263 4571/9544/2263
f 4571/9545/2264 4572/9546/2264 4568/9547/2264 4567/9548/2264
f 4569/9549/2265 4573/9550/2265 4571/9551/2265 4567/9552/2265
f 4574/9553/2266 4570/9554/2266 4568/9555/2266 4572/9556/2266
f 4575/9557/2261 4576/9558/2261 4578/9559/2261 4577/9560/2261
f 4577/9548/2262 4578/9547/2262 4582/9561/2262 4581/9562/2262
f 4581/9560/2263 4582/9559/2263 4580/9563/2263 4579/9564/2263
f 4579/9562/2264 4580/9561/2264 4576/9565/2264 4575/9566/2264
f 4577/9567/2265 4581/9568/2265 4579/9569/2265 4575/9570/2265
f 4582/9571/2266 4578/9572/2266 4576/9573/2266 4580/9574/2266
f 4583/9575/2261 4584/9576/2261 4586/9577/2261 4585/9578/2261
f 4585/9566/2262 4586/9565/2262 4590/9579/2262 4589/9580/2262
f 4589/9578/2263 4590/9577/2263 4588/9581/2263 4587/9582/2263
f 4587/9580/2264 4588/9579/2264 4584/9583/2264 4583/9584/2264
f 4585/9585/2265 4589/9586/2265 4587/9587/2265 4583/9588/2265
f 4590/9589/2266 4586/9590/2266 4584/9591/2266 4588/9592/2266
f 4591/9582/2261 4592/9581/2261 4594/9593/2261 4593/9594/2261
f 4593/9584/2262 4594/9583/2262 4598/9595/2262 4597/9596/2262
f 4597/9594/2263 4598/9593/2263 4596/9597/2263 4595/9598/2263
f 4595/9596/2264 4596/9595/2264 4592/9599/2264 4591/9600/2264
f 4593/9590/2265 4597/9601/2265 4595/9602/2265 4591/9591/2265
f 4598/9601/2266 4594/9603/2266 4592/9604/2266 4596/9602/2266
f 4599/9598/2261 4600/9597/2261 4602/9605/2261 4601/9606/2261
f 4601/9600/2262 4602/9599/2262 4606/9607/2262 4605/9608/2262
f 4605/9606/2263 4606/9605/2263 4604/9609/2263 4603/9610/2263
f 4603/9608/2264 4604/9607/2264 4600/9611/2264 4599/9612/2264
f 4601/9603/2265 4605/9613/2265 4603/9614/2265 4599/9604/2265
f 4606/9613/2266 4602/9615/2266 4600/9616/2266 4604/9614/2266
f 4607/9610/2261 4608/9609/2261 4610/9617/2261 4609/9618/2261
f 4609/9612/2262 4610/9611/2262 4614/9619/2262 4613/9620/2262
f 4613/9621/2263 4614/9622/2263 4612/9623/2263 4611/9624/2263
f 4611/9620/2264 4612/9619/2264 4608/9625/2264 4607/9626/2264
f 4609/9615/2265 4613/9627/2265 4611/9628/2265 4607/9616/2265
f 4614/9627/2266 4610/9629/2266 4608/9630/2266 4612/9628/2266
f 4615/9624/2261 4616/9623/2261 4618/9631/2261 4617/9632/2261
f 4617/9626/2262 4618/9625/2262 4622/9633/2262 4621/9634/2262
f 4621/9632/2263 4622/9631/2263 4620/9635/2263 4619/9636/2263
f 4619/9634/2264 4620/9633/2264 4616/9637/2264 4615/9638/2264
f 4617/9629/2265 4621/9639/2265 4619/9640/2265 4615/9630/2265
f 4622/9641/2266 4618/9642/2266 4616/9643/2266 4620/9644/2266
f 4623/9636/2261 4624/9635/2261 4626/9645/2261 4625/9646/2261
f 4625/9638/2262 4626/9637/2262 4630/9647/2262 4629/9648/2262
f 4629/9646/2263 4630/9645/2263 4628/9649/2263 4627/9650/2263
f 4627/9648/2264 4628/9647/2264 4624/9651/2264 4623/9652/2264
f 4625/9653/2265 4629/9654/2265 4627/9655/2265 4623/9656/2265
f 4630/9657/2266 4626/9658/2266 4624/9659/2266 4628/9660/2266
f 4631/9661/2261 4632/9662/2261 4634/9663/2261 4633/9664/2261
f 4633/9652/2262 4634/9651/2262 4638/9665/2262 4637/9666/2262
f 4637/9667/2263 4638/9668/2263 4636/9669/2263 4635/9670/2263
f 4635/9666/2264 4636/9665/2264 4632/9671/2264 4631/9672/2264
f 4633/9673/2265 4637/9674/2265 4635/9675/2265 4631/9676/2265
f 4638/9677/2266 4634/9678/2266 4632/9679/2266 4636/9680/2266
f 4639/9670/2261 4640/9669/2261 4642/9681/2261 4641/9682/2261
f 4641/9672/2262 4642/9671/2262 4646/9683/2262 4645/9684/2262
f 4645/9682/2263 4646/9681/2263 4644/9685/2263 4643/9686/2263
f 4643/9684/2264 4644/9683/2264 4640/9687/2264 4639/9688/2264
f 4641/9689/2265 4645/9690/2265 4643/9691/2265 4639/9692/2265
f 4646/9690/2266 4642/9693/2266 4640/9694/2266 4644/9691/2266
f 4647/9686/2261 4648/9685/2261 4650/9695/2261 4649/9696/2261
f 4649/9688/2262 4650/9687/2262 4654/9697/2262 4653/9698/2262
f 4653/9699/2263 4654/9700/2263 4652/9701/2263 4651/9702/2263
f 4651/9698/2264 4652/9697/2264 4648/9703/2264 4647/9704/2264
f 4649/9693/2265 4653/9705/2265 4651/9706/2265 4647/9694/2265
f 4654/9705/2266 4650/9707/2266 4648/9708/2266 4652/9706/2266
f 4655/9702/2261 4656/9701/2261 4658/9709/2261 4657/9710/2261
f 4657/9704/2262 4658/9703/2262 4662/9711/2262 4661/9712/2262
f 4661/9713/2263 4662/9714/2263 4660/9715/2263 4659/9716/2263
f 4659/9712/2264 4660/9711/2264 4656/9717/2264 4655/9718/2264
f 4657/9707/2265 4661/9719/2265 4659/9720/2265 4655/9708/2265
f 4662/9719/2266 4658/9721/2266 4656/9722/2266 4660/9720/2266
f 4663/9723/2261 4664/9724/2261 4666/9725/2261 4665/9726/2261
f 4665/9718/2262 4666/9717/2262 4670/9727/2262 4669/9728/2262
f 4669/9729/2263 4670/9730/2263 4668/9731/2263 4667/9732/2263
f 4667/9728/2264 4668/9727/2264 4664/9733/2264 4663/9734/2264
f 4665/9721/2265 4669/9735/2265 4667/9736/2265 4663/9722/2265
f 4670/9735/2266 4666/9737/2266 4664/9738/2266 4668/9736/2266
f 4671/9732/2261 4672/9731/2261 4674/9739/2261 4673/9740/2261
f 4673/9734/2262 4674/9733/2262 4678/9741/2262 4677/9742/2262
f 4677/9743/2263 4678/9744/2263 4676/9745/2263 4675/9746/2263
f 4675/9742/2264 4676/9741/2264 4672/9747/2264 4671/9748/2264
f 4673/9737/2265 4677/9749/2265 4675/9750/2265 4671/9738/2265
f 4678/9749/2266 4674/9751/2266 4672/9752/2266 4676/9750/2266
f 4679/9746/2261 4680/9745/2261 4682/9753/2261 4681/9754/2261
f 4681/9748/2262 4682/9747/2262 4686/9755/2262 4685/9756/2262
f 4685/9754/2263 4686/9753/2263 4684/9757/2263 4683/9758/2263
f 4683/9756/2264 4684/9755/2264 4680/9759/2264 4679/9760/2264
f 4681/9751/2265 4685/9761/2265 4683/9762/2265 4679/9752/2265
f 4686/9761/2266 4682/9763/2266 4680/9764/2266 4684/9762/2266
f 4687/9758/2261 4688/9757/2261 4690/9765/2261 4689/9766/2261
f 4689/9760/2262 4690/9759/2262 4694/9767/2262 4693/9768/2262
f 4693/9769/2263 4694/9770/2263 4692/9771/2263 4691/9772/2263
f 4691/9768/2264 4692/9767/2264 4688/9773/2264 4687/9774/2264
f 4689/9763/2265 4693/9775/2265 4691/9776/2265 4687/9764/2265
f 4694/9777/2266 4690/9778/2266 4688/9779/2266 4692/9780/2266
f 4695/9781/2261 4696/9782/2261 4698/9783/2261 4697/9784/2261
f 4697/9774/2262 4698/9773/2262 4702/9785/2262 4701/9786/2262
f 4701/9787/2263 4702/9788/2263 4700/9789/2263 4699/9790/2263
f 4699/9786/2264 4700/9785/2264 4696/9791/2264 4695/9792/2264
f 4697/9778/2265 4701/9793/2265 4699/9794/2265 4695/9779/2265
f 4702/9795/2266 4698/9796/2266 4696/9797/2266 4700/9798/2266
f 4703/9799/2261 4704/9800/2261 4706/9801/2261 4705/9802/2261
f 4705/9792/2262 4706/9791/2262 4710/9803/2262 4709/9804/2262
f 4709/9802/2263 4710/9801/2263 4708/9805/2263 4707/9806/2263
f 4707/9804/2264 4708/9803/2264 4704/9807/2264 4703/9808/2264
f 4705/9809/2265 4709/9810/2265 4707/9811/2265 4703/9812/2265
f 4710/9810/2266 4706/9813/2266 4704/9814/2266 4708/9811/2266
f 4711/9815/2261 4712/9816/2261 4714/9817/2261 4713/9818/2261
f 4713/9808/2262 4714/9807/2262 4718/9819/2262 4717/9820/2262
f 4717/9821/2263 4718/9815/2263 4716/9818/2263 4715/9822/2263
f 4715/9820/2264 4716/9819/2264 4712/9823/2264 4711/9824/2264
f 4713/9813/2265 4717/9825/2265 4715/9826/2265 4711/9814/2265
f 4718/9825/2266 4714/9827/2266 4712/9828/2266 4716/9826/2266
f 4719/9818/2261 4720/9817/2261 4722/9829/2261 4721/9830/2261
f 4721/9824/2262 4722/9823/2262 4726/9831/2262 4725/9832/2262
f 4725/9822/2263 4726/9818/2263 4724/9830/2263 4723/9833/2263
f 4723/9832/2264 4724/9831/2264 4720/9834/2264 4719/9835/2264
f 4721/9827/2265 4725/9836/2265 4723/9837/2265 4719/9828/2265
f 4726/9836/2266 4722/9838/2266 4720/9839/2266 4724/9837/2266
f 4727/9830/2261 4728/9829/2261 4730/9840/2261 4729/9841/2261
f 4729/9835/2262 4730/9834/2262 4734/9842/2262 4733/9843/2262
f 4733/9833/2263 4734/9830/2263 4732/9841/2263 4731/9844/2263
f 4731/9843/2264 4732/9842/2264 4728/9845/2264 4727/9846/2264
f 4729/9838/2265 4733/9847/2265 4731/9848/2265 4727/9839/2265
f 4734/9849/2266 4730/9850/2266 4728/9851/2266 4732/9852/2266
f 4735/9841/2261 4736/9840/2261 4738/9853/2261 4737/9854/2261
f 4737/9846/2262 4738/9845/2262 4742/9855/2262 4741/9856/2262
f 4741/9844/2263 4742/9841/2263 4740/9854/2263 4739/9857/2263
f 4739/9856/2264 4740/9855/2264 4736/9858/2264 4735/9859/2264
f 4737/9860/2265 4741/9861/2265 4739/9862/2265 4735/9863/2265
f 4742/9864/2266 4738/9865/2266 4736/9866/2266 4740/9867/2266
f 4743/9854/2261 4744/9853/2261 4746/9868/2261 4745/9869/2261
f 4745/9859/2262 4746/9858/2262 4750/9870/2262 4749/9871/2262
f 4749/9857/2263 4750/9854/2263 4748/9869/2263 4747/9872/2263
f 4747/9871/2264 4748/9870/2264 4744/9873/2264 4743/9874/2264
f 4745/9875/2265 4749/9876/2265 4747/9877/2265 4743/9878/2265
f 4750/9879/2266 4746/9880/2266 4744/9881/2266 4748/9882/2266
f 4751/9869/2261 4752/9868/2261 4754/9883/2261 4753/9884/2261
f 4753/9874/2262 4754/9873/2262 4758/9885/2262 4757/9886/2262
f 4757/9872/2263 4758/9869/2263 4756/9884/2263 4755/9887/2263
f 4755/9886/2264 4756/9885/2264 4752/9888/2264 4751/9889/2264
f 4753/9890/2265 4757/9891/2265 4755/9892/2265 4751/9893/2265
f 4758/9894/2266 4754/9895/2266 4752/9896/2266 4756/9897/2266
f 4759/9884/2261 4760/9883/2261 4762/9898/2261 4761/9899/2261
f 4761/9889/2262 4762/9888/2262 4766/9900/2262 4765/9901/2262
f 4765/9887/2263 4766/9884/2263 4764/9899/2263 4763/9902/2263
f 4763/9901/2264 4764/9900/2264 4760/9903/2264 4759/9904/2264
f 4761/9905/2265 4765/9906/2265 4763/9907/2265 4759/9908/2265
f 4766/9909/2266 4762/9910/2266 4760/9911/2266 4764/9912/2266
f 4767/9913/2261 4768/9914/2261 4770/9915/2261 4769/9916/2261
f 4769/9904/2262 4770/9903/2262 4774/9917/2262 4773/9918/2262
f 4773/9902/2263 4774/9899/2263 4772/9919/2263 4771/9920/2263
f 4771/9918/2264 4772/9917/2264 4768/9921/2264 4767/9922/2264
f 4769/9923/2265 4773/9924/2265 4771/9925/2265 4767/9926/2265
f 4774/9927/2266 4770/9928/2266 4768/9929/2266 4772/9930/2266
f 4775/9916/2261 4776/9915/2261 4778/9931/2261 4777/9932/2261
f 4777/9922/2262 4778/9921/2262 4782/9933/2262 4781/9934/2262
f 4781/9935/2263 4782/9916/2263 4780/9936/2263 4779/9937/2263
f 4779/9934/2264 4780/9933/2264 4776/9816/2264 4775/9815/2264
f 4777/9938/2265 4781/9939/2265 4779/9940/2265 4775/9941/2265
f 4782/9942/2266 4778/9943/2266 4776/9944/2266 4780/9945/2266
f 4783/9932/2261 4784/9931/2261 4786/9946/2261 4785/9947/2261
f 4785/9948/2262 4786/9949/2262 4790/9950/2262 4789/9951/2262
f 4789/9937/2263 4790/9936/2263 4788/9947/2263 4787/9952/2263
f 4787/9951/2264 4788/9950/2264 4784/9953/2264 4783/9954/2264
f 4785/9955/2265 4789/9956/2265 4787/9957/2265 4783/9958/2265
f 4790/9959/2266 4786/9960/2266 4784/9961/2266 4788/9962/2266
f 4791/9947/2261 4792/9946/2261 4794/9963/2261 4793/9964/2261
f 4793/9954/2262 4794/9953/2262 4798/9965/2262 4797/9966/2262
f 4797/9952/2263 4798/9947/2263 4796/9967/2263 4795/9968/2263
f 4795/9966/2264 4796/9965/2264 4792/9969/2264 4791/9970/2264
f 4793/9971/2265 4797/9972/2265 4795/9973/2265 4791/9974/2265
f 4798/9975/2266 4794/9976/2266 4792/9977/2266 4796/9978/2266
f 4799/9964/2261 4800/9963/2261 4802/9979/2261 4801/9980/2261
f 4801/9970/2262 4802/9969/2262 4806/9981/2262 4805/9982/2262
f 4805/9983/2263 4806/9964/2263 4804/9980/2263 4803/9984/2263
f 4803/9982/2264 4804/9981/2264 4800/9985/2264 4799/9986/2264
f 4801/9987/2265 4805/9988/2265 4803/9989/2265 4799/9990/2265
f 4806/9988/2266 4802/9991/2266 4800/9992/2266 4804/9989/2266
f 4807/9980/2261 4808/9979/2261 4810/9993/2261 4809/9994/2261
f 4809/9986/2262 4810/9985/2262 4814/9995/2262 4813/9996/2262
f 4813/9997/2263 4814/9998/2263 4812/9999/2263 4811/10000/2263
f 4811/9996/2264 4812/9995/2264 4808/10001/2264 4807/10002/2264
f 4809/10003/2265 4813/10004/2265 4811/10005/2265 4807/10006/2265
f 4814/10004/2266 4810/10007/2266 4808/10008/2266 4812/10005/2266
f 4815/9999/2261 4816/10009/2261 4818/10010/2261 4817/10011/2261
f 4817/10002/2262 4818/10001/2262 4822/10012/2262 4821/10013/2262
f 4821/10000/2263 4822/9999/2263 4820/10011/2263 4819/10014/2263
f 4819/10013/2264 4820/10012/2264 4816/10015/2264 4815/10016/2264
f 4817/10017/2265 4821/10018/2265 4819/10019/2265 4815/10020/2265
f 4822/10021/2266 4818/10022/2266 4816/10023/2266 4820/10024/2266
f 4823/10025/2261 4824/10026/2261 4826/10027/2261 4825/10028/2261
f 4825/10016/2262 4826/10015/2262 4830/10029/2262 4829/10030/2262
f 4829/10014/2263 4830/10011/2263 4828/10031/2263 4827/10032/2263
f 4827/10030/2264 4828/10029/2264 4824/10033/2264 4823/10034/2264
f 4825/10035/2265 4829/10036/2265 4827/10037/2265 4823/10038/2265
f 4830/10039/2266 4826/10040/2266 4824/10041/2266 4828/10042/2266
f 4831/10028/2261 4832/10027/2261 4834/10043/2261 4833/10044/2261
f 4833/10034/2262 4834/10033/2262 4838/10045/2262 4837/10046/2262
f 4837/10047/2263 4838/10028/2263 4836/10044/2263 4835/10048/2263
f 4835/10046/2264 4836/10045/2264 4832/10049/2264 4831/10050/2264
f 4833/10051/2265 4837/10052/2265 4835/10053/2265 4831/10054/2265
f 4838/10055/2266 4834/10056/2266 4832/10057/2266 4836/10058/2266
f 4839/10059/2261 4840/10060/2261 4842/10061/2261 4841/10062/2261
f 4841/10050/2262 4842/10049/2262 4846/10063/2262 4845/10064/2262
f 4845/10065/2263 4846/10059/2263 4844/10062/2263 4843/10066/2263
f 4843/10064/2264 4844/10063/2264 4840/10067/2264 4839/10068/2264
f 4841/10069/2265 4845/10070/2265 4843/10071/2265 4839/10072/2265
f 4846/10073/2266 4842/10074/2266 4840/10075/2266 4844/10076/2266
f 4847/10062/2261 4848/10061/2261 4850/10077/2261 4849/10078/2261
f 4849/10068/2262 4850/10067/2262 4854/10079/2262 4853/10080/2262
f 4853/10066/2263 4854/10062/2263 4852/10081/2263 4851/10082/2263
f 4851/10080/2264 4852/10079/2264 4848/10083/2264 4847/10084/2264
f 4849/10085/2265 4853/10086/2265 4851/10087/2265 4847/10088/2265
f 4854/10089/2266 4850/10090/2266 4848/10091/2266 4852/10092/2266
f 4855/10081/2261 4856/10093/2261 4858/10094/2261 4857/10095/2261
f 4857/10084/2262 4858/10083/2262 4862/10096/2262 4861/10097/2262
f 4861/10098/2263 4862/10078/2263 4860/10099/2263 4859/10100/2263
f 4859/10097/2264 4860/10096/2264 4856/10101/2264 4855/10102/2264
f 4857/10103/2265 4861/10104/2265 4859/10105/2265 4855/10106/2265
f 4862/10107/2266 4858/10108/2266 4856/10109/2266 4860/10110/2266
f 4863/10099/2261 4864/10111/2261 4866/10112/2261 4865/10113/2261
f 4865/10102/2262 4866/10101/2262 4870/10114/2262 4869/10115/2262
f 4869/10100/2263 4870/10099/2263 4868/10113/2263 4867/10116/2263
f 4867/10115/2264 4868/10114/2264 4864/9374/2264 4863/9373/2264
f 4865/10117/2265 4869/10118/2265 4867/10119/2265 4863/10120/2265
f 4870/10121/2266 4866/10122/2266 4864/10123/2266 4868/10124/2266
f 4871/10125/2261 4872/10126/2261 4874/10127/2261 4873/10128/2261
f 4873/9949/2262 4874/10129/2262 4878/10130/2262 4877/10131/2262
f 4877/10132/2263 4878/10125/2263 4876/10128/2263 4875/10133/2263
f 4875/10131/2264 4876/10130/2264 4872/10134/2264 4871/10135/2264
f 4873/10136/2265 4877/10137/2265 4875/10138/2265 4871/10139/2265
f 4878/10140/2266 4874/10141/2266 4872/10142/2266 4876/10143/2266
f 4879/10128/2261 4880/10127/2261 4882/10144/2261 4881/10145/2261
f 4881/10135/2262 4882/10134/2262 4886/10146/2262 4885/10147/2262
f 4885/10148/2263 4886/10149/2263 4884/10150/2263 4883/10151/2263
f 4883/10147/2264 4884/10146/2264 4880/10152/2264 4879/10153/2264
f 4881/10154/2265 4885/10155/2265 4883/10156/2265 4879/10157/2265
f 4886/10158/2266 4882/10159/2266 4880/10160/2266 4884/10161/2266
f 4887/10150/2261 4888/10162/2261 4890/10163/2261 4889/10164/2261
f 4889/9453/2262 4890/10165/2262 4894/10166/2262 4893/10167/2262
f 4893/10151/2263 4894/10150/2263 4892/10164/2263 4891/10168/2263
f 4891/9454/2264 4892/9453/2264 4888/10167/2264 4887/10169/2264
f 4889/10170/2265 4893/10171/2265 4891/10172/2265 4887/10173/2265
f 4894/10174/2266 4890/10175/2266 4888/10171/2266 4892/10170/2266
f 4895/10176/2261 4896/10177/2261 4898/10178/2261 4897/9452/2261
f 4897/10153/2262 4898/10152/2262 4902/10179/2262 4901/10180/2262
f 4901/10168/2263 4902/10164/2263 4900/10181/2263 4899/10182/2263
f 4899/10180/2264 4900/10179/2264 4896/10183/2264 4895/10184/2264
f 4897/10185/2265 4901/10186/2265 4899/10187/2265 4895/10188/2265
f 4902/10189/2266 4898/10190/2266 4896/10191/2266 4900/10192/2266
f 4907/10193/2264 4903/10194/2264 4904/10195/2264 4908/10196/2264
f 4908/10197/2261 4904/10166/2261 4906/10198/2261 4909/10199/2261
f 4909/10200/2262 4906/10193/2262 4905/10196/2262 4910/10201/2262
f 4910/10202/2263 4905/10197/2263 4903/10199/2263 4907/10203/2263
f 4906/10204/2266 4904/10205/2266 4903/10206/2266 4905/10207/2266
f 4910/10208/2265 4907/10209/2265 4908/10207/2265 4909/10210/2265
f 4915/10196/2264 4911/10195/2264 4912/10211/2264 4916/10212/2264
f 4916/10199/2261 4912/10198/2261 4914/10194/2261 4917/10193/2261
f 4917/10201/2262 4914/10196/2262 4913/10212/2262 4918/10213/2262
f 4918/10214/2263 4913/10215/2263 4911/10193/2263 4915/10200/2263
f 4914/10216/2266 4912/10208/2266 4911/10217/2266 4913/10218/2266
f 4918/10219/2265 4915/10220/2265 4916/10221/2265 4917/10222/2265
o Cube.006
v 9.073420 0.000883 5.831562
v 9.073420 3.665883 5.831562
v 8.953419 0.000883 5.831562
v 8.953419 3.665883 5.831562
v 9.073420 0.000883 5.711561
v 9.073420 3.665883 5.711561
v 8.953419 0.000883 5.711561
v 8.953419 3.665883 5.711561
vn -0.0000 -0.0000 1.0000
vn -1.0000 -0.0000 -0.0000
vn -0.0000 -0.0000 -1.0000
vn 1.0000 -0.0000 -0.0000
vn -0.0000 -1.0000 -0.0000
vn -0.0000 1.0000 -0.0000
vt 0.065485 1.000000
vt 0.065485 0.000000
vt 0.098227 0.000000
vt 0.098227 1.000000
vt 0.000000 1.000000
vt 0.000000 0.000000
vt 0.032742 0.000000
vt 0.032742 1.000000
vt 0.130969 0.000000
vt 0.130969 1.000000
vt 0.163711 0.000000
vt 0.163711 0.032742
vt 0.130969 0.032742
vt 0.130969 -0.000000
vt 0.163711 0.065485
vt 0.130969 0.065485
vt 0.130969 0.032742
s 0
usemtl Yellow_Mustard.003
f 4919/10223/2267 4920/10224/2267 4922/10225/2267 4921/10226/2267
f 4921/10227/2268 4922/10228/2268 4926/10229/2268 4925/10230/2268
f 4925/10226/2269 4926/10225/2269 4924/10231/2269 4923/10232/2269
f 4923/10230/2270 4924/10229/2270 4920/10224/2270 4919/10223/2270
f 4921/10233/2271 4925/10234/2271 4923/10235/2271 4919/10236/2271
f 4926/10234/2272 4922/10237/2272 4920/10238/2272 4924/10239/2272
o Cube.007
v 9.073419 0.000883 -5.641443
v 9.073419 3.665883 -5.641443
v 8.953418 0.000883 -5.641443
v 8.953418 3.665883 -5.641443
v 9.073419 0.000883 -5.761441
v 9.073419 3.665883 -5.761441
v 8.953418 0.000883 -5.761441
v 8.953418 3.665883 -5.761441
vn -0.0000 -0.0000 1.0000
vn -1.0000 -0.0000 -0.0000
vn -0.0000 -0.0000 -1.0000
vn 1.0000 -0.0000 -0.0000
vn -0.0000 -1.0000 -0.0000
vn -0.0000 1.0000 -0.0000
vt 0.000000 1.000000
vt 0.000000 0.000000
vt 0.032742 0.000000
vt 0.032742 1.000000
vt 0.065484 1.000000
vt 0.065484 0.000000
vt 0.098226 0.000000
vt 0.098226 1.000000
vt 0.065484 0.000000
vt 0.065484 1.000000
vt 0.130968 0.000000
vt 0.130968 1.000000
vt 0.163709 0.032742
vt 0.130968 0.032742
vt 0.163709 0.000000
vt 0.163709 0.065484
vt 0.130968 0.065484
s 0
usemtl Yellow_Mustard.002
f 4927/10240/2273 4928/10241/2273 4930/10242/2273 4929/10243/2273
f 4929/10244/2274 4930/10245/2274 4934/10246/2274 4933/10247/2274
f 4933/10243/2275 4934/10242/2275 4932/10248/2275 4931/10249/2275
f 4931/10247/2276 4932/10246/2276 4928/10250/2276 4927/10251/2276
f 4929/10252/2277 4933/10253/2277 4931/10250/2277 4927/10254/2277
f 4934/10255/2278 4930/10256/2278 4928/10253/2278 4932/10252/2278
o Cube.008
v 8.953321 0.000883 -0.528089
v 8.953321 3.665883 -0.528089
v 9.073322 0.000883 -0.528089
v 9.073322 3.665883 -0.528089
v 8.953321 0.000883 -0.408089
v 8.953321 3.665883 -0.408089
v 9.073322 0.000883 -0.408089
v 9.073322 3.665883 -0.408089
vn -0.0000 -0.0000 -1.0000
vn 1.0000 -0.0000 -0.0000
vn -0.0000 -0.0000 1.0000
vn -1.0000 -0.0000 -0.0000
vn -0.0000 -1.0000 -0.0000
vn -0.0000 1.0000 -0.0000
vt 0.065485 1.000000
vt 0.065485 0.000000
vt 0.098227 0.000000
vt 0.098227 1.000000
vt 0.000000 1.000000
vt 0.000000 0.000000
vt 0.032742 0.000000
vt 0.032742 1.000000
vt 0.098227 1.000000
vt 0.098227 0.000000
vt 0.130969 0.000000
vt 0.130969 1.000000
vt 0.065485 0.000000
vt 0.065485 1.000000
vt 0.163711 0.000000
vt 0.163711 0.032742
vt 0.130969 0.032742
vt 0.130969 -0.000000
vt 0.163711 0.065485
vt 0.130969 0.065485
vt 0.130969 0.032742
s 0
usemtl Yellow_Mustard.004
f 4935/10257/2279 4936/10258/2279 4938/10259/2279 4937/10260/2279
f 4937/10261/2280 4938/10262/2280 4942/10263/2280 4941/10264/2280
f 4941/10265/2281 4942/10266/2281 4940/10267/2281 4939/10268/2281
f 4939/10264/2282 4940/10263/2282 4936/10269/2282 4935/10270/2282
f 4937/10271/2283 4941/10272/2283 4939/10273/2283 4935/10274/2283
f 4942/10272/2284 4938/10275/2284 4936/10276/2284 4940/10277/2284
o Cube.010
v 8.988371 3.663383 5.595808
v 8.988371 3.663383 5.545809
v 9.038370 3.663383 5.595808
v 9.038370 3.663383 5.545809
v 8.988371 2.437284 5.595808
v 8.988371 2.437284 5.545809
v 9.038370 2.437284 5.545809
v 9.038370 2.437284 5.595808
v 8.988371 3.663383 5.394511
v 8.988371 3.663383 5.344512
v 9.038370 3.663383 5.394511
v 9.038370 3.663383 5.344512
v 8.988371 2.437284 5.394511
v 8.988371 2.437284 5.344512
v 9.038370 2.437284 5.344512
v 9.038370 2.437284 5.394511
v 8.988371 3.663383 5.193214
v 8.988371 3.663383 5.143215
v 9.038370 3.663383 5.193214
v 9.038370 3.663383 5.143215
v 8.988371 2.437284 5.193214
v 8.988371 2.437284 5.143215
v 9.038370 2.437284 5.143215
v 9.038370 2.437284 5.193214
v 8.988371 3.663383 4.991917
v 8.988371 3.663383 4.941918
v 9.038370 3.663383 4.991917
v 9.038370 3.663383 4.941918
v 8.988371 2.437284 4.991917
v 8.988371 2.437284 4.941918
v 9.038370 2.437284 4.941918
v 9.038370 2.437284 4.991917
v 8.988371 3.663383 4.790620
v 8.988371 3.663383 4.740621
v 9.038370 3.663383 4.790620
v 9.038370 3.663383 4.740621
v 8.988371 2.437284 4.790620
v 8.988371 2.437284 4.740621
v 9.038370 2.437284 4.740621
v 9.038370 2.437284 4.790620
v 8.988371 3.663383 4.589324
v 8.988371 3.663383 4.539324
v 9.038370 3.663383 4.589324
v 9.038370 3.663383 4.539324
v 8.988371 2.437284 4.589324
v 8.988371 2.437284 4.539324
v 9.038370 2.437284 4.539324
v 9.038370 2.437284 4.589324
v 8.988371 3.663383 4.388026
v 8.988371 3.663383 4.338027
v 9.038370 3.663383 4.388026
v 9.038370 3.663383 4.338027
v 8.988371 2.437284 4.388026
v 8.988371 2.437284 4.338027
v 9.038370 2.437284 4.338027
v 9.038370 2.437284 4.388026
v 8.988371 3.663383 4.186729
v 8.988371 3.663383 4.136730
v 9.038370 3.663383 4.186729
v 9.038370 3.663383 4.136730
v 8.988371 2.437284 4.186729
v 8.988371 2.437284 4.136730
v 9.038370 2.437284 4.136730
v 9.038370 2.437284 4.186729
v 8.988371 3.663383 3.985433
v 8.988371 3.663383 3.935433
v 9.038370 3.663383 3.985433
v 9.038370 3.663383 3.935433
v 8.988371 2.437284 3.985433
v 8.988371 2.437284 3.935433
v 9.038370 2.437284 3.935433
v 9.038370 2.437284 3.985433
v 8.988371 3.663383 3.784136
v 8.988371 3.663383 3.734137
v 9.038370 3.663383 3.784136
v 9.038370 3.663383 3.734137
v 8.988371 2.437284 3.784136
v 8.988371 2.437284 3.734137
v 9.038370 2.437284 3.734137
v 9.038370 2.437284 3.784136
v 8.988371 3.663383 3.582839
v 8.988371 3.663383 3.532840
v 9.038370 3.663383 3.582839
v 9.038370 3.663383 3.532840
v 8.988371 2.437284 3.582839
v 8.988371 2.437284 3.532840
v 9.038370 2.437284 3.532840
v 9.038370 2.437284 3.582839
v 8.988371 3.663383 3.381542
v 8.988371 3.663383 3.331542
v 9.038370 3.663383 3.381542
v 9.038370 3.663383 3.331542
v 8.988371 2.437284 3.381542
v 8.988371 2.437284 3.331542
v 9.038370 2.437284 3.331542
v 9.038370 2.437284 3.381542
v 8.988371 3.663383 3.180245
v 8.988371 3.663383 3.130246
v 9.038370 3.663383 3.180245
v 9.038370 3.663383 3.130246
v 8.988371 2.437284 3.180245
v 8.988371 2.437284 3.130246
v 9.038370 2.437284 3.130246
v 9.038370 2.437284 3.180245
v 8.988371 3.663383 2.978948
v 8.988371 3.663383 2.928949
v 9.038370 3.663383 2.978948
v 9.038370 3.663383 2.928949
v 8.988371 2.437284 2.978948
v 8.988371 2.437284 2.928949
v 9.038370 2.437284 2.928949
v 9.038370 2.437284 2.978948
v 8.988371 3.663383 2.777651
v 8.988371 3.663383 2.727652
v 9.038370 3.663383 2.777651
v 9.038370 3.663383 2.727652
v 8.988371 2.437284 2.777651
v 8.988371 2.437284 2.727652
v 9.038370 2.437284 2.727652
v 9.038370 2.437284 2.777651
v 8.988371 3.663383 2.576354
v 8.988371 3.663383 2.526355
v 9.038370 3.663383 2.576354
v 9.038370 3.663383 2.526355
v 8.988371 2.437284 2.576354
v 8.988371 2.437284 2.526355
v 9.038370 2.437284 2.526355
v 9.038370 2.437284 2.576354
v 8.988371 3.663383 2.375057
v 8.988371 3.663383 2.325058
v 9.038370 3.663383 2.375057
v 9.038370 3.663383 2.325058
v 8.988371 2.437284 2.375057
v 8.988371 2.437284 2.325058
v 9.038370 2.437284 2.325058
v 9.038370 2.437284 2.375057
v 8.988371 3.663383 2.173760
v 8.988371 3.663383 2.123761
v 9.038370 3.663383 2.173760
v 9.038370 3.663383 2.123761
v 8.988371 2.437284 2.173760
v 8.988371 2.437284 2.123761
v 9.038370 2.437284 2.123761
v 9.038370 2.437284 2.173760
v 8.988371 3.663383 1.972463
v 8.988371 3.663383 1.922464
v 9.038370 3.663383 1.972463
v 9.038370 3.663383 1.922464
v 8.988371 2.437284 1.972463
v 8.988371 2.437284 1.922464
v 9.038370 2.437284 1.922464
v 9.038370 2.437284 1.972463
v 8.988371 3.663383 1.771166
v 8.988371 3.663383 1.721167
v 9.038370 3.663383 1.771166
v 9.038370 3.663383 1.721167
v 8.988371 2.437284 1.771166
v 8.988371 2.437284 1.721167
v 9.038370 2.437284 1.721167
v 9.038370 2.437284 1.771166
v 8.988371 3.663383 1.569870
v 8.988371 3.663383 1.519870
v 9.038370 3.663383 1.569870
v 9.038370 3.663383 1.519870
v 8.988371 2.437284 1.569870
v 8.988371 2.437284 1.519870
v 9.038370 2.437284 1.519870
v 9.038370 2.437284 1.569870
v 8.988371 3.663383 1.368573
v 8.988371 3.663383 1.318573
v 9.038370 3.663383 1.368573
v 9.038370 3.663383 1.318573
v 8.988371 2.437284 1.368573
v 8.988371 2.437284 1.318573
v 9.038370 2.437284 1.318573
v 9.038370 2.437284 1.368573
v 8.988371 3.663383 1.167275
v 8.988371 3.663383 1.117276
v 9.038370 3.663383 1.167275
v 9.038370 3.663383 1.117276
v 8.988371 2.437284 1.167275
v 8.988371 2.437284 1.117276
v 9.038370 2.437284 1.117276
v 9.038370 2.437284 1.167275
v 8.988371 3.663383 0.965979
v 8.988371 3.663383 0.915979
v 9.038370 3.663383 0.965979
v 9.038370 3.663383 0.915979
v 8.988371 2.437284 0.965979
v 8.988371 2.437284 0.915979
v 9.038370 2.437284 0.915979
v 9.038370 2.437284 0.965979
v 8.988371 3.663383 0.764682
v 8.988371 3.663383 0.714683
v 9.038370 3.663383 0.764682
v 9.038370 3.663383 0.714683
v 8.988371 2.437284 0.764682
v 8.988371 2.437284 0.714683
v 9.038370 2.437284 0.714683
v 9.038370 2.437284 0.764682
v 8.988371 3.663383 0.563385
v 8.988371 3.663383 0.513386
v 9.038370 3.663383 0.563385
v 9.038370 3.663383 0.513386
v 8.988371 2.437284 0.563385
v 8.988371 2.437284 0.513386
v 9.038370 2.437284 0.513386
v 9.038370 2.437284 0.563385
v 8.988371 3.663383 0.362088
v 8.988371 3.663383 0.312089
v 9.038370 3.663383 0.362088
v 9.038370 3.663383 0.312089
v 8.988371 2.437284 0.362088
v 8.988371 2.437284 0.312089
v 9.038370 2.437284 0.312089
v 9.038370 2.437284 0.362088
v 8.988371 3.663383 0.160791
v 8.988371 3.663383 0.110792
v 9.038370 3.663383 0.160791
v 9.038370 3.663383 0.110792
v 8.988371 2.437284 0.160791
v 8.988371 2.437284 0.110792
v 9.038370 2.437284 0.110792
v 9.038370 2.437284 0.160791
v 8.988371 3.663383 -0.040506
v 8.988371 3.663383 -0.090505
v 9.038370 3.663383 -0.040506
v 9.038370 3.663383 -0.090505
v 8.988371 2.437284 -0.040506
v 8.988371 2.437284 -0.090505
v 9.038370 2.437284 -0.090505
v 9.038370 2.437284 -0.040506
v 8.988371 3.663383 -0.241803
v 8.988371 3.663383 -0.291802
v 9.038370 3.663383 -0.241803
v 9.038370 3.663383 -0.291802
v 8.988371 2.437284 -0.241803
v 8.988371 2.437284 -0.291802
v 9.038370 2.437284 -0.291802
v 9.038370 2.437284 -0.241803
vn -1.0000 -0.0000 -0.0000
vn -0.0000 -0.0000 -1.0000
vn 1.0000 -0.0000 -0.0000
vn -0.0000 -0.0000 1.0000
vn -0.0000 1.0000 -0.0000
vn -0.0000 -1.0000 -0.0000
vt 0.183334 0.817400
vt 0.183334 0.408700
vt 0.200000 0.408700
vt 0.200000 0.817400
vt 0.000000 0.408700
vt 0.000000 -0.000000
vt 0.016667 -0.000000
vt 0.016667 0.408700
vt 0.216667 0.408700
vt 0.216667 0.817400
vt 0.033333 -0.000000
vt 0.033333 0.408700
vt 0.083333 0.817400
vt 0.083333 0.834066
vt 0.066667 0.834066
vt 0.066667 0.817400
vt 0.083334 0.834066
vt 0.083334 0.817400
vt 0.100000 0.817400
vt 0.100000 0.834066
vt 0.216667 0.817400
vt 0.216667 0.408700
vt 0.233334 0.408700
vt 0.233334 0.817400
vt 0.050000 -0.000000
vt 0.050000 0.408700
vt 0.266668 0.817400
vt 0.266668 0.408700
vt 0.283334 0.408700
vt 0.283334 0.817400
vt 0.066667 -0.000000
vt 0.066667 0.408700
vt 0.116667 0.817400
vt 0.116667 0.834066
vt 0.100000 0.834066
vt 0.100000 0.817400
vt 0.133334 0.834066
vt 0.133334 0.817400
vt 0.150000 0.817400
vt 0.150000 0.834066
vt 0.283334 0.817400
vt 0.283334 0.408700
vt 0.300001 0.408700
vt 0.300001 0.817400
vt 0.083334 -0.000000
vt 0.083334 0.408700
vt 0.250001 0.817400
vt 0.250001 0.408700
vt 0.266667 0.408700
vt 0.266667 0.817400
vt 0.100000 -0.000000
vt 0.100000 0.408700
vt 0.116667 0.834066
vt 0.116667 0.817400
vt 0.166667 0.834066
vt 0.166667 0.817400
vt 0.183334 0.817400
vt 0.183334 0.834066
vt 0.233334 0.817400
vt 0.233334 0.408700
vt 0.250001 0.408700
vt 0.250001 0.817400
vt 0.116667 -0.000000
vt 0.116667 0.408700
vt 0.316667 0.408700
vt 0.316667 0.817400
vt 0.133334 -0.000000
vt 0.133334 0.408700
vt 0.166667 0.817400
vt 0.166667 0.834066
vt 0.150001 0.834066
vt 0.150001 0.817400
vt 0.183334 0.834066
vt 0.183334 0.817400
vt 0.200000 0.817400
vt 0.200000 0.834066
vt 0.350001 0.817400
vt 0.350001 0.408700
vt 0.366668 0.408700
vt 0.366668 0.817400
vt 0.150001 -0.000000
vt 0.150001 0.408700
vt 0.333335 0.817400
vt 0.333335 0.408700
vt 0.350001 0.408700
vt 0.350001 0.817400
vt 0.166667 -0.000000
vt 0.166667 0.408700
vt 0.216667 0.817400
vt 0.216667 0.834066
vt 0.216667 0.834066
vt 0.216667 0.817400
vt 0.233334 0.817400
vt 0.233334 0.834066
vt 0.316668 0.817400
vt 0.316668 0.408700
vt 0.333334 0.408700
vt 0.333334 0.817400
vt 0.183334 -0.000000
vt 0.183334 0.408700
vt 0.400001 0.817400
vt 0.400001 0.408700
vt 0.416668 0.408700
vt 0.416668 0.817400
vt 0.200001 -0.000000
vt 0.200001 0.408700
vt 0.016666 0.817400
vt 0.016666 0.834066
vt 0.000000 0.834066
vt 0.000000 0.817400
vt 0.033334 0.834066
vt 0.033334 0.817400
vt 0.050000 0.817400
vt 0.050000 0.834066
vt 0.433334 0.408700
vt 0.433334 0.817400
vt 0.216667 -0.000000
vt 0.216667 0.408700
vt 0.383334 0.408700
vt 0.383334 0.817400
vt 0.233334 -0.000000
vt 0.233334 0.408700
vt 0.250000 0.817400
vt 0.250000 0.834066
vt 0.250001 0.834066
vt 0.250001 0.817400
vt 0.266668 0.834066
vt 0.383334 0.817400
vt 0.383334 0.408700
vt 0.400000 0.408700
vt 0.400000 0.817400
vt 0.250001 -0.000000
vt 0.250001 0.408700
vt 0.483335 0.817400
vt 0.483335 0.408700
vt 0.500001 0.408700
vt 0.500001 0.817400
vt 0.266668 -0.000000
vt 0.266668 0.408700
vt 0.283334 0.817400
vt 0.283334 0.834066
vt 0.266668 0.834066
vt 0.266668 0.817400
vt 0.300000 0.817400
vt 0.300000 0.834066
vt 0.433335 0.817400
vt 0.433335 0.408700
vt 0.450001 0.408700
vt 0.450001 0.817400
vt 0.283334 -0.000000
vt 0.283334 0.408700
vt 0.466668 0.408700
vt 0.466668 0.817400
vt 0.300001 -0.000000
vt 0.300001 0.408700
vt 0.316667 0.817400
vt 0.316667 0.834066
vt 0.300001 0.834066
vt 0.300001 0.817400
vt 0.316668 0.834066
vt 0.316668 0.817400
vt 0.333334 0.817400
vt 0.333334 0.834066
vt 0.466668 0.817400
vt 0.466668 0.408700
vt 0.483334 0.408700
vt 0.483334 0.817400
vt 0.316668 -0.000000
vt 0.316668 0.408700
vt 0.533335 0.817400
vt 0.533335 0.408700
vt 0.550002 0.408700
vt 0.550002 0.817400
vt 0.333335 -0.000000
vt 0.333335 0.408700
vt 0.350001 0.817400
vt 0.350001 0.834066
vt 0.333335 0.834066
vt 0.333335 0.817400
vt 0.366668 0.834066
vt 0.366668 0.817400
vt 0.383334 0.817400
vt 0.383334 0.834066
vt 0.566668 0.408700
vt 0.566668 0.817400
vt 0.350001 -0.000000
vt 0.350001 0.408700
vt 0.516668 0.817400
vt 0.516668 0.408700
vt 0.533335 0.408700
vt 0.533335 0.817400
vt 0.366668 -0.000000
vt 0.366668 0.408700
vt 0.366668 0.817400
vt 0.366668 0.834066
vt 0.350001 0.834066
vt 0.350001 0.817400
vt 0.383334 0.834066
vt 0.383334 0.817400
vt 0.400000 0.817400
vt 0.400000 0.834066
vt 0.500002 0.817400
vt 0.500002 0.408700
vt 0.516668 0.408700
vt 0.516668 0.817400
vt 0.383335 -0.000000
vt 0.383335 0.408700
vt 0.566669 0.817400
vt 0.566669 0.408700
vt 0.583335 0.408700
vt 0.583335 0.817400
vt 0.400001 -0.000000
vt 0.400001 0.408700
vt 0.416668 0.817400
vt 0.416668 0.834066
vt 0.400001 0.834066
vt 0.400001 0.817400
vt 0.433335 0.834066
vt 0.433335 0.817400
vt 0.450001 0.817400
vt 0.450001 0.834066
vt 0.600001 0.408700
vt 0.600001 0.817400
vt 0.416668 -0.000000
vt 0.416668 0.408700
vt 0.600002 0.817400
vt 0.600002 0.408700
vt 0.616669 0.408700
vt 0.616669 0.817400
vt 0.433335 -0.000000
vt 0.433335 0.408700
vt 0.433334 0.817400
vt 0.433334 0.834066
vt 0.466668 0.834066
vt 0.466668 0.817400
vt 0.483334 0.817400
vt 0.483334 0.834066
vt 0.650002 0.817400
vt 0.650002 0.408700
vt 0.666669 0.408700
vt 0.666669 0.817400
vt 0.450002 -0.000000
vt 0.450002 0.408700
vt 0.683335 0.408700
vt 0.683335 0.817400
vt 0.466668 -0.000000
vt 0.466668 0.408700
vt 0.500000 0.817400
vt 0.500000 0.834066
vt 0.633335 0.408700
vt 0.633335 0.817400
vt 0.483335 -0.000000
vt 0.483335 0.408700
vt 0.633336 0.817400
vt 0.633336 0.408700
vt 0.650002 0.408700
vt 0.650002 0.817400
vt 0.500002 -0.000000
vt 0.500002 0.408700
vt 0.516668 0.817400
vt 0.516668 0.834066
vt 0.500001 0.834066
vt 0.500001 0.817400
vt 0.533335 0.834066
vt 0.533335 0.817400
vt 0.550002 0.817400
vt 0.550002 0.834066
vt 0.716669 0.817400
vt 0.716669 0.408700
vt 0.733336 0.408700
vt 0.733336 0.817400
vt 0.516668 -0.000000
vt 0.516668 0.408700
vt 0.683336 0.817400
vt 0.683336 0.408700
vt 0.700002 0.408700
vt 0.700002 0.817400
vt 0.533335 -0.000000
vt 0.533335 0.408700
vt 0.533335 0.817400
vt 0.533335 0.834066
vt 0.516668 0.834066
vt 0.516668 0.817400
vt 0.566669 0.834066
vt 0.566669 0.817400
vt 0.583335 0.817400
vt 0.583335 0.834066
vt 0.700002 0.817400
vt 0.700002 0.408700
vt 0.716669 0.408700
vt 0.716669 0.817400
vt 0.550002 -0.000000
vt 0.550002 0.408700
vt 0.750002 0.408700
vt 0.750002 0.817400
vt 0.566669 -0.000000
vt 0.566669 0.408700
vt 0.566668 0.834066
vt 0.550002 0.834066
vt 0.583335 0.834066
vt 0.600001 0.834067
vt 0.800003 0.817400
vt 0.800003 0.408700
vt 0.816669 0.408700
vt 0.816669 0.817400
vt 0.583335 -0.000000
vt 0.583335 0.408700
vt 0.783336 0.817400
vt 0.783336 0.408700
vt 0.800002 0.408700
vt 0.800002 0.817400
vt 0.600002 -0.000000
vt 0.600002 0.408700
vt 0.616668 0.817400
vt 0.616668 0.834067
vt 0.616669 0.834067
vt 0.633335 0.834067
vt 0.750003 0.817400
vt 0.750003 0.408700
vt 0.766669 0.408700
vt 0.766669 0.817400
vt 0.616669 -0.000000
vt 0.616669 0.408700
vt 0.766669 0.817400
vt 0.766669 0.408700
vt 0.783336 0.408700
vt 0.783336 0.817400
vt 0.633336 -0.000000
vt 0.633336 0.408700
vt 0.650001 0.817400
vt 0.650001 0.834067
vt 0.650002 0.834067
vt 0.666668 0.817400
vt 0.666668 0.834067
vt 0.816670 0.408700
vt 0.816670 -0.000000
vt 0.833336 -0.000000
vt 0.833336 0.408700
vt 0.650002 -0.000000
vt 0.650002 0.408700
vt 0.833336 0.408700
vt 0.833336 0.817400
vt 0.666669 -0.000000
vt 0.666669 0.408700
vt 0.683335 0.817400
vt 0.683335 0.834067
vt 0.700001 0.817400
vt 0.700001 0.834067
vt 0.850002 -0.000000
vt 0.850002 0.408700
vt 0.683336 -0.000000
vt 0.683336 0.408700
vt 0.850002 0.408700
vt 0.850002 0.817400
vt 0.700002 -0.000000
vt 0.700002 0.408700
vt 0.716668 0.817400
vt 0.716668 0.834067
vt 0.733334 0.817400
vt 0.733334 0.834067
vt 0.866669 -0.000000
vt 0.866669 0.408700
vt 0.716669 -0.000000
vt 0.716669 0.408700
vt 0.866668 0.408700
vt 0.866668 0.817400
vt 0.733336 -0.000000
vt 0.733336 0.408700
vt 0.750000 0.817400
vt 0.750000 0.834067
vt 0.750002 0.834067
vt 0.766668 0.817400
vt 0.766668 0.834067
vt 0.883335 -0.000000
vt 0.883335 0.408700
vt 0.750003 -0.000000
vt 0.750003 0.408700
vt 0.883335 0.408700
vt 0.883335 0.817400
vt 0.766669 -0.000000
vt 0.766669 0.408700
vt 0.800002 0.817400
vt 0.800002 0.834067
vt 0.783336 0.834067
vt 0.766669 0.834067
vt 0.783335 0.817400
vt 0.783335 0.834067
vt 0.900002 -0.000000
vt 0.900002 0.408700
vt 0.783336 -0.000000
vt 0.783336 0.408700
vt 0.900001 0.408700
vt 0.900001 0.817400
vt 0.800003 -0.000000
vt 0.800003 0.408700
vt 0.833336 0.817400
vt 0.833336 0.834066
vt 0.816669 0.834066
vt 0.816669 0.817400
vt 0.800002 0.834066
vt 0.800002 0.817400
vt 0.816669 0.817400
vt 0.816669 0.834066
vt 0.916668 -0.000000
vt 0.916668 0.408700
vt 0.916668 0.408700
vt 0.916668 0.817400
vt 0.016667 0.817400
vt 0.016667 0.408700
vt 0.033333 0.408700
vt 0.033333 0.817400
vt 0.033333 0.817400
vt 0.033333 0.834066
vt 0.016667 0.834066
vt 0.016667 0.817400
vt 0.050000 0.834066
vt 0.050000 0.817400
vt 0.066667 0.817400
vt 0.066667 0.834066
vt 0.933334 -0.000000
vt 0.933334 0.408700
vt 0.000000 0.817400
vt 0.000000 0.408700
vt 0.933334 0.408700
vt 0.933334 0.817400
vt 0.066667 0.817400
vt 0.066667 0.408700
vt 0.083334 0.408700
vt 0.083334 0.817400
vt 0.850002 0.817400
vt 0.850002 0.834066
vt 0.000000 0.850733
vt 0.016666 0.850733
vt 0.950001 -0.000000
vt 0.950001 0.408700
vt 0.100000 0.408700
vt 0.100000 0.817400
vt 0.950000 0.408700
vt 0.950000 0.817400
vt 0.050000 0.817400
vt 0.050000 0.408700
vt 0.033333 0.834066
vt 0.033333 0.850733
vt 0.016667 0.850733
vt 0.016667 0.834066
vt 0.050000 0.834066
vt 0.050000 0.850733
vt 0.966667 -0.000000
vt 0.966667 0.408700
vt 0.966667 0.408700
vt 0.966667 0.817400
vt 0.133334 0.817400
vt 0.133334 0.408700
vt 0.150001 0.408700
vt 0.150001 0.817400
vt 0.066667 0.850733
vt 0.050000 0.850733
vt 0.083333 0.834066
vt 0.083333 0.850733
vt 0.983334 -0.000000
vt 0.983334 0.408700
vt 0.116667 0.408700
vt 0.116667 0.817400
vt 0.983333 0.408700
vt 0.983333 0.817400
vt 0.100000 0.834066
vt 0.100000 0.850733
vt 0.083333 0.850733
vt 0.100000 0.850733
vt 0.116667 0.850733
vt 1.000000 -0.000000
vt 1.000000 0.408700
vt 0.166667 0.408700
vt 0.166667 0.817400
vt 1.000000 0.408700
vt 1.000000 0.817400
vt 0.133334 0.850733
vt 0.116667 0.850733
vt 0.150000 0.850733
s 0
usemtl Yellow_Mustard.001
f 4947/10278/2285 4943/10279/2285 4944/10280/2285 4948/10281/2285
f 4948/10282/2286 4944/10283/2286 4946/10284/2286 4949/10285/2286
f 4949/10281/2287 4946/10280/2287 4945/10286/2287 4950/10287/2287
f 4950/10285/2288 4945/10284/2288 4943/10288/2288 4947/10289/2288
f 4946/10290/2289 4944/10291/2289 4943/10292/2289 4945/10293/2289
f 4950/10294/2290 4947/10295/2290 4948/10296/2290 4949/10297/2290
f 4955/10298/2285 4951/10299/2285 4952/10300/2285 4956/10301/2285
f 4956/10289/2286 4952/10288/2286 4954/10302/2286 4957/10303/2286
f 4957/10304/2287 4954/10305/2287 4953/10306/2287 4958/10307/2287
f 4958/10303/2288 4953/10302/2288 4951/10308/2288 4955/10309/2288
f 4954/10310/2289 4952/10311/2289 4951/10312/2289 4953/10313/2289
f 4958/10314/2290 4955/10315/2290 4956/10316/2290 4957/10317/2290
f 4963/10318/2285 4959/10319/2285 4960/10320/2285 4964/10321/2285
f 4964/10309/2286 4960/10308/2286 4962/10322/2286 4965/10323/2286
f 4965/10324/2287 4962/10325/2287 4961/10326/2287 4966/10327/2287
f 4966/10323/2288 4961/10322/2288 4959/10328/2288 4963/10329/2288
f 4962/10315/2289 4960/10314/2289 4959/10330/2289 4961/10331/2289
f 4966/10332/2290 4963/10333/2290 4964/10334/2290 4965/10335/2290
f 4971/10336/2285 4967/10337/2285 4968/10338/2285 4972/10339/2285
f 4972/10329/2286 4968/10328/2286 4970/10340/2286 4973/10341/2286
f 4973/10321/2287 4970/10320/2287 4969/10342/2287 4974/10343/2287
f 4974/10341/2288 4969/10340/2288 4967/10344/2288 4971/10345/2288
f 4970/10346/2289 4968/10347/2289 4967/10348/2289 4969/10349/2289
f 4974/10350/2290 4971/10351/2290 4972/10352/2290 4973/10353/2290
f 4979/10354/2285 4975/10355/2285 4976/10356/2285 4980/10357/2285
f 4980/10345/2286 4976/10344/2286 4978/10358/2286 4981/10359/2286
f 4981/10360/2287 4978/10361/2287 4977/10362/2287 4982/10363/2287
f 4982/10359/2288 4977/10358/2288 4975/10364/2288 4979/10365/2288
f 4978/10366/2289 4976/10367/2289 4975/10353/2289 4977/10352/2289
f 4982/10368/2290 4979/10369/2290 4980/10370/2290 4981/10371/2290
f 4987/10372/2285 4983/10373/2285 4984/10374/2285 4988/10375/2285
f 4988/10365/2286 4984/10364/2286 4986/10376/2286 4989/10377/2286
f 4989/10378/2287 4986/10379/2287 4985/10380/2287 4990/10381/2287
f 4990/10377/2288 4985/10376/2288 4983/10382/2288 4987/10383/2288
f 4986/10384/2289 4984/10385/2289 4983/10386/2289 4985/10387/2289
f 4990/10388/2290 4987/10389/2290 4988/10390/2290 4989/10391/2290
f 4995/10381/2285 4991/10380/2285 4992/10392/2285 4996/10393/2285
f 4996/10383/2286 4992/10382/2286 4994/10394/2286 4997/10395/2286
f 4997/10357/2287 4994/10356/2287 4993/10396/2287 4998/10397/2287
f 4998/10395/2288 4993/10394/2288 4991/10398/2288 4995/10399/2288
f 4994/10400/2289 4992/10401/2289 4991/10371/2289 4993/10370/2289
f 4998/10402/2290 4995/10403/2290 4996/10304/2290 4997/10404/2290
f 5003/10405/2285 4999/10406/2285 5000/10407/2285 5004/10408/2285
f 5004/10399/2286 5000/10398/2286 5002/10409/2286 5005/10410/2286
f 5005/10411/2287 5002/10412/2287 5001/10413/2287 5006/10414/2287
f 5006/10410/2288 5001/10409/2288 4999/10415/2288 5003/10416/2288
f 5002/10417/2289 5000/10418/2289 4999/10419/2289 5001/10420/2289
f 5006/10418/2290 5003/10417/2290 5004/10421/2290 5005/10422/2290
f 5011/10423/2285 5007/10424/2285 5008/10425/2285 5012/10426/2285
f 5012/10416/2286 5008/10415/2286 5010/10427/2286 5013/10428/2286
f 5013/10426/2287 5010/10425/2287 5009/10429/2287 5014/10430/2287
f 5014/10428/2288 5009/10427/2288 5007/10431/2288 5011/10432/2288
f 5010/10433/2289 5008/10434/2289 5007/10435/2289 5009/10436/2289
f 5014/10437/2290 5011/10438/2290 5012/10439/2290 5013/10440/2290
f 5019/10441/2285 5015/10442/2285 5016/10443/2285 5020/10444/2285
f 5020/10432/2286 5016/10431/2286 5018/10445/2286 5021/10446/2286
f 5021/10447/2287 5018/10448/2287 5017/10449/2287 5022/10450/2287
f 5022/10446/2288 5017/10445/2288 5015/10451/2288 5019/10452/2288
f 5018/10453/2289 5016/10454/2289 5015/10455/2289 5017/10456/2289
f 5022/10457/2290 5019/10458/2290 5020/10459/2290 5021/10460/2290
f 5027/10450/2285 5023/10449/2285 5024/10461/2285 5028/10462/2285
f 5028/10452/2286 5024/10451/2286 5026/10463/2286 5029/10464/2286
f 5029/10465/2287 5026/10466/2287 5025/10467/2287 5030/10468/2287
f 5030/10464/2288 5025/10463/2288 5023/10469/2288 5027/10470/2288
f 5026/10471/2289 5024/10472/2289 5023/10473/2289 5025/10474/2289
f 5030/10475/2290 5027/10476/2290 5028/10477/2290 5029/10478/2290
f 5035/10479/2285 5031/10480/2285 5032/10481/2285 5036/10482/2285
f 5036/10470/2286 5032/10469/2286 5034/10483/2286 5037/10484/2286
f 5037/10485/2287 5034/10486/2287 5033/10487/2287 5038/10488/2287
f 5038/10484/2288 5033/10483/2288 5031/10489/2288 5035/10490/2288
f 5034/10491/2289 5032/10492/2289 5031/10493/2289 5033/10494/2289
f 5038/10495/2290 5035/10496/2290 5036/10497/2290 5037/10498/2290
f 5043/10488/2285 5039/10487/2285 5040/10499/2285 5044/10500/2285
f 5044/10490/2286 5040/10489/2286 5042/10501/2286 5045/10502/2286
f 5045/10503/2287 5042/10504/2287 5041/10505/2287 5046/10506/2287
f 5046/10502/2288 5041/10501/2288 5039/10507/2288 5043/10508/2288
f 5042/10509/2289 5040/10510/2289 5039/10492/2289 5041/10491/2289
f 5046/10511/2290 5043/10512/2290 5044/10513/2290 5045/10514/2290
f 5051/10515/2285 5047/10516/2285 5048/10517/2285 5052/10518/2285
f 5052/10508/2286 5048/10507/2286 5050/10519/2286 5053/10520/2286
f 5053/10518/2287 5050/10517/2287 5049/10521/2287 5054/10522/2287
f 5054/10520/2288 5049/10519/2288 5047/10523/2288 5051/10524/2288
f 5050/10512/2289 5048/10511/2289 5047/10498/2289 5049/10497/2289
f 5054/10514/2290 5051/10513/2290 5052/10525/2290 5053/10526/2290
f 5059/10506/2285 5055/10505/2285 5056/10527/2285 5060/10528/2285
f 5060/10524/2286 5056/10523/2286 5058/10529/2286 5061/10530/2286
f 5061/10531/2287 5058/10532/2287 5057/10533/2287 5062/10534/2287
f 5062/10530/2288 5057/10529/2288 5055/10535/2288 5059/10536/2288
f 5058/10537/2289 5056/10538/2289 5055/10539/2289 5057/10540/2289
f 5062/10541/2290 5059/10542/2290 5060/10543/2290 5061/10544/2290
f 5067/10545/2285 5063/10546/2285 5064/10547/2285 5068/10548/2285
f 5068/10536/2286 5064/10535/2286 5066/10549/2286 5069/10550/2286
f 5069/10551/2287 5066/10552/2287 5065/10553/2287 5070/10554/2287
f 5070/10550/2288 5065/10549/2288 5063/10555/2288 5067/10556/2288
f 5066/10557/2289 5064/10558/2289 5063/10559/2289 5065/10560/2289
f 5070/10561/2290 5067/10562/2290 5068/10563/2290 5069/10564/2290
f 5075/10565/2285 5071/10566/2285 5072/10567/2285 5076/10568/2285
f 5076/10556/2286 5072/10555/2286 5074/10569/2286 5077/10570/2286
f 5077/10548/2287 5074/10547/2287 5073/10571/2287 5078/10572/2287
f 5078/10570/2288 5073/10569/2288 5071/10573/2288 5075/10574/2288
f 5074/10462/2289 5072/10575/2289 5071/10576/2289 5073/10450/2289
f 5078/10577/2290 5075/10488/2290 5076/10500/2290 5077/10578/2290
f 5083/10579/2285 5079/10580/2285 5080/10581/2285 5084/10582/2285
f 5084/10574/2286 5080/10573/2286 5082/10583/2286 5085/10584/2286
f 5085/10585/2287 5082/10586/2287 5081/10587/2287 5086/10588/2287
f 5086/10584/2288 5081/10583/2288 5079/10589/2288 5083/10590/2288
f 5082/10591/2289 5080/10592/2289 5079/10578/2289 5081/10500/2289
f 5086/10593/2290 5083/10506/2290 5084/10528/2290 5085/10594/2290
f 5091/10595/2285 5087/10596/2285 5088/10597/2285 5092/10598/2285
f 5092/10590/2286 5088/10589/2286 5090/10599/2286 5093/10600/2286
f 5093/10601/2287 5090/10602/2287 5089/10603/2287 5094/10604/2287
f 5094/10600/2288 5089/10599/2288 5087/10605/2288 5091/10606/2288
f 5090/10607/2289 5088/10608/2289 5087/10594/2289 5089/10528/2289
f 5094/10609/2290 5091/10534/2290 5092/10610/2290 5093/10611/2290
f 5099/10612/2285 5095/10613/2285 5096/10614/2285 5100/10615/2285
f 5100/10606/2286 5096/10605/2286 5098/10616/2286 5101/10617/2286
f 5101/10582/2287 5098/10581/2287 5097/10618/2287 5102/10619/2287
f 5102/10617/2288 5097/10616/2288 5095/10620/2288 5099/10621/2288
f 5098/10622/2289 5096/10623/2289 5095/10611/2289 5097/10610/2289
f 5102/10623/2290 5099/10622/2290 5100/10624/2290 5101/10625/2290
f 5107/10615/2285 5103/10614/2285 5104/10626/2285 5108/10627/2285
f 5108/10621/2286 5104/10620/2286 5106/10628/2286 5109/10629/2286
f 5109/10619/2287 5106/10618/2287 5105/10630/2287 5110/10631/2287
f 5110/10629/2288 5105/10628/2288 5103/10632/2288 5107/10633/2288
f 5106/10634/2289 5104/10635/2289 5103/10625/2289 5105/10624/2289
f 5110/10635/2290 5107/10634/2290 5108/10636/2290 5109/10637/2290
f 5115/10627/2285 5111/10626/2285 5112/10638/2285 5116/10639/2285
f 5116/10633/2286 5112/10632/2286 5114/10640/2286 5117/10641/2286
f 5117/10631/2287 5114/10630/2287 5113/10642/2287 5118/10643/2287
f 5118/10641/2288 5113/10640/2288 5111/10644/2288 5115/10645/2288
f 5114/10646/2289 5112/10647/2289 5111/10637/2289 5113/10636/2289
f 5118/10648/2290 5115/10572/2290 5116/10649/2290 5117/10650/2290
f 5123/10639/2285 5119/10638/2285 5120/10651/2285 5124/10652/2285
f 5124/10645/2286 5120/10644/2286 5122/10653/2286 5125/10654/2286
f 5125/10643/2287 5122/10642/2287 5121/10655/2287 5126/10656/2287
f 5126/10654/2288 5121/10653/2288 5119/10657/2288 5123/10658/2288
f 5122/10659/2289 5120/10660/2289 5119/10661/2289 5121/10585/2289
f 5126/10662/2290 5123/10598/2290 5124/10663/2290 5125/10664/2290
f 5131/10652/2285 5127/10651/2285 5128/10665/2285 5132/10666/2285
f 5132/10658/2286 5128/10657/2286 5130/10667/2286 5133/10668/2286
f 5133/10656/2287 5130/10655/2287 5129/10669/2287 5134/10670/2287
f 5134/10668/2288 5129/10667/2288 5127/10671/2288 5131/10672/2288
f 5130/10673/2289 5128/10674/2289 5127/10675/2289 5129/10676/2289
f 5134/10677/2290 5131/10678/2290 5132/10679/2290 5133/10680/2290
f 5139/10666/2285 5135/10665/2285 5136/10681/2285 5140/10682/2285
f 5140/10672/2286 5136/10671/2286 5138/10613/2286 5141/10612/2286
f 5141/10670/2287 5138/10669/2287 5137/10683/2287 5142/10684/2287
f 5142/10685/2288 5137/10686/2288 5135/10687/2288 5139/10688/2288
f 5138/10689/2289 5136/10690/2289 5135/10691/2289 5137/10692/2289
f 5142/10693/2290 5139/10694/2290 5140/10695/2290 5141/10696/2290
f 5147/10682/2285 5143/10681/2285 5144/10697/2285 5148/10698/2285
f 5148/10699/2286 5144/10700/2286 5146/10686/2286 5149/10685/2286
f 5149/10684/2287 5146/10683/2287 5145/10701/2287 5150/10702/2287
f 5150/10703/2288 5145/10704/2288 5143/10705/2288 5147/10706/2288
f 5146/10707/2289 5144/10708/2289 5143/10674/2289 5145/10673/2289
f 5150/10709/2290 5147/10386/2290 5148/10385/2290 5149/10710/2290
f 5155/10698/2285 5151/10697/2285 5152/10711/2285 5156/10712/2285
f 5156/10706/2286 5152/10705/2286 5154/10713/2286 5157/10714/2286
f 5157/10702/2287 5154/10701/2287 5153/10715/2287 5158/10716/2287
f 5158/10717/2288 5153/10718/2288 5151/10704/2288 5155/10703/2288
f 5154/10719/2289 5152/10720/2289 5151/10721/2289 5153/10722/2289
f 5158/10720/2290 5155/10719/2290 5156/10723/2290 5157/10724/2290
f 5163/10712/2285 5159/10711/2285 5160/10725/2285 5164/10726/2285
f 5164/10688/2286 5160/10687/2286 5162/10718/2286 5165/10717/2286
f 5165/10716/2287 5162/10715/2287 5161/10727/2287 5166/10728/2287
f 5166/10729/2288 5161/10730/2288 5159/10731/2288 5163/10732/2288
f 5162/10696/2289 5160/10733/2289 5159/10734/2289 5161/10693/2289
f 5166/10733/2290 5163/10696/2290 5164/10735/2290 5165/10736/2290
f 5171/10726/2285 5167/10725/2285 5168/10737/2285 5172/10738/2285
f 5172/10714/2286 5168/10713/2286 5170/10739/2286 5173/10740/2286
f 5173/10728/2287 5170/10727/2287 5169/10741/2287 5174/10742/2287
f 5174/10740/2288 5169/10739/2288 5167/10730/2288 5171/10729/2288
f 5170/10743/2289 5168/10744/2289 5167/10745/2289 5169/10291/2289
f 5174/10746/2290 5171/10312/2290 5172/10311/2290 5173/10747/2290
f 5179/10738/2285 5175/10737/2285 5176/10748/2285 5180/10749/2285
f 5180/10732/2286 5176/10731/2286 5178/10750/2286 5181/10751/2286
f 5181/10742/2287 5178/10741/2287 5177/10752/2287 5182/10753/2287
f 5182/10751/2288 5177/10750/2288 5175/10279/2288 5179/10278/2288
f 5178/10314/2289 5176/10754/2289 5175/10755/2289 5177/10330/2289
f 5182/10754/2290 5179/10314/2290 5180/10317/2290 5181/10756/2290
o Cube.009
v 8.953371 2.437145 10.626459
v 8.953371 2.557145 10.626459
v 8.953371 2.437145 -6.330339
v 8.953371 2.557145 -6.330339
v 9.073370 2.437145 10.626459
v 9.073370 2.557145 10.626459
v 9.073370 2.437145 -6.330339
v 9.073370 2.557145 -6.330339
vn -1.0000 -0.0000 -0.0000
vn -0.0000 -0.0000 -1.0000
vn 1.0000 -0.0000 -0.0000
vn -0.0000 -0.0000 1.0000
vn -0.0000 -1.0000 -0.0000
vn -0.0000 1.0000 -0.0000
vt 0.007077 1.000000
vt 0.000000 1.000000
vt 0.000000 0.000000
vt 0.007077 0.000000
vt 0.035384 0.007077
vt 0.028307 0.007077
vt 0.028307 -0.000000
vt 0.035384 0.000000
vt 0.014154 1.000000
vt 0.007077 1.000000
vt 0.007077 0.000000
vt 0.014154 0.000000
vt 0.035384 0.014154
vt 0.028307 0.014154
vt 0.028307 0.007077
vt 0.035384 0.007077
vt 0.021231 1.000000
vt 0.014154 1.000000
vt 0.014154 0.000000
vt 0.021231 0.000000
vt 0.028307 1.000000
vt 0.028307 0.000000
s 0
usemtl Yellow_Mustard
f 5183/10757/2291 5184/10758/2291 5186/10759/2291 5185/10760/2291
f 5185/10761/2292 5186/10762/2292 5190/10763/2292 5189/10764/2292
f 5189/10765/2293 5190/10766/2293 5188/10767/2293 5187/10768/2293
f 5187/10769/2294 5188/10770/2294 5184/10771/2294 5183/10772/2294
f 5185/10773/2295 5189/10774/2295 5187/10775/2295 5183/10776/2295
f 5190/10777/2296 5186/10773/2296 5184/10776/2296 5188/10778/2296
o Cube.012
v -0.506751 0.003383 13.777834
v -0.506751 0.158383 13.777834
v -0.506751 0.003383 10.285730
v -0.506751 0.158383 10.285730
v 4.321658 0.003383 13.777834
v 4.321658 0.158383 13.777834
v 4.321658 0.003383 10.285730
v 4.321658 0.158383 10.285730
v -0.506751 0.003383 15.179985
v -0.506751 0.158383 15.179985
v 4.321658 0.158383 15.179985
v 4.321658 0.003383 15.179985
v -5.304899 0.003383 13.777834
v -5.304899 0.158383 13.777834
v -5.304899 0.003383 15.179985
v -5.304899 0.158383 15.179985
vn -1.0000 -0.0000 -0.0000
vn -0.0000 -0.0000 -1.0000
vn 1.0000 -0.0000 -0.0000
vn -0.0000 1.0000 -0.0000
vn -0.0000 -1.0000 -0.0000
vn -0.0000 -0.0000 1.0000
vt 0.970217 0.335505
vt 0.955325 0.335505
vt 0.955325 0.000000
vt 0.970217 0.000000
vt 0.985108 0.463890
vt 0.970217 0.463890
vt 0.970217 -0.000000
vt 0.985108 -0.000000
vt 0.970217 0.940433
vt 0.955325 0.940433
vt 0.955325 0.604928
vt 0.970217 0.604928
vt 0.134712 0.000000
vt 0.134712 0.463891
vt 0.000000 0.463890
vt 0.000000 0.000000
vt 0.940433 0.460983
vt 0.940433 0.924874
vt 0.604929 0.924874
vt 0.604929 0.460983
vt 0.470217 0.000000
vt 0.470217 0.463891
vt 0.955325 0.924874
vt 0.940433 0.460983
vt 0.955325 0.460983
vt 0.955325 0.470217
vt 0.970217 0.470217
vt 0.985108 0.924874
vt 0.970217 0.924874
vt 0.470217 0.924874
vt 0.470217 0.460983
vt 0.985108 -0.000000
vt 1.000000 0.000000
vt 1.000000 0.134712
vt 0.985108 0.134712
vt 0.940433 -0.000000
vt 0.955325 -0.000000
vt 0.470217 -0.000000
vt 0.604929 -0.000000
vt 0.134712 0.924874
vt -0.000000 0.924874
vt 0.970217 0.470217
vt 0.955325 0.470217
s 0
usemtl Concrete
f 5191/10779/2297 5192/10780/2297 5194/10781/2297 5193/10782/2297
f 5193/10783/2298 5194/10784/2298 5198/10785/2298 5197/10786/2298
f 5197/10787/2299 5198/10788/2299 5196/10789/2299 5195/10790/2299
f 5196/10791/2300 5192/10792/2300 5200/10793/2300 5201/10794/2300
f 5193/10795/2301 5197/10796/2301 5195/10797/2301 5191/10798/2301
f 5198/10799/2300 5194/10800/2300 5192/10792/2300 5196/10791/2300
f 5202/10801/2302 5201/10796/2302 5200/10802/2302 5199/10803/2302
f 5195/10790/2299 5196/10789/2299 5201/10804/2299 5202/10805/2299
f 5192/10784/2298 5191/10783/2298 5203/10806/2298 5204/10807/2298
f 5191/10798/2301 5195/10797/2301 5202/10808/2301 5199/10809/2301
f 5204/10810/2297 5203/10811/2297 5205/10812/2297 5206/10813/2297
f 5199/10803/2302 5200/10802/2302 5206/10814/2302 5205/10815/2302
f 5191/10798/2301 5199/10809/2301 5205/10816/2301 5203/10817/2301
f 5200/10793/2300 5192/10792/2300 5204/10818/2300 5206/10819/2300
f 5194/10781/2297 5193/10782/2297 5191/10779/2297 5199/10820/2297 5200/10821/2297 5192/10780/2297
o Cylinder.017
v -1.954706 1.004993 10.102809
v -1.964081 1.004993 10.277299
v -1.724529 1.004993 10.125480
v -1.768431 1.004993 10.296569
v -1.503197 1.004993 10.192620
v -1.580299 1.004993 10.353639
v -1.406916 1.004993 10.446314
v -1.299217 1.004993 10.301650
v -1.254944 1.004993 10.571033
v -1.120427 1.004993 10.448380
v -1.130224 1.004993 10.723005
v -0.973697 1.004993 10.627170
v -1.037549 1.004993 10.896388
v -0.864668 1.004993 10.831150
v -0.980480 1.004993 11.084520
v -0.797527 1.004993 11.052482
v -0.961210 1.004993 11.280170
v -0.774857 1.004993 11.282659
v -2.149796 0.004993 10.304946
v -2.129908 0.004993 10.449116
v -2.337389 0.004993 10.361852
v -2.289362 0.004993 10.497485
v -2.510276 0.004993 10.454262
v -2.436316 0.004993 10.576034
v -2.565122 0.004993 10.681742
v -2.661813 0.004993 10.578625
v -2.670830 0.004993 10.810548
v -2.786175 0.004993 10.730161
v -2.749379 0.004993 10.957502
v -2.878585 0.004993 10.903048
v -2.797749 0.004993 11.116957
v -2.935491 0.004993 11.090641
v -2.954706 0.004993 11.285731
v -2.814081 0.004993 11.282783
v -1.114081 0.004993 11.282783
v -0.954706 0.004993 11.285731
v -1.130414 0.004993 11.116957
v -0.973921 0.004993 11.090641
v -1.178784 0.004993 10.957502
v -1.030826 0.004993 10.903048
v -1.123236 0.004993 10.730161
v -1.257332 0.004993 10.810548
v -1.247599 0.004993 10.578625
v -1.363040 0.004993 10.681742
v -1.399136 0.004993 10.454262
v -1.491847 0.004993 10.576034
v -1.572022 0.004993 10.361852
v -1.638800 0.004993 10.497485
v -1.759615 0.004993 10.304946
v -1.798254 0.004993 10.449116
v -1.954706 0.004993 10.285731
v -1.964081 0.004993 10.432783
v -2.966953 1.004993 11.280170
v -3.134555 1.004993 11.282659
v -3.111884 1.004993 11.052482
v -2.947683 1.004993 11.084520
v -3.044744 1.004993 10.831150
v -2.890614 1.004993 10.896388
v -2.935714 1.004993 10.627170
v -2.797939 1.004993 10.723005
v -2.673219 1.004993 10.571033
v -2.788985 1.004993 10.448380
v -2.521247 1.004993 10.446314
v -2.610195 1.004993 10.301650
v -2.347864 1.004993 10.353639
v -2.406214 1.004993 10.192620
v -2.184883 1.004993 10.125480
v -2.159732 1.004993 10.296569
v -1.964081 0.919595 10.290577
v -1.954706 0.919595 10.118430
v -2.181887 0.919595 10.140806
v -2.157185 0.919595 10.309596
v -2.400337 0.919595 10.207072
v -2.342868 0.919595 10.365923
v -2.601662 0.919595 10.314683
v -2.513994 0.919595 10.457392
v -2.778125 0.919595 10.459502
v -2.663988 0.919595 10.580487
v -2.787084 0.919595 10.730481
v -2.922944 0.919595 10.635964
v -2.878553 0.919595 10.901608
v -3.030555 0.919595 10.837290
v -2.934879 0.919595 11.087290
v -3.096821 0.919595 11.055740
v -3.119196 0.919595 11.282921
v -2.953898 0.919595 11.280394
v -0.790215 0.919595 11.282921
v -0.974264 0.919595 11.280394
v -0.993283 0.919595 11.087290
v -0.812591 0.919595 11.055740
v -0.878857 0.919595 10.837290
v -1.049610 0.919595 10.901608
v -0.986468 0.919595 10.635964
v -1.141079 0.919595 10.730481
v -1.131287 0.919595 10.459502
v -1.264175 0.919595 10.580487
v -1.307750 0.919595 10.314683
v -1.414169 0.919595 10.457392
v -1.509075 0.919595 10.207072
v -1.585295 0.919595 10.365923
v -1.770978 0.919595 10.309596
v -1.727525 0.919595 10.140806
v -1.697587 1.003498 9.990006
v -1.954706 1.003490 9.964684
v -1.954706 0.918092 9.980306
v -1.450346 1.003521 10.065001
v -1.222484 1.003559 10.186785
v -1.022755 1.003610 10.350682
v -0.858835 1.003672 10.550395
v -0.737023 1.003743 10.778253
v -0.662003 1.003821 11.025498
v -0.637310 1.003977 11.269112
v -3.247409 1.003821 11.025498
v -3.272102 1.003977 11.269112
v -3.172388 1.003743 10.778253
v -3.050577 1.003672 10.550395
v -2.886657 1.003610 10.350682
v -2.686928 1.003559 10.186785
v -2.459066 1.003521 10.065001
v -2.211825 1.003498 9.990006
v -2.208839 0.918100 10.005335
v -2.453207 0.918124 10.079460
v -2.678419 0.918162 10.199834
v -2.875823 0.918213 10.361831
v -3.037830 0.918275 10.559226
v -3.158217 0.918346 10.784436
v -3.232356 0.918423 11.028807
v -3.256743 0.918579 11.269374
v -0.652668 0.918579 11.269374
v -0.677056 0.918423 11.028807
v -0.751195 0.918346 10.784436
v -0.871581 0.918275 10.559226
v -1.033589 0.918213 10.361831
v -1.230992 0.918162 10.199834
v -1.456205 0.918124 10.079460
v -1.700573 0.918100 10.005335
v -2.965624 1.004993 11.282659
v -0.962539 1.004993 11.282659
v -0.975590 0.919595 11.282921
v -2.952573 0.919595 11.282921
v -2.812797 0.004993 11.285731
v -1.115365 0.004993 11.285731
v -2.965379 1.004993 11.280170
v -0.962784 1.004993 11.280170
v -0.975839 0.919595 11.280394
v -2.952324 0.919595 11.280394
v -2.812507 0.004993 11.282783
v -1.115656 0.004993 11.282783
vn -0.0030 1.0000 -0.0046
vn -0.0021 1.0000 -0.0052
vn -0.0040 0.9999 -0.0098
vn -0.0057 0.9999 -0.0087
vn 0.0545 -0.0067 0.9985
vn 0.0302 -0.0024 0.9995
vn 0.0979 -0.0146 0.9951
vn 0.0078 -1.0000 0.0054
vn 0.0083 -1.0000 0.0036
vn 0.0042 1.0000 -0.0029
vn 0.0044 1.0000 -0.0019
vn 0.0083 1.0000 -0.0036
vn 0.0078 1.0000 -0.0054
vn -0.0037 1.0000 -0.0038
vn -0.0070 1.0000 -0.0072
vn -0.0302 -0.0024 0.9995
vn -0.0545 -0.0067 0.9985
vn -0.0979 -0.0146 0.9951
vn 0.0037 1.0000 -0.0038
vn 0.0070 1.0000 -0.0072
vn 0.0070 -1.0000 0.0072
vn -0.0000 -1.0000 -0.0000
vn -0.0000 0.0031 1.0000
vn -0.0042 1.0000 -0.0029
vn -0.0078 1.0000 -0.0054
vn 0.0030 1.0000 -0.0046
vn 0.0057 0.9999 -0.0087
vn 0.0057 -0.9999 0.0087
vn -0.0044 1.0000 -0.0019
vn -0.0083 1.0000 -0.0036
vn -0.0021 -0.9999 0.0106
vn -0.0000 -0.9999 0.0109
vn 0.0021 1.0000 -0.0052
vn 0.0040 0.9999 -0.0098
vn 0.0040 -0.9999 0.0098
vn -0.0043 1.0000 -0.0010
vn -0.0081 1.0000 -0.0019
vn -0.0000 1.0000 -0.0000
vn -0.0041 1.0000 -0.0006
vn 0.0011 1.0000 -0.0056
vn -0.0000 1.0000 -0.0058
vn -0.0011 1.0000 -0.0056
vn 0.0041 1.0000 -0.0006
vn 0.0043 1.0000 -0.0010
vn -0.1919 -0.1799 -0.9648
vn -0.0000 -0.1799 -0.9837
vn -0.3765 -0.1797 -0.9088
vn -0.3764 -0.1797 -0.9089
vn -0.5466 -0.1794 -0.8179
vn -0.5465 -0.1794 -0.8180
vn -0.6958 -0.1791 -0.6956
vn -0.6956 -0.1791 -0.6958
vn -0.8182 -0.1786 -0.5465
vn -0.8180 -0.1786 -0.5468
vn -0.9092 -0.1781 -0.3764
vn -0.9090 -0.1781 -0.3767
vn -0.9652 -0.1776 -0.1918
vn -0.9652 -0.1776 -0.1922
vn -0.9796 -0.1765 -0.0965
vn 0.9652 -0.1776 -0.1918
vn 0.9652 -0.1776 -0.1922
vn 0.9796 -0.1765 -0.0965
vn 0.9092 -0.1781 -0.3764
vn 0.9090 -0.1781 -0.3767
vn 0.8182 -0.1786 -0.5465
vn 0.8180 -0.1786 -0.5468
vn 0.6958 -0.1791 -0.6956
vn 0.6956 -0.1791 -0.6958
vn 0.5466 -0.1794 -0.8179
vn 0.5465 -0.1794 -0.8180
vn 0.3765 -0.1797 -0.9088
vn 0.3764 -0.1797 -0.9089
vn 0.1919 -0.1799 -0.9648
vn 0.9649 -0.1775 -0.1935
vn 0.9650 -0.1775 -0.1931
vn 0.9793 -0.1765 -0.0992
vn -0.9793 -0.1765 -0.0992
vn -0.9649 -0.1775 -0.1935
vn -0.9650 -0.1775 -0.1931
vn 0.0081 -1.0000 0.0019
vn 0.0081 1.0000 -0.0019
vn -0.0021 0.9999 -0.0106
vn 0.0078 -1.0000 0.0011
vn 0.0078 1.0000 -0.0011
vn -0.0000 0.9999 -0.0109
vn -0.0078 -1.0000 0.0011
vn -0.0081 -1.0000 0.0019
vn -0.0083 -1.0000 0.0036
vn -0.0078 -1.0000 0.0054
vn -0.0070 -1.0000 0.0072
vn 0.0021 0.9999 -0.0106
vn -0.0057 -0.9999 0.0087
vn 0.0021 -0.9999 0.0106
vn -0.0040 -0.9999 0.0098
vn -0.0078 1.0000 -0.0011
vn -0.0000 -0.0026 -1.0000
vn 0.1928 0.1536 0.9691
vn -0.0000 0.1536 0.9881
vn 0.3782 0.1534 0.9129
vn 0.5490 0.1532 0.8217
vn 0.5491 0.1532 0.8216
vn 0.6988 0.1529 0.6988
vn 0.6989 0.1529 0.6987
vn 0.8217 0.1525 0.5491
vn 0.8218 0.1525 0.5490
vn 0.9131 0.1521 0.3782
vn 0.9132 0.1521 0.3781
vn 0.9694 0.1516 0.1928
vn 0.9695 0.1516 0.1927
vn 0.9838 0.1507 0.0969
vn -0.9838 0.1507 0.0969
vn -0.9694 0.1516 0.1928
vn -0.9695 0.1516 0.1927
vn -0.9131 0.1521 0.3782
vn -0.9132 0.1521 0.3781
vn -0.8217 0.1525 0.5491
vn -0.8218 0.1525 0.5490
vn -0.6988 0.1529 0.6988
vn -0.6989 0.1529 0.6987
vn -0.5490 0.1532 0.8217
vn -0.5491 0.1532 0.8216
vn -0.3782 0.1534 0.9129
vn -0.1928 0.1536 0.9691
vn 0.9694 0.1516 0.1930
vn 0.9131 0.1521 0.3784
vn 0.8217 0.1525 0.5492
vn 0.6987 0.1529 0.6989
vn 0.5489 0.1532 0.8217
vn 0.3781 0.1534 0.9130
vn 0.1927 0.1536 0.9692
vn -0.1927 0.1536 0.9692
vn -0.3781 0.1534 0.9130
vn -0.5489 0.1532 0.8217
vn -0.6987 0.1529 0.6989
vn -0.8217 0.1525 0.5492
vn -0.9131 0.1521 0.3784
vn -0.9694 0.1516 0.1930
vn 0.9838 0.1507 0.0970
vn -0.9838 0.1506 0.0969
vt 0.075419 0.148145
vt 0.051016 0.193799
vt 0.022452 0.181970
vt 0.049709 0.130971
vt 0.194834 0.594472
vt 0.195344 0.613787
vt 0.164930 0.609021
vt 0.164419 0.589706
vt 0.439776 0.074709
vt 0.394717 0.050624
vt 0.406548 0.022052
vt 0.456952 0.048996
vt 0.148274 0.514417
vt 0.193927 0.538820
vt 0.182086 0.567389
vt 0.131089 0.540125
vt 0.108258 0.108129
vt 0.086391 0.086268
vt 0.847194 0.234817
vt 0.847704 0.215502
vt 0.878118 0.210736
vt 0.877608 0.230051
vt 0.108258 0.481577
vt 0.086391 0.503438
vt 0.479270 0.107122
vt 0.501132 0.085256
vt 0.744780 0.065554
vt 0.721701 0.087195
vt 0.692873 0.063536
vt 0.659983 0.045955
vt 0.624295 0.035129
vt 0.587182 0.031474
vt 0.586522 -0.000000
vt 0.630185 0.004301
vt 0.672171 0.017037
vt 0.710865 0.037720
vt 0.586522 0.031761
vt 0.587182 0.031826
vt 0.587182 0.411607
vt 0.587182 0.411959
vt 0.624295 0.408304
vt 0.659983 0.397478
vt 0.692873 0.379898
vt 0.721701 0.356238
vt 0.745360 0.327410
vt 0.762940 0.294519
vt 0.773766 0.258831
vt 0.777421 0.221717
vt 0.773766 0.184602
vt 0.762940 0.148914
vt 0.745360 0.116023
vt 0.772614 0.099470
vt 0.793296 0.138165
vt 0.806033 0.180151
vt 0.810333 0.223815
vt 0.806033 0.267479
vt 0.793296 0.309465
vt 0.772614 0.348160
vt 0.744780 0.382076
vt 0.710865 0.409910
vt 0.672171 0.430593
vt 0.630185 0.443329
vt 0.586522 0.447630
vt 0.586522 0.411672
vt 0.810333 0.221243
vt 0.810333 0.240480
vt 0.236352 0.600850
vt 0.236352 0.620087
vt 0.148274 0.075289
vt 0.131089 0.049581
vt 0.075419 0.441561
vt 0.049709 0.458735
vt 0.511682 0.146617
vt 0.537389 0.129438
vt 0.193927 0.050886
vt 0.182086 0.022317
vt 0.550598 0.342262
vt 0.555606 0.291416
vt 0.586522 0.291416
vt 0.580920 0.348294
vt 0.051016 0.395907
vt 0.022452 0.407736
vt 0.535767 0.191677
vt 0.564330 0.179844
vt 0.243463 0.035859
vt 0.237423 0.005527
vt 0.294423 0.068649
vt 0.294423 0.068297
vt 0.294980 0.030785
vt 0.294980 0.068594
vt 0.035990 0.346370
vt 0.030916 0.294853
vt 0.035990 0.243336
vt 0.135710 0.134039
vt 0.107796 0.168053
vt 0.087054 0.206858
vt 0.074281 0.248965
vt 0.069969 0.292755
vt 0.074281 0.336544
vt 0.087054 0.378651
vt 0.107796 0.417457
vt 0.135710 0.451470
vt 0.169723 0.479384
vt 0.208528 0.500126
vt 0.250634 0.512899
vt 0.294423 0.517212
vt 0.294423 0.516860
vt 0.294980 0.516915
vt 0.294980 0.558921
vt 0.243463 0.553847
vt 0.250634 0.072610
vt 0.208528 0.085383
vt 0.169723 0.106125
vt 0.595157 0.588259
vt 0.802994 0.581077
vt 0.803700 0.631923
vt 0.595764 0.631923
vt 0.593362 0.546273
vt 0.800903 0.532184
vt 0.590446 0.507578
vt 0.797507 0.487125
vt 0.586522 0.473662
vt 0.792938 0.447630
vt 0.930301 0.206056
vt 0.950034 0.002332
vt 0.986114 -0.000000
vt 0.961284 0.204054
vt 0.893854 0.207883
vt 0.907593 0.004459
vt 0.853346 0.209463
vt 0.860422 0.006299
vt 0.810333 0.210736
vt 0.810333 0.007782
vt 0.841726 0.441681
vt 0.810333 0.446503
vt 0.200811 0.820651
vt 0.236352 0.826111
vt 0.936467 0.882906
vt 0.929392 0.679742
vt 0.979481 0.681225
vt 0.979481 0.884179
vt 0.895959 0.881326
vt 0.882221 0.677902
vt 0.859513 0.879499
vt 0.839779 0.675775
vt 0.828530 0.877497
vt 0.803700 0.673443
vt 0.590446 0.756268
vt 0.797507 0.776722
vt 0.792938 0.816217
vt 0.586522 0.790184
vt 0.593362 0.717574
vt 0.800903 0.731662
vt 0.595157 0.675587
vt 0.802994 0.682770
vt 0.539079 0.791416
vt 0.558494 0.791416
vt 0.557697 0.848963
vt 0.538291 0.848294
vt 0.555336 0.904299
vt 0.535957 0.902987
vt 0.551501 0.955298
vt 0.532167 0.953393
vt 0.546341 1.000000
vt 0.527067 0.997575
vt 0.559577 0.585992
vt 0.578509 0.582831
vt 0.577685 0.623741
vt 0.558763 0.626427
vt 0.577413 0.671833
vt 0.558494 0.673962
vt 0.577702 0.725262
vt 0.558780 0.726769
vt 0.578509 0.778975
vt 0.559577 0.779811
vt 0.255284 0.786685
vt 0.236353 0.785850
vt 0.237159 0.732137
vt 0.256081 0.733644
vt 0.237448 0.678708
vt 0.256367 0.680836
vt 0.237176 0.630615
vt 0.256098 0.633302
vt 0.236353 0.589706
vt 0.255285 0.592867
vt 0.527067 0.585256
vt 0.546341 0.582831
vt 0.551501 0.627533
vt 0.532167 0.629438
vt 0.555336 0.678532
vt 0.535957 0.679844
vt 0.557697 0.733868
vt 0.538291 0.734537
vt 0.345825 0.035793
vt 0.351855 0.005458
vt 0.237423 0.584179
vt 0.005667 0.237306
vt 0.294980 0.030785
vt 0.298013 0.000000
vt 0.291946 0.589706
vt 0.000000 0.294853
vt 0.294980 0.552046
vt 0.345825 0.547038
vt 0.351855 0.577373
vt 0.298013 0.582831
vt 0.394717 0.532207
vt 0.406548 0.560779
vt 0.439776 0.508122
vt 0.456952 0.533835
vt 0.479270 0.475709
vt 0.501132 0.497575
vt 0.005667 0.352400
vt 0.511682 0.436214
vt 0.537389 0.453393
vt 0.550598 0.240569
vt 0.580920 0.234537
vt 0.535767 0.391154
vt 0.564330 0.402987
vt 0.291946 -0.000000
vt 0.580531 0.582831
vt 0.580531 0.601985
vt 0.580183 0.602038
vt 0.580183 0.582885
vt 0.580183 0.602038
vt 0.579835 0.601985
vt 0.579835 0.582831
vt 0.580183 0.582885
vt 0.507300 0.784766
vt 0.300450 0.778661
vt 0.300834 0.741547
vt 0.507747 0.741547
vt 0.505975 0.826325
vt 0.299313 0.814349
vt 0.503824 0.864625
vt 0.297466 0.847240
vt 0.500929 0.898196
vt 0.294980 0.876068
vt 0.841474 0.467052
vt 0.854029 0.672949
vt 0.823006 0.673443
vt 0.805348 0.467626
vt 0.881606 0.466857
vt 0.888492 0.672783
vt 0.924203 0.467052
vt 0.925072 0.672949
vt 0.967627 0.467626
vt 0.962363 0.673443
vt 0.580531 0.807118
vt 0.580183 0.807172
vt 0.579835 0.807118
vt 0.580183 0.807172
vt 0.000492 0.609703
vt 0.043916 0.609128
vt 0.043047 0.815025
vt 0.005756 0.815519
vt 0.086513 0.608933
vt 0.079627 0.814859
vt 0.126646 0.609128
vt 0.114090 0.815025
vt 0.162771 0.609703
vt 0.145113 0.815519
vt 0.503824 0.618468
vt 0.297466 0.635853
vt 0.294980 0.607025
vt 0.500929 0.584897
vt 0.505975 0.656768
vt 0.299313 0.668744
vt 0.507300 0.698327
vt 0.300450 0.704432
vt 0.968119 0.448409
vt 0.924121 0.447827
vt 0.880963 0.447630
vt 0.840301 0.447827
vt 0.803700 0.448409
vt 0.523092 0.866248
vt 0.520159 0.900262
vt 0.525272 0.827443
vt 0.526614 0.785336
vt 0.527067 0.741547
vt 0.526614 0.697757
vt 0.525272 0.655650
vt 0.523092 0.616845
vt 0.520159 0.582831
vt 0.127818 0.589903
vt 0.164419 0.590485
vt 0.087156 0.589706
vt 0.043998 0.589903
vt -0.000000 0.590485
vt 0.578509 0.602062
vt 0.579077 0.602055
vt 0.579172 0.807937
vt 0.578509 0.807945
vt 0.579172 0.807937
vt 0.579172 0.602055
vt 0.579740 0.602061
vt 0.579835 0.807945
vt 0.579068 0.582831
vt 0.578509 0.582838
vt 0.579172 0.582831
vt 0.579731 0.582838
s 1
usemtl Material.013
f 5270/10822/2303 5272/10823/2304 5325/10824/2305 5324/10825/2306
f 5224/10826/2307 5293/10827/2308 5335/10828/2309 5318/10829/2309
f 5286/10830/2310 5288/10831/2311 5332/10832/2311 5331/10833/2310
f 5218/10834/2312 5220/10835/2313 5316/10836/2314 5315/10837/2315
f 5268/10838/2316 5270/10822/2303 5324/10825/2306 5323/10839/2317
f 5291/10840/2318 5260/10841/2319 5320/10842/2320 5334/10843/2320
f 5216/10844/2321 5218/10834/2312 5315/10837/2315 5314/10845/2322
f 5283/10846/2323 5286/10830/2310 5331/10833/2310 5330/10847/2323
f 5232/10848/2324 5231/10849/2324 5233/10850/2324 5235/10851/2324 5237/10852/2324 5240/10853/2324 5239/10854/2324 5238/10855/2324 5236/10856/2324 5234/10857/2324
f 5347/10858/2324 5239/10854/2324 5240/10853/2324 5353/10859/2324
f 5354/10860/2324 5241/10861/2324 5243/10862/2324 5245/10863/2324 5248/10864/2324 5250/10865/2324 5252/10866/2324 5254/10867/2324 5256/10868/2324 5258/10869/2324 5226/10870/2324 5228/10871/2324 5230/10872/2324 5231/10849/2324 5232/10848/2324 5229/10873/2324 5227/10874/2324 5225/10875/2324 5257/10876/2324 5255/10877/2324 5253/10878/2324 5251/10879/2324 5249/10880/2324 5247/10881/2324 5246/10882/2324 5244/10883/2324 5242/10884/2324 5348/10885/2324
f 5343/10886/2325 5260/10841/2319 5291/10840/2318 5346/10887/2325
f 5293/10827/2308 5224/10826/2307 5344/10888/2325 5345/10889/2325
f 5265/10890/2326 5268/10838/2316 5323/10839/2317 5322/10891/2327
f 5214/10892/2328 5216/10844/2321 5314/10845/2322 5313/10893/2329
f 5281/10894/2330 5283/10846/2323 5330/10847/2323 5329/10895/2330
f 5263/10896/2331 5265/10890/2326 5322/10891/2327 5321/10897/2332
f 5308/10898/2333 5276/10899/2334 5311/10900/2334 5342/10901/2333
f 5211/10902/2335 5214/10892/2328 5313/10893/2329 5312/10903/2336
f 5279/10904/2337 5281/10894/2330 5329/10895/2330 5328/10905/2337
f 5261/10906/2338 5263/10896/2331 5321/10897/2332 5319/10907/2339
f 5349/10908/2340 5259/10909/2340 5260/10910/2341 5343/10911/2340
f 5214/10892/2328 5211/10902/2335 5209/10912/2342 5207/10913/2343 5273/10914/2344 5272/10823/2304 5270/10822/2303 5268/10838/2316 5267/10915/2340 5269/10916/2340 5271/10917/2340 5274/10918/2340 5208/10919/2340 5210/10920/2340 5212/10921/2340 5213/10922/2340 5215/10923/2340 5217/10924/2340 5219/10925/2340 5221/10926/2340 5223/10927/2340 5350/10928/2340 5344/10929/2340 5224/10930/2345 5222/10931/2346 5220/10835/2313 5218/10834/2312 5216/10844/2321
f 5268/10838/2316 5265/10890/2326 5263/10896/2331 5261/10906/2338 5260/10910/2341 5259/10909/2340 5262/10932/2340 5264/10933/2340 5266/10934/2340 5267/10915/2340
f 5311/10977/2348 5310/10978/2348 5309/10979/2375 5342/10980/2375
f 5342/10980/2375 5309/10979/2375 5312/10981/2374 5341/10982/2373
f 5341/10982/2373 5312/10981/2374 5313/10983/2372 5340/10984/2371
f 5340/10984/2371 5313/10983/2372 5314/10985/2370 5339/10986/2369
f 5339/10987/2369 5314/10988/2370 5315/10989/2368 5338/10990/2367
f 5338/10990/2367 5315/10989/2368 5316/10991/2366 5337/10992/2365
f 5337/10992/2365 5316/10991/2366 5317/10993/2376 5336/10994/2377
f 5336/10994/2377 5317/10993/2376 5318/10995/2378 5335/10996/2378
f 5334/10997/2379 5320/10998/2379 5319/10999/2380 5333/11000/2381
f 5333/11000/2381 5319/10999/2380 5321/11001/2358 5332/11002/2357
f 5332/11002/2357 5321/11001/2358 5322/11003/2356 5331/11004/2355
f 5331/11004/2355 5322/11003/2356 5323/11005/2354 5330/11006/2353
f 5330/11007/2353 5323/11008/2354 5324/11009/2352 5329/11010/2351
f 5329/11010/2351 5324/11009/2352 5325/11011/2350 5328/11012/2349
f 5328/11012/2349 5325/11011/2350 5326/11013/2347 5327/11014/2347
f 5327/11014/2347 5326/11013/2347 5310/10978/2348 5311/10977/2348
f 5288/10831/2311 5290/11015/2382 5333/11016/2382 5332/10832/2311
f 5220/10835/2313 5222/10931/2346 5317/11017/2383 5316/10836/2314
f 5272/10823/2304 5273/10914/2344 5326/11018/2384 5325/10824/2305
f 5290/11015/2382 5291/11019/2385 5334/11020/2385 5333/11016/2382
f 5222/10931/2346 5224/10930/2345 5318/11021/2386 5317/11017/2383
f 5273/10914/2344 5207/10913/2343 5310/11022/2387 5326/11018/2384
f 5293/11023/2388 5296/11024/2389 5336/11025/2389 5335/11026/2388
f 5296/11024/2389 5297/11027/2390 5337/11028/2390 5336/11025/2389
f 5297/11027/2390 5299/11029/2391 5338/11030/2391 5337/11028/2390
f 5299/11029/2391 5301/11031/2392 5339/11032/2392 5338/11030/2391
f 5207/10913/2343 5209/10912/2342 5309/11033/2393 5310/11022/2387
f 5301/11031/2392 5303/11034/2394 5340/11035/2394 5339/11032/2392
f 5276/10899/2334 5277/11036/2395 5327/11037/2395 5311/10900/2334
f 5303/11034/2394 5305/11038/2396 5341/11039/2396 5340/11035/2394
f 5260/10910/2341 5261/10906/2338 5319/10907/2339 5320/11040/2397
f 5277/11036/2395 5279/10904/2337 5328/10905/2337 5327/11037/2395
f 5209/10912/2342 5211/10902/2335 5312/10903/2336 5309/11033/2393
f 5305/11038/2396 5308/10898/2333 5342/10901/2333 5341/11039/2396
f 5223/11041/2398 5294/11042/2398 5351/11043/2398 5350/11044/2398
f 5352/11045/2398 5292/11046/2398 5259/11047/2398 5349/11048/2398
f 5259/11091/2412 5292/11067/2412 5289/11065/2410 5262/11092/2426
f 5289/11065/2410 5287/11063/2408 5264/11093/2427 5262/11092/2426
f 5287/11063/2408 5285/11059/2406 5266/11094/2428 5264/11093/2427
f 5285/11059/2406 5284/11062/2404 5267/11095/2429 5266/11094/2428
f 5269/11096/2430 5267/11097/2429 5284/11057/2404 5282/11055/2402
f 5271/11098/2431 5269/11096/2430 5282/11055/2402 5280/11053/2401
f 5274/11099/2432 5271/11098/2431 5280/11053/2401 5278/11049/2399
f 5274/11099/2432 5278/11049/2399 5275/11052/2400 5208/11100/2400
f 5275/11052/2400 5307/11089/2425 5210/11101/2433 5208/11100/2400
f 5307/11089/2425 5306/11087/2424 5212/11102/2434 5210/11101/2433
f 5306/11087/2424 5304/11083/2422 5213/11103/2435 5212/11102/2434
f 5304/11083/2422 5302/11086/2420 5215/11104/2436 5213/11103/2435
f 5302/11081/2420 5300/11079/2418 5217/11105/2437 5215/11106/2436
f 5219/11107/2438 5217/11105/2437 5300/11079/2418 5298/11077/2416
f 5298/11077/2416 5295/11074/2414 5221/11108/2439 5219/11107/2438
f 5223/11109/2413 5221/11108/2439 5295/11074/2414 5294/11073/2413
f 5343/11118/2440 5346/11111/2412 5352/11110/2412 5349/11119/2440
f 5351/11116/2413 5345/11115/2413 5344/11120/2441 5350/11121/2441
usemtl Procedural_pearl_red_painted_plastic
f 5225/10935/2347 5277/10936/2347 5276/10937/2348 5257/10938/2348
f 5227/10939/2349 5279/10940/2350 5277/10936/2347 5225/10935/2347
f 5229/10941/2351 5281/10942/2352 5279/10940/2350 5227/10939/2349
f 5232/10943/2353 5283/10944/2354 5281/10942/2352 5229/10941/2351
f 5234/10945/2355 5286/10946/2356 5283/10947/2354 5232/10948/2353
f 5236/10949/2357 5288/10950/2358 5286/10946/2356 5234/10945/2355
f 5238/10951/2359 5290/10952/2360 5288/10950/2358 5236/10949/2357
f 5239/10953/2361 5291/10954/2361 5290/10952/2360 5238/10951/2359
f 5346/10887/2325 5291/10840/2318 5239/10955/2325 5347/10956/2325
f 5242/10957/2325 5293/10827/2308 5345/10889/2325 5348/10958/2325
f 5244/10959/2362 5296/10960/2363 5293/10961/2364 5242/10962/2364
f 5246/10963/2365 5297/10964/2366 5296/10960/2363 5244/10959/2362
f 5247/10965/2367 5299/10966/2368 5297/10964/2366 5246/10963/2365
f 5249/10967/2369 5301/10968/2370 5299/10966/2368 5247/10965/2367
f 5251/10969/2371 5303/10970/2372 5301/10971/2370 5249/10972/2369
f 5253/10973/2373 5305/10974/2374 5303/10970/2372 5251/10969/2371
f 5255/10975/2375 5308/10976/2375 5305/10974/2374 5253/10973/2373
f 5257/10938/2348 5276/10937/2348 5308/10976/2375 5255/10975/2375
f 5278/11049/2399 5226/11050/2399 5258/11051/2400 5275/11052/2400
f 5280/11053/2401 5228/11054/2401 5226/11050/2399 5278/11049/2399
f 5282/11055/2402 5230/11056/2403 5228/11054/2401 5280/11053/2401
f 5284/11057/2404 5231/11058/2405 5230/11056/2403 5282/11055/2402
f 5285/11059/2406 5233/11060/2407 5231/11061/2405 5284/11062/2404
f 5287/11063/2408 5235/11064/2409 5233/11060/2407 5285/11059/2406
f 5289/11065/2410 5237/11066/2411 5235/11064/2409 5287/11063/2408
f 5237/11066/2411 5289/11065/2410 5292/11067/2412 5240/11068/2412
f 5294/11042/2398 5241/11069/2398 5354/11070/2398 5351/11043/2398
f 5240/11071/2398 5292/11046/2398 5352/11045/2398 5353/11072/2398
f 5294/11073/2413 5295/11074/2414 5243/11075/2415 5241/11076/2413
f 5243/11075/2415 5295/11074/2414 5298/11077/2416 5245/11078/2417
f 5298/11077/2416 5300/11079/2418 5248/11080/2419 5245/11078/2417
f 5248/11080/2419 5300/11079/2418 5302/11081/2420 5250/11082/2421
f 5304/11083/2422 5252/11084/2423 5250/11085/2421 5302/11086/2420
f 5306/11087/2424 5254/11088/2424 5252/11084/2423 5304/11083/2422
f 5307/11089/2425 5256/11090/2425 5254/11088/2424 5306/11087/2424
f 5256/11090/2425 5307/11089/2425 5275/11052/2400 5258/11051/2400
f 5352/11110/2412 5346/11111/2412 5347/11112/2412 5353/11113/2412
f 5348/11114/2413 5345/11115/2413 5351/11116/2413 5354/11117/2413
o Cube.011
v -11.271095 0.001105 0.077871
v -11.271095 0.156105 0.077871
v -11.271095 0.001105 -0.522129
v -11.271095 0.156105 -0.522129
v -10.671095 0.001105 0.077871
v -10.671095 0.156105 0.077871
v -10.671095 0.001105 -0.522129
v -10.671095 0.156105 -0.522129
vn -1.0000 -0.0000 -0.0000
vn -0.0000 -0.0000 -1.0000
vn 1.0000 -0.0000 -0.0000
vn -0.0000 -0.0000 1.0000
vn -0.0000 -1.0000 -0.0000
vn -0.0000 1.0000 -0.0000
vt 0.461538 0.769231
vt 0.461538 -0.000000
vt 0.692307 -0.000000
vt 0.692307 0.769230
vt 0.692307 0.769231
vt 0.692307 -0.000000
vt 0.923077 -0.000000
vt 0.923077 0.769231
vt 0.230769 0.000000
vt 0.230769 0.769231
vt -0.000000 0.769231
vt -0.000000 0.000000
vt 0.230769 0.769231
vt 0.230769 -0.000000
vt 0.461538 -0.000000
vt 0.461538 0.769231
vt 0.230769 1.000000
vt 0.230769 0.769231
vt 0.461538 0.769231
vt 0.461538 1.000000
vt 0.461538 1.000000
vt 0.461538 0.769231
vt 0.692307 0.769231
vt 0.692307 1.000000
s 0
usemtl Rough_Brushed_Concrete.001
f 5355/11122/2442 5356/11123/2442 5358/11124/2442 5357/11125/2442
f 5357/11126/2443 5358/11127/2443 5362/11128/2443 5361/11129/2443
f 5361/11130/2444 5362/11131/2444 5360/11132/2444 5359/11133/2444
f 5359/11134/2445 5360/11135/2445 5356/11136/2445 5355/11137/2445
f 5357/11138/2446 5361/11139/2446 5359/11140/2446 5355/11141/2446
f 5362/11142/2447 5358/11143/2447 5356/11144/2447 5360/11145/2447
o Cube.013
v -11.029466 0.151725 -0.447928
v -10.912724 0.151725 -0.447928
v -11.022563 0.151725 -0.460265
v -11.015014 0.151725 -0.470978
v -11.006911 0.151725 -0.479934
v -10.998359 0.151725 -0.487019
v -10.989464 0.151725 -0.492144
v -10.980337 0.151725 -0.495246
v -10.971094 0.151725 -0.496284
v -10.961852 0.151725 -0.495246
v -10.952725 0.151725 -0.492144
v -10.943830 0.151725 -0.487019
v -10.935278 0.151725 -0.479934
v -10.927176 0.151725 -0.470978
v -10.919626 0.151725 -0.460265
v -10.912724 1.151725 -0.327243
v -11.029466 1.151725 -0.327243
v -10.919626 1.151725 -0.339580
v -10.927176 1.151725 -0.350294
v -10.935278 1.151725 -0.359249
v -10.943830 1.151725 -0.366334
v -10.952725 1.151725 -0.371460
v -10.961852 1.151725 -0.374561
v -10.971094 1.151725 -0.375599
v -10.980337 1.151725 -0.374561
v -10.989464 1.151725 -0.371460
v -10.998359 1.151725 -0.366334
v -11.006911 1.151725 -0.359249
v -11.015014 1.151725 -0.350294
v -11.022563 1.151725 -0.339580
v -10.912724 0.927702 -0.354279
v -10.919626 0.927702 -0.366616
v -10.927176 0.927702 -0.377330
v -10.935278 0.927702 -0.386285
v -10.943830 0.927702 -0.393370
v -10.952725 0.927702 -0.398496
v -10.961852 0.927702 -0.401597
v -10.971094 0.927702 -0.402635
v -10.980337 0.927702 -0.401597
v -10.989464 0.927702 -0.398496
v -10.998359 0.927702 -0.393370
v -11.006911 0.927702 -0.386285
v -11.015014 0.927702 -0.377330
v -11.022563 0.927702 -0.366616
v -11.029466 0.927702 -0.354279
v -10.918883 0.969629 -0.075380
v -11.023306 0.969629 -0.075380
v -10.924627 0.971596 -0.070845
v -10.930880 0.973409 -0.066862
v -10.937573 0.975012 -0.063474
v -10.944633 0.976350 -0.060717
v -10.951984 0.977367 -0.058623
v -10.959544 0.978013 -0.057214
v -10.967230 0.978237 -0.056506
v -10.974958 0.978237 -0.056506
v -10.982645 0.978013 -0.057214
v -10.990205 0.977367 -0.058623
v -10.997556 0.976350 -0.060717
v -11.004616 0.975012 -0.063474
v -11.011310 0.973409 -0.066862
v -11.017562 0.971596 -0.070845
v -11.021162 1.151650 -0.077561
v -10.921027 1.151650 -0.077561
v -11.015655 1.151646 -0.072796
v -11.009658 1.151642 -0.068609
v -11.003240 1.151639 -0.065048
v -10.996469 1.151637 -0.062151
v -10.989421 1.151635 -0.059950
v -10.982171 1.151633 -0.058470
v -10.974800 1.151633 -0.057725
v -10.967389 1.151633 -0.057725
v -10.960018 1.151633 -0.058470
v -10.952768 1.151635 -0.059950
v -10.945720 1.151637 -0.062151
v -10.938950 1.151639 -0.065048
v -10.932530 1.151642 -0.068609
v -10.926535 1.151646 -0.072796
v -10.783314 0.151725 -0.189109
v -10.798457 0.151725 -0.164670
v -10.781608 0.151725 -0.184865
v -10.780785 0.151725 -0.180750
v -10.780870 0.151725 -0.176889
v -10.781861 0.151725 -0.173400
v -10.783728 0.151725 -0.170387
v -10.786413 0.151725 -0.167944
v -10.789836 0.151725 -0.166144
v -10.793892 0.151725 -0.165041
v -10.850807 1.151708 -0.145041
v -10.843314 1.151725 -0.188424
v -10.858409 1.151725 -0.163985
v -10.847569 1.151711 -0.148702
v -10.844802 1.151714 -0.152994
v -10.842588 1.151716 -0.157787
v -10.840995 1.151719 -0.162936
v -10.840072 1.151721 -0.168283
v -10.839846 1.151722 -0.173666
v -10.840323 1.151724 -0.178923
v -10.841492 1.151724 -0.183892
v -10.829871 0.928296 -0.188575
v -10.843839 0.926807 -0.156531
v -10.828148 0.928287 -0.184216
v -10.827271 0.928231 -0.179759
v -10.827271 0.928128 -0.175338
v -10.828144 0.927983 -0.171088
v -10.829865 0.927800 -0.167138
v -10.832383 0.927584 -0.163609
v -10.835620 0.927341 -0.160607
v -10.839478 0.927080 -0.158224
v -11.143731 0.151725 -0.164670
v -11.158875 0.151725 -0.189109
v -11.148297 0.151725 -0.165041
v -11.152353 0.151725 -0.166144
v -11.155776 0.151725 -0.167944
v -11.158462 0.151725 -0.170387
v -11.160328 0.151725 -0.173400
v -11.161319 0.151725 -0.176889
v -11.161405 0.151725 -0.180750
v -11.160582 0.151725 -0.184865
v -11.098875 1.151725 -0.188424
v -11.091382 1.151708 -0.145041
v -11.083780 1.151725 -0.163985
v -11.100698 1.151724 -0.183892
v -11.101866 1.151724 -0.178923
v -11.102344 1.151722 -0.173666
v -11.102118 1.151721 -0.168283
v -11.101194 1.151719 -0.162936
v -11.099601 1.151716 -0.157787
v -11.097387 1.151714 -0.152994
v -11.094619 1.151711 -0.148702
v -11.112317 0.928296 -0.188575
v -11.098406 0.926810 -0.156341
v -11.114042 0.928287 -0.184213
v -11.114921 0.928231 -0.179747
v -11.114926 0.928129 -0.175312
v -11.114058 0.927984 -0.171043
v -11.112343 0.927801 -0.167070
v -11.109834 0.927585 -0.163514
v -11.106606 0.927343 -0.160482
v -11.102757 0.927082 -0.158066
vn 0.8712 0.0588 -0.4874
vn 0.8155 0.0694 -0.5746
vn 0.7391 0.0807 -0.6687
vn 0.6352 0.0925 -0.7668
vn 0.4965 0.1040 -0.8618
vn 0.3197 0.1135 -0.9407
vn 0.1108 0.1191 -0.9867
vn -0.1108 0.1191 -0.9867
vn -0.3197 0.1135 -0.9407
vn -0.4965 0.1040 -0.8618
vn -0.6352 0.0925 -0.7668
vn -0.7391 0.0807 -0.6687
vn -0.8155 0.0694 -0.5746
vn -0.8712 0.0588 -0.4874
vn 0.6387 0.0159 0.7693
vn 0.5563 0.0141 0.8309
vn 0.4694 0.0123 0.8829
vn 0.3792 0.0106 0.9253
vn 0.2864 0.0091 0.9581
vn 0.1918 0.0080 0.9814
vn 0.0961 0.0073 0.9953
vn -0.0000 0.0070 1.0000
vn -0.0961 0.0073 0.9953
vn -0.1918 0.0080 0.9814
vn -0.2864 0.0091 0.9581
vn -0.3792 0.0106 0.9253
vn -0.4694 0.0123 0.8829
vn -0.5563 0.0141 0.8309
vn -0.6387 0.0159 0.7693
vn 0.0001 1.0000 0.0008
vn 0.0002 1.0000 0.0008
vn 0.0003 1.0000 0.0007
vn 0.0003 1.0000 0.0006
vn 0.0003 1.0000 0.0004
vn 0.0003 1.0000 0.0003
vn 0.0002 1.0000 0.0002
vn 0.0001 1.0000 0.0001
vn -0.0000 1.0000 -0.0000
vn 0.2251 0.0038 0.9743
vn 0.4026 0.0164 0.9152
vn 0.5840 0.0294 0.8113
vn 0.7526 0.0415 0.6571
vn 0.8872 0.0512 0.4586
vn 0.9703 0.0573 0.2348
vn 0.9982 0.0597 0.0109
vn 0.9793 0.0589 -0.1937
vn 0.9275 0.0559 -0.3697
vn 0.5763 -0.0189 0.8171
vn 0.7097 0.0004 0.7045
vn 0.8191 0.0182 0.5733
vn 0.9029 0.0334 0.4285
vn 0.9606 0.0452 0.2742
vn 0.9921 0.0532 0.1140
vn 0.9972 0.0574 -0.0488
vn 0.9757 0.0582 -0.2112
vn 0.9274 0.0560 -0.3699
vn 0.8931 0.0539 -0.4466
vn 0.8931 0.0540 -0.4466
vn 0.7152 -0.0000 0.6990
vn -0.0001 1.0000 -0.0000
vn -0.0002 1.0000 0.0001
vn -0.0002 1.0000 0.0002
vn -0.0003 1.0000 0.0003
vn -0.0003 1.0000 0.0004
vn -0.0003 1.0000 0.0006
vn -0.0003 1.0000 0.0007
vn -0.0002 1.0000 0.0008
vn -0.0001 1.0000 0.0008
vn -0.5791 -0.0179 0.8151
vn -0.7119 0.0012 0.7023
vn -0.8206 0.0188 0.5713
vn -0.9037 0.0337 0.4268
vn -0.9610 0.0454 0.2729
vn -0.9921 0.0533 0.1133
vn -0.9971 0.0574 -0.0491
vn -0.9757 0.0582 -0.2113
vn -0.9274 0.0560 -0.3698
vn -0.2287 0.0038 0.9735
vn -0.4061 0.0165 0.9137
vn -0.5869 0.0294 0.8092
vn -0.7546 0.0415 0.6549
vn -0.8882 0.0512 0.4567
vn -0.9706 0.0573 0.2336
vn -0.9982 0.0597 0.0104
vn -0.9793 0.0589 -0.1938
vn -0.9275 0.0559 -0.3697
vn -0.0000 -1.0000 -0.0000
vn -0.8931 0.0539 -0.4466
vn 0.0003 -0.0106 0.9999
vn -0.7146 0.0004 0.6995
vn -0.8931 0.0540 -0.4466
vn -0.0000 1.0000 0.0009
vn 0.0002 -0.8864 0.4628
vt 0.593355 0.161702
vt 0.536456 0.720645
vt 0.527089 0.720587
vt 0.583988 0.161643
vt 0.518830 0.720474
vt 0.575730 0.161531
vt 0.511786 0.720310
vt 0.568685 0.161366
vt 0.792317 0.436216
vt 0.792317 0.998590
vt 0.785671 0.999201
vt 0.785671 0.436826
vt 0.778925 0.999643
vt 0.778925 0.437268
vt 0.772163 0.999910
vt 0.772163 0.437536
vt 0.765472 1.000000
vt 0.765472 0.437625
vt 0.758935 0.999910
vt 0.758935 0.437536
vt 0.752635 0.999643
vt 0.752635 0.437268
vt 0.746650 0.999201
vt 0.746650 0.436826
vt 0.454422 0.161385
vt 0.511786 0.720398
vt 0.505714 0.720610
vt 0.448351 0.161598
vt 0.498372 0.720769
vt 0.441009 0.161756
vt 0.489851 0.720872
vt 0.432488 0.161860
vt 0.480259 0.720919
vt 0.422896 0.161907
vt 0.415927 0.000474
vt 0.406335 0.000521
vt 0.424448 0.000371
vt 0.431790 0.000212
vt 0.437862 0.000000
vt 0.752635 0.274912
vt 0.746650 0.274470
vt 0.758935 0.275180
vt 0.765472 0.275269
vt 0.772163 0.275180
vt 0.778925 0.274912
vt 0.785671 0.274470
vt 0.792317 0.273860
vt 0.592156 0.000165
vt 0.585112 0.000000
vt 0.600415 0.000277
vt 0.609782 0.000336
vt 0.095282 0.131487
vt 0.096824 0.000513
vt 0.100786 0.000545
vt 0.099413 0.130100
vt 0.105098 0.000574
vt 0.103910 0.128821
vt 0.109715 0.000598
vt 0.108725 0.127688
vt 0.114586 0.000618
vt 0.113804 0.126743
vt 0.119657 0.000633
vt 0.119092 0.126023
vt 0.124872 0.000643
vt 0.124531 0.125568
vt 0.130175 0.000648
vt 0.130061 0.125411
vt 0.135508 0.000648
vt 0.135622 0.125411
vt 0.140812 0.000643
vt 0.141153 0.125568
vt 0.146028 0.000633
vt 0.146593 0.126023
vt 0.151100 0.000618
vt 0.151882 0.126743
vt 0.155973 0.000598
vt 0.156963 0.127688
vt 0.160592 0.000574
vt 0.161780 0.128820
vt 0.164908 0.000545
vt 0.166280 0.130100
vt 0.168872 0.000513
vt 0.170414 0.131487
vt -0.000000 0.788420
vt 0.000146 0.784907
vt 0.013388 0.782382
vt 0.000849 0.781300
vt 0.002090 0.777710
vt 0.003831 0.774245
vt 0.006017 0.771010
vt 0.008584 0.768104
vt 0.011453 0.765616
vt 0.014536 0.763620
vt 0.017741 0.762178
vt 0.041313 0.161795
vt 0.008665 0.719404
vt 0.005380 0.719401
vt 0.038175 0.161588
vt 0.002462 0.719395
vt 0.035400 0.161385
vt -0.000000 0.719383
vt 0.033072 0.161192
vt 0.736050 0.161649
vt 0.746650 0.720773
vt 0.745115 0.720922
vt 0.733723 0.161655
vt 0.743109 0.721049
vt 0.731033 0.161660
vt 0.740692 0.721149
vt 0.728062 0.161664
vt 0.737938 0.721219
vt 0.724899 0.161667
vt 0.734931 0.721258
vt 0.721642 0.161670
vt 0.731762 0.721264
vt 0.718388 0.161671
vt 0.046322 0.000053
vt 0.043994 0.000029
vt 0.042004 0.000000
vt 0.739751 0.000000
vt 0.737944 0.161643
vt 0.736499 0.000169
vt 0.732944 0.000320
vt 0.729193 0.000448
vt 0.725362 0.000550
vt 0.721566 0.000622
vt 0.717920 0.000661
vt 0.714535 0.000668
vt 0.150324 0.889588
vt 0.149010 0.892847
vt 0.130309 0.894741
vt 0.147138 0.896008
vt 0.144766 0.898973
vt 0.141965 0.901653
vt 0.138820 0.903967
vt 0.135426 0.905843
vt 0.131888 0.907226
vt 0.128312 0.908073
vt 0.124808 0.908358
vt 0.224476 0.161794
vt 0.219418 0.000053
vt 0.221748 0.000029
vt 0.227608 0.161587
vt 0.223741 -0.000000
vt 0.230377 0.161385
vt 0.276050 0.161640
vt 0.274482 0.000000
vt 0.277608 0.000177
vt 0.277806 0.161654
vt 0.281063 0.000337
vt 0.280022 0.161667
vt 0.284740 0.000473
vt 0.282631 0.161679
vt 0.288528 0.000582
vt 0.285552 0.161690
vt 0.292313 0.000660
vt 0.288698 0.161700
vt 0.295979 0.000706
vt 0.291972 0.161708
vt 0.299415 0.000717
vt 0.295276 0.161714
vt 0.257093 0.719404
vt 0.260378 0.719401
vt 0.263297 0.719395
vt 0.232701 0.161192
vt 0.265760 0.719383
vt 0.234508 0.161014
vt 0.267693 0.719368
vt 0.267693 0.720916
vt 0.269600 0.721048
vt 0.271952 0.721153
vt 0.274678 0.721229
vt 0.277696 0.721273
vt 0.280914 0.721284
vt 0.780440 0.178923
vt 0.771819 0.173956
vt 0.764333 0.168524
vt 0.758075 0.162694
vt 0.753124 0.156541
vt 0.749542 0.150140
vt 0.747375 0.143574
vt 0.746650 0.136924
vt 0.747375 0.130274
vt 0.749542 0.123707
vt 0.753124 0.117307
vt 0.758075 0.111153
vt 0.764333 0.105324
vt 0.771819 0.099892
vt 0.780440 0.094926
vt 0.961299 0.001820
vt 0.964265 0.000592
vt 0.967140 -0.000000
vt 0.969838 0.000061
vt 0.972276 0.000775
vt 0.974381 0.002118
vt 0.976089 0.004050
vt 0.977347 0.006513
vt 0.978117 0.009431
vt 0.978377 0.012716
vt 0.978377 0.261144
vt 0.978117 0.264429
vt 0.977347 0.267348
vt 0.976089 0.269810
vt 0.974381 0.271742
vt 0.972276 0.273085
vt 0.969838 0.273798
vt 0.967140 0.273860
vt 0.964265 0.273267
vt 0.961299 0.272040
vt 0.054736 0.908358
vt 0.049503 0.908085
vt 0.044305 0.907267
vt 0.039200 0.905915
vt 0.034243 0.904042
vt 0.029489 0.901670
vt 0.024990 0.898824
vt 0.020795 0.895535
vt 0.016950 0.891841
vt 0.013497 0.887780
vt 0.010475 0.883397
vt 0.007915 0.878741
vt 0.005847 0.873863
vt 0.004292 0.868816
vt 0.003269 0.863654
vt 0.002787 0.858436
vt 0.122958 0.724764
vt 0.132689 0.721805
vt 0.141947 0.720011
vt 0.150616 0.719404
vt 0.158585 0.719992
vt 0.165755 0.721768
vt 0.172036 0.724709
vt 0.177348 0.728778
vt 0.181626 0.733924
vt 0.184814 0.740083
vt 0.186874 0.747177
vt 0.187778 0.755116
vt 0.187517 0.763802
vt 0.186092 0.773124
vt 0.183523 0.782965
vt 0.870966 0.273860
vt 0.870966 0.457023
vt 0.806956 0.402983
vt 0.803453 0.398848
vt 0.800362 0.394347
vt 0.797723 0.389529
vt 0.795572 0.384447
vt 0.793938 0.379157
vt 0.792847 0.373717
vt 0.792317 0.368186
vt 0.792321 0.362626
vt 0.792859 0.357096
vt 0.793958 0.351657
vt 0.795599 0.346369
vt 0.797759 0.341291
vt 0.800405 0.336477
vt 0.803502 0.331980
vt 0.807011 0.327850
s 0
usemtl Brushed_metal
f 5393/11146/2448 5364/11147/2448 5377/11148/2448 5394/11149/2448
f 5394/11149/2449 5377/11148/2449 5376/11150/2449 5395/11151/2449
f 5395/11151/2450 5376/11150/2450 5375/11152/2450 5396/11153/2450
f 5396/11154/2451 5375/11155/2451 5374/11156/2451 5397/11157/2451
f 5397/11157/2452 5374/11156/2452 5373/11158/2452 5398/11159/2452
f 5398/11159/2453 5373/11158/2453 5372/11160/2453 5399/11161/2453
f 5399/11161/2454 5372/11160/2454 5371/11162/2454 5400/11163/2454
f 5400/11163/2455 5371/11162/2455 5370/11164/2455 5401/11165/2455
f 5401/11165/2456 5370/11164/2456 5369/11166/2456 5402/11167/2456
f 5402/11167/2457 5369/11166/2457 5368/11168/2457 5403/11169/2457
f 5403/11170/2458 5368/11171/2458 5367/11172/2458 5404/11173/2458
f 5404/11173/2459 5367/11172/2459 5366/11174/2459 5405/11175/2459
f 5405/11175/2460 5366/11174/2460 5365/11176/2460 5406/11177/2460
f 5406/11177/2461 5365/11176/2461 5363/11178/2461 5407/11179/2461
f 5392/11180/2461 5406/11177/2461 5407/11179/2461 5379/11181/2461
f 5391/11182/2460 5405/11175/2460 5406/11177/2460 5392/11180/2460
f 5390/11183/2459 5404/11173/2459 5405/11175/2459 5391/11182/2459
f 5389/11184/2458 5403/11170/2458 5404/11173/2458 5390/11183/2458
f 5388/11185/2457 5402/11167/2457 5403/11169/2457 5389/11186/2457
f 5387/11187/2456 5401/11165/2456 5402/11167/2456 5388/11185/2456
f 5386/11188/2455 5400/11163/2455 5401/11165/2455 5387/11187/2455
f 5385/11189/2454 5399/11161/2454 5400/11163/2454 5386/11188/2454
f 5384/11190/2453 5398/11159/2453 5399/11161/2453 5385/11189/2453
f 5383/11191/2452 5397/11157/2452 5398/11159/2452 5384/11190/2452
f 5382/11192/2451 5396/11154/2451 5397/11157/2451 5383/11191/2451
f 5381/11193/2450 5395/11151/2450 5396/11153/2450 5382/11194/2450
f 5380/11195/2449 5394/11149/2449 5395/11151/2449 5381/11193/2449
f 5378/11196/2448 5393/11146/2448 5394/11149/2448 5380/11195/2448
f 5408/11197/2462 5425/11198/2462 5439/11199/2462 5410/11200/2462
f 5410/11200/2463 5439/11199/2463 5438/11201/2463 5411/11202/2463
f 5411/11202/2464 5438/11201/2464 5437/11203/2464 5412/11204/2464
f 5412/11204/2465 5437/11203/2465 5436/11205/2465 5413/11206/2465
f 5413/11206/2466 5436/11205/2466 5435/11207/2466 5414/11208/2466
f 5414/11208/2467 5435/11207/2467 5434/11209/2467 5415/11210/2467
f 5415/11210/2468 5434/11209/2468 5433/11211/2468 5416/11212/2468
f 5416/11212/2469 5433/11211/2469 5432/11213/2469 5417/11214/2469
f 5417/11214/2470 5432/11213/2470 5431/11215/2470 5418/11216/2470
f 5418/11216/2471 5431/11215/2471 5430/11217/2471 5419/11218/2471
f 5419/11218/2472 5430/11217/2472 5429/11219/2472 5420/11220/2472
f 5420/11220/2473 5429/11219/2473 5428/11221/2473 5421/11222/2473
f 5421/11222/2474 5428/11221/2474 5427/11223/2474 5422/11224/2474
f 5422/11224/2475 5427/11223/2475 5426/11225/2475 5423/11226/2475
f 5423/11226/2476 5426/11225/2476 5424/11227/2476 5409/11228/2476
f 5450/11229/2477 5453/11230/2477 5452/11231/2477
f 5453/11230/2478 5454/11232/2478 5452/11231/2478
f 5454/11232/2479 5455/11233/2479 5452/11231/2479
f 5455/11233/2480 5456/11234/2480 5452/11231/2480
f 5456/11234/2481 5457/11235/2481 5452/11231/2481
f 5457/11235/2482 5458/11236/2482 5452/11231/2482
f 5458/11236/2483 5459/11237/2483 5452/11231/2483
f 5459/11237/2484 5460/11238/2484 5452/11231/2484
f 5460/11238/2485 5451/11239/2485 5452/11231/2485
f 5462/11240/2486 5441/11241/2486 5449/11242/2486 5470/11243/2486
f 5470/11243/2487 5449/11242/2487 5448/11244/2487 5469/11245/2487
f 5469/11245/2488 5448/11244/2488 5447/11246/2488 5468/11247/2488
f 5468/11248/2489 5447/11249/2489 5446/11250/2489 5467/11251/2489
f 5467/11251/2490 5446/11250/2490 5445/11252/2490 5466/11253/2490
f 5466/11253/2491 5445/11252/2491 5444/11254/2491 5465/11255/2491
f 5465/11255/2492 5444/11254/2492 5443/11256/2492 5464/11257/2492
f 5464/11257/2493 5443/11256/2493 5442/11258/2493 5463/11259/2493
f 5463/11259/2494 5442/11258/2494 5440/11260/2494 5461/11261/2494
f 5450/11262/2495 5462/11240/2495 5470/11243/2495 5453/11263/2495
f 5453/11263/2496 5470/11243/2496 5469/11245/2496 5454/11264/2496
f 5454/11265/2497 5469/11266/2497 5468/11248/2497 5455/11267/2497
f 5455/11267/2498 5468/11248/2498 5467/11251/2498 5456/11268/2498
f 5456/11268/2499 5467/11251/2499 5466/11253/2499 5457/11269/2499
f 5457/11269/2500 5466/11253/2500 5465/11255/2500 5458/11270/2500
f 5458/11270/2501 5465/11255/2501 5464/11257/2501 5459/11271/2501
f 5459/11271/2502 5464/11257/2502 5463/11259/2502 5460/11272/2502
f 5460/11272/2503 5463/11259/2503 5461/11261/2503 5451/11273/2503
f 5364/11147/2504 5393/11146/2504 5461/11261/2504 5440/11260/2504
f 5393/11146/2505 5378/11196/2505 5451/11273/2505 5461/11261/2505
f 5462/11240/2506 5450/11262/2506 5425/11198/2506 5408/11197/2506
f 5481/11274/2507 5484/11275/2507 5483/11276/2507
f 5484/11275/2508 5485/11277/2508 5483/11276/2508
f 5485/11277/2509 5486/11278/2509 5483/11276/2509
f 5486/11278/2510 5487/11279/2510 5483/11276/2510
f 5487/11279/2511 5488/11280/2511 5483/11276/2511
f 5488/11280/2512 5489/11281/2512 5483/11276/2512
f 5489/11281/2513 5490/11282/2513 5483/11276/2513
f 5490/11282/2514 5491/11283/2514 5483/11276/2514
f 5491/11283/2515 5482/11284/2515 5483/11276/2515
f 5493/11285/2516 5482/11286/2516 5491/11287/2516 5501/11288/2516
f 5501/11288/2517 5491/11287/2517 5490/11289/2517 5500/11290/2517
f 5500/11291/2518 5490/11292/2518 5489/11293/2518 5499/11294/2518
f 5499/11294/2519 5489/11293/2519 5488/11295/2519 5498/11296/2519
f 5498/11296/2520 5488/11295/2520 5487/11297/2520 5497/11298/2520
f 5497/11298/2521 5487/11297/2521 5486/11299/2521 5496/11300/2521
f 5496/11300/2522 5486/11299/2522 5485/11301/2522 5495/11302/2522
f 5495/11302/2523 5485/11301/2523 5484/11303/2523 5494/11304/2523
f 5494/11304/2524 5484/11303/2524 5481/11305/2524 5492/11306/2524
f 5471/11307/2525 5493/11285/2525 5501/11288/2525 5473/11308/2525
f 5473/11308/2526 5501/11288/2526 5500/11290/2526 5474/11309/2526
f 5474/11309/2527 5500/11290/2527 5499/11310/2527 5475/11311/2527
f 5475/11311/2528 5499/11310/2528 5498/11312/2528 5476/11313/2528
f 5476/11314/2529 5498/11296/2529 5497/11298/2529 5477/11315/2529
f 5477/11315/2530 5497/11298/2530 5496/11300/2530 5478/11316/2530
f 5478/11316/2531 5496/11300/2531 5495/11302/2531 5479/11317/2531
f 5479/11317/2532 5495/11302/2532 5494/11304/2532 5480/11318/2532
f 5480/11318/2533 5494/11304/2533 5492/11306/2533 5472/11319/2533
f 5363/11320/2534 5365/11321/2534 5366/11322/2534 5367/11323/2534 5368/11324/2534 5369/11325/2534 5370/11326/2534 5371/11327/2534 5372/11328/2534 5373/11329/2534 5374/11330/2534 5375/11331/2534 5376/11332/2534 5377/11333/2534 5364/11334/2534 5440/11335/2534 5442/11336/2534 5443/11337/2534 5444/11338/2534 5445/11339/2534 5446/11340/2534 5447/11341/2534 5448/11342/2534 5449/11343/2534 5441/11344/2534 5471/11345/2534 5473/11346/2534 5474/11347/2534 5475/11348/2534 5476/11349/2534 5477/11350/2534 5478/11351/2534 5479/11352/2534 5480/11353/2534 5472/11354/2534
f 5472/11319/2535 5492/11306/2535 5407/11179/2535 5363/11178/2535
f 5441/11241/2536 5462/11240/2536 5493/11285/2536 5471/11307/2536
f 5482/11286/2537 5493/11285/2537 5409/11228/2537 5424/11227/2537
f 5492/11306/2538 5481/11305/2538 5379/11181/2538 5407/11179/2538
f 5450/11229/2539 5452/11231/2539 5483/11276/2539 5482/11284/2539 5424/11355/2539 5426/11356/2539 5427/11357/2539 5428/11358/2539 5429/11359/2539 5430/11360/2539 5431/11361/2539 5432/11362/2539 5433/11363/2539 5434/11364/2539 5435/11365/2539 5436/11366/2539 5437/11367/2539 5438/11368/2539 5439/11369/2539 5425/11370/2539
f 5378/11371/2485 5380/11372/2485 5381/11373/2485 5382/11374/2485 5383/11375/2485 5384/11376/2485 5385/11377/2485 5386/11378/2485 5387/11379/2485 5388/11380/2485 5389/11381/2485 5390/11382/2485 5391/11383/2485 5392/11384/2485 5379/11385/2485 5481/11274/2485 5483/11276/2485 5452/11231/2485 5451/11239/2485
f 5493/11386/2540 5462/11387/2540 5408/11388/2540 5410/11389/2540 5411/11390/2540 5412/11391/2540 5413/11392/2540 5414/11393/2540 5415/11394/2540 5416/11395/2540 5417/11396/2540 5418/11397/2540 5419/11398/2540 5420/11399/2540 5421/11400/2540 5422/11401/2540 5423/11402/2540 5409/11403/2540
o Cube.018
v -11.652260 0.003524 15.176662
v -11.652260 3.663524 15.178452
v -11.652260 0.003524 12.286356
v -11.652260 3.663524 12.288145
v -10.313078 0.003524 15.176662
v -10.313078 3.663524 15.178452
v -10.313078 0.003524 12.286356
v -10.313078 3.663524 12.288145
vn -1.0000 -0.0000 -0.0000
vn -0.0000 0.0005 -1.0000
vn 1.0000 -0.0000 -0.0000
vn -0.0000 -0.0005 1.0000
vn -0.0000 -1.0000 -0.0000
vn -0.0000 1.0000 -0.0000
vt 0.375000 -0.061443
vt 0.625000 -0.061890
vt 0.625000 0.660686
vt 0.375000 0.661134
vt 0.375000 0.353726
vt 0.625000 0.353726
vt 0.625000 0.688522
vt 0.375000 0.688522
vt 0.375000 0.088866
vt 0.625000 0.089313
vt 0.625000 0.811890
vt 0.375000 0.811443
vt 0.375000 0.561478
vt 0.625000 0.561479
vt 0.625000 0.896274
vt 0.375000 0.896274
vt 0.228727 0.088866
vt 0.563522 0.088866
vt 0.563521 0.811443
vt 0.228726 0.811443
vt 0.436478 0.089314
vt 0.771273 0.089314
vt 0.771273 0.811890
vt 0.436478 0.811890
s 0
usemtl White_plaster
f 5502/11404/2541 5503/11405/2541 5505/11406/2541 5504/11407/2541
f 5504/11408/2542 5505/11409/2542 5509/11410/2542 5508/11411/2542
f 5508/11412/2543 5509/11413/2543 5507/11414/2543 5506/11415/2543
f 5506/11416/2544 5507/11417/2544 5503/11418/2544 5502/11419/2544
f 5504/11420/2545 5508/11421/2545 5506/11422/2545 5502/11423/2545
f 5509/11424/2546 5505/11425/2546 5503/11426/2546 5507/11427/2546
o Cube.019
v 7.349866 0.003524 15.177717
v 7.349866 3.663524 15.179506
v 7.349866 0.003524 12.287411
v 7.349866 3.663524 12.289200
v 8.689048 0.003524 15.177717
v 8.689048 3.663524 15.179506
v 8.689048 0.003524 12.287411
v 8.689048 3.663524 12.289200
vn -1.0000 -0.0000 -0.0000
vn -0.0000 0.0005 -1.0000
vn 1.0000 -0.0000 -0.0000
vn -0.0000 -0.0005 1.0000
vn -0.0000 -1.0000 -0.0000
vn -0.0000 1.0000 -0.0000
vt 0.375000 -0.061707
vt 0.625000 -0.062154
vt 0.625000 0.660423
vt 0.375000 0.660870
vt 0.375001 0.347948
vt 0.625001 0.347948
vt 0.625001 0.682744
vt 0.375001 0.682744
vt 0.375000 0.089130
vt 0.625000 0.089577
vt 0.625000 0.812154
vt 0.375000 0.811707
vt 0.375000 0.567256
vt 0.625001 0.567257
vt 0.625000 0.902052
vt 0.375001 0.902052
vt 0.222948 0.089130
vt 0.557744 0.089130
vt 0.557743 0.811706
vt 0.222948 0.811706
vt 0.442256 0.089577
vt 0.777052 0.089577
vt 0.777051 0.812153
vt 0.442256 0.812153
s 0
usemtl White_plaster
f 5510/11428/2547 5511/11429/2547 5513/11430/2547 5512/11431/2547
f 5512/11432/2548 5513/11433/2548 5517/11434/2548 5516/11435/2548
f 5516/11436/2549 5517/11437/2549 5515/11438/2549 5514/11439/2549
f 5514/11440/2550 5515/11441/2550 5511/11442/2550 5510/11443/2550
f 5512/11444/2551 5516/11445/2551 5514/11446/2551 5510/11447/2551
f 5517/11448/2552 5513/11449/2552 5511/11450/2552 5515/11451/2552
